,subid,uuid,gender,test_trial,age_in_years,exp_start,option1,option2,trial_audio,selected_image,lang,parent_mask,peer_mask,own_mask
1,66502,e28fde94-5d19-4cbf-a096-bfa420a52594,m,11-null,2.183561644,3/29/21 14:35,scared4,happy1,Scared_2_pause_2,option1,en es,Sometimes,Sometimes,Never
2,66502,e28fde94-5d19-4cbf-a096-bfa420a52594,m,12-null,2.183561644,3/29/21 14:35,happy6,angry2,Happy_2_pause_2,option1,en es,Sometimes,Sometimes,Never
3,66502,e28fde94-5d19-4cbf-a096-bfa420a52594,m,13-null,2.183561644,3/29/21 14:35,angry3,sad1,Sad_1_pause_2,option2,en es,Sometimes,Sometimes,Never
4,66502,e28fde94-5d19-4cbf-a096-bfa420a52594,m,14-null,2.183561644,3/29/21 14:35,angry5,scared6,Angry_2_pause_2,option1,en es,Sometimes,Sometimes,Never
5,66502,e28fde94-5d19-4cbf-a096-bfa420a52594,m,16-null,2.183561644,3/29/21 14:35,angry3,sad5,Angry_2_pause_2,option2,en es,Sometimes,Sometimes,Never
6,66502,e28fde94-5d19-4cbf-a096-bfa420a52594,m,17-null,2.183561644,3/29/21 14:35,scared5,happy1,Happy_1_pause_2,option2,en es,Sometimes,Sometimes,Never
7,66502,e28fde94-5d19-4cbf-a096-bfa420a52594,m,18-null,2.183561644,3/29/21 14:35,scared1,angry1,Scared_1_pause_2,option2,en es,Sometimes,Sometimes,Never
8,66502,e28fde94-5d19-4cbf-a096-bfa420a52594,m,19-null,2.183561644,3/29/21 14:35,scared2,sad2,Sad_1_pause_2,option2,en es,Sometimes,Sometimes,Never
9,66502,e28fde94-5d19-4cbf-a096-bfa420a52594,m,20-null,2.183561644,3/29/21 14:35,scared3,sad3,Sad_2_pause_2,option1,en es,Sometimes,Sometimes,Never
10,66502,e28fde94-5d19-4cbf-a096-bfa420a52594,m,21-null,2.183561644,3/29/21 14:35,happy2,angry4,Angry_2_pause_2,option2,en es,Sometimes,Sometimes,Never
11,66502,e28fde94-5d19-4cbf-a096-bfa420a52594,m,22-null,2.183561644,3/29/21 14:35,happy4,sad4,Sad_2_pause_2,option2,en es,Sometimes,Sometimes,Never
12,66502,e28fde94-5d19-4cbf-a096-bfa420a52594,m,23-null,2.183561644,3/29/21 14:35,sad1,angry6,Angry_1_pause_2,option2,en es,Sometimes,Sometimes,Never
13,66502,e28fde94-5d19-4cbf-a096-bfa420a52594,m,24-null,2.183561644,3/29/21 14:35,sad6,scared6,Scared_2_pause_2,option2,en es,Sometimes,Sometimes,Never
14,66502,e28fde94-5d19-4cbf-a096-bfa420a52594,m,25-null,2.183561644,3/29/21 14:35,angry4,happy3,Happy_1_pause_2,option2,en es,Sometimes,Sometimes,Never
15,66502,e28fde94-5d19-4cbf-a096-bfa420a52594,m,26-null,2.183561644,3/29/21 14:35,sad4,happy2,Happy_2_pause_2,I_dont_know,en es,Sometimes,Sometimes,Never
16,66502,e28fde94-5d19-4cbf-a096-bfa420a52594,m,27-null,2.183561644,3/29/21 14:35,angry2,happy5,Angry_1_pause_2,I_dont_know,en es,Sometimes,Sometimes,Never
17,66502,e28fde94-5d19-4cbf-a096-bfa420a52594,m,28-null,2.183561644,3/29/21 14:35,angry1,scared4,Angry_1_pause_2,I_dont_know,en es,Sometimes,Sometimes,Never
18,66502,e28fde94-5d19-4cbf-a096-bfa420a52594,m,29-null,2.183561644,3/29/21 14:35,sad5,angry6,Sad_2_pause_2,I_dont_know,en es,Sometimes,Sometimes,Never
19,66502,e28fde94-5d19-4cbf-a096-bfa420a52594,m,30-null,2.183561644,3/29/21 14:35,happy5,scared1,Happy_1_pause_2,I_dont_know,en es,Sometimes,Sometimes,Never
20,66502,e28fde94-5d19-4cbf-a096-bfa420a52594,m,31-null,2.183561644,3/29/21 14:35,happy3,scared5,Scared_1_pause_2,option1,en es,Sometimes,Sometimes,Never
21,66502,e28fde94-5d19-4cbf-a096-bfa420a52594,m,32-null,2.183561644,3/29/21 14:35,angry5,scared2,Scared_2_pause_2,I_dont_know,en es,Sometimes,Sometimes,Never
22,66502,e28fde94-5d19-4cbf-a096-bfa420a52594,m,33-null,2.183561644,3/29/21 14:35,happy4,sad2,Happy_2_pause_2,option2,en es,Sometimes,Sometimes,Never
23,66502,e28fde94-5d19-4cbf-a096-bfa420a52594,m,34-null,2.183561644,3/29/21 14:35,happy6,sad6,Sad_1_pause_2,I_dont_know,en es,Sometimes,Sometimes,Never
24,66554,2e7b00db-b8cb-4a2e-aad7-004bc0ef7c06,m,11-null,4.065753425,3/30/21 12:22,happy4,scared2,Happy_2_pause_2,option1,en,Often,Often,Often
25,66554,2e7b00db-b8cb-4a2e-aad7-004bc0ef7c06,m,12-null,4.065753425,3/30/21 12:22,happy6,angry1,Angry_2_pause_2,option2,en,Often,Often,Often
26,66554,2e7b00db-b8cb-4a2e-aad7-004bc0ef7c06,m,13-null,4.065753425,3/30/21 12:22,angry5,happy6,Happy_1_pause_2,option2,en,Often,Often,Often
27,66554,2e7b00db-b8cb-4a2e-aad7-004bc0ef7c06,m,14-null,4.065753425,3/30/21 12:22,angry6,scared3,Angry_2_pause_2,option1,en,Often,Often,Often
28,66554,2e7b00db-b8cb-4a2e-aad7-004bc0ef7c06,m,16-null,4.065753425,3/30/21 12:22,happy2,angry4,Happy_2_pause_2,option1,en,Often,Often,Often
29,66554,2e7b00db-b8cb-4a2e-aad7-004bc0ef7c06,m,17-null,4.065753425,3/30/21 12:22,sad3,scared5,Sad_1_pause_2,option1,en,Often,Often,Often
30,66554,2e7b00db-b8cb-4a2e-aad7-004bc0ef7c06,m,18-null,4.065753425,3/30/21 12:22,scared6,sad4,Scared_1_pause_2,option1,en,Often,Often,Often
31,66554,2e7b00db-b8cb-4a2e-aad7-004bc0ef7c06,m,19-null,4.065753425,3/30/21 12:22,scared1,happy2,Scared_2_pause_2,option1,en,Often,Often,Often
32,66554,2e7b00db-b8cb-4a2e-aad7-004bc0ef7c06,m,20-null,4.065753425,3/30/21 12:22,angry2,scared2,Scared_1_pause_2,option2,en,Often,Often,Often
33,66554,2e7b00db-b8cb-4a2e-aad7-004bc0ef7c06,m,21-null,4.065753425,3/30/21 12:22,scared3,angry3,Scared_2_pause_2,option2,en,Often,Often,Often
34,66554,2e7b00db-b8cb-4a2e-aad7-004bc0ef7c06,m,22-null,4.065753425,3/30/21 12:22,angry5,scared4,Angry_2_pause_2,option1,en,Often,Often,Often
35,66554,2e7b00db-b8cb-4a2e-aad7-004bc0ef7c06,m,23-null,4.065753425,3/30/21 12:22,sad1,angry2,Angry_1_pause_2,option2,en,Often,Often,Often
36,66554,2e7b00db-b8cb-4a2e-aad7-004bc0ef7c06,m,24-null,4.065753425,3/30/21 12:22,happy3,scared5,Scared_2_pause_2,option2,en,Often,Often,Often
37,66554,2e7b00db-b8cb-4a2e-aad7-004bc0ef7c06,m,25-null,4.065753425,3/30/21 12:22,angry3,happy5,Angry_1_pause_2,option1,en,Often,Often,Often
38,66554,2e7b00db-b8cb-4a2e-aad7-004bc0ef7c06,m,26-null,4.065753425,3/30/21 12:22,angry6,sad4,Sad_2_pause_2,option2,en,Often,Often,Often
39,66554,2e7b00db-b8cb-4a2e-aad7-004bc0ef7c06,m,27-null,4.065753425,3/30/21 12:22,scared1,sad1,Sad_2_pause_2,option2,en,Often,Often,Often
40,66554,2e7b00db-b8cb-4a2e-aad7-004bc0ef7c06,m,28-null,4.065753425,3/30/21 12:22,sad6,angry4,Angry_1_pause_2,option2,en,Often,Often,Often
41,66554,2e7b00db-b8cb-4a2e-aad7-004bc0ef7c06,m,29-null,4.065753425,3/30/21 12:22,sad2,happy1,Sad_1_pause_2,option1,en,Often,Often,Often
42,66554,2e7b00db-b8cb-4a2e-aad7-004bc0ef7c06,m,30-null,4.065753425,3/30/21 12:22,sad3,happy5,Happy_2_pause_2,option2,en,Often,Often,Often
43,66554,2e7b00db-b8cb-4a2e-aad7-004bc0ef7c06,m,31-null,4.065753425,3/30/21 12:22,happy1,scared6,Happy_1_pause_2,option1,en,Often,Often,Often
44,66554,2e7b00db-b8cb-4a2e-aad7-004bc0ef7c06,m,32-null,4.065753425,3/30/21 12:22,sad5,happy4,Sad_1_pause_2,option1,en,Often,Often,Often
45,66554,2e7b00db-b8cb-4a2e-aad7-004bc0ef7c06,m,33-null,4.065753425,3/30/21 12:22,scared4,sad2,Scared_1_pause_2,option1,en,Often,Often,Often
46,66554,2e7b00db-b8cb-4a2e-aad7-004bc0ef7c06,m,34-null,4.065753425,3/30/21 12:22,sad6,angry1,Sad_2_pause_2,option1,en,Often,Often,Often
47,66564,77e64a00-d5ce-4f71-85f8-3a968f74b638,m,11-null,3.04109589,3/30/21 14:17,sad4,happy6,Happy_1_pause_2,option2,en,Often,Sometimes,Sometimes
48,66564,77e64a00-d5ce-4f71-85f8-3a968f74b638,m,12-null,3.04109589,3/30/21 14:17,sad5,scared2,Sad_2_pause_2,option1,en,Often,Sometimes,Sometimes
49,66564,77e64a00-d5ce-4f71-85f8-3a968f74b638,m,13-null,3.04109589,3/30/21 14:17,scared4,sad5,Scared_1_pause_2,option1,en,Often,Sometimes,Sometimes
50,66564,77e64a00-d5ce-4f71-85f8-3a968f74b638,m,14-null,3.04109589,3/30/21 14:17,sad6,scared5,Sad_2_pause_2,option1,en,Often,Sometimes,Sometimes
51,66564,77e64a00-d5ce-4f71-85f8-3a968f74b638,m,16-null,3.04109589,3/30/21 14:17,angry2,scared6,Scared_2_pause_2,option2,en,Often,Sometimes,Sometimes
52,66564,77e64a00-d5ce-4f71-85f8-3a968f74b638,m,17-null,3.04109589,3/30/21 14:17,sad2,scared3,Scared_1_pause_2,option2,en,Often,Sometimes,Sometimes
53,66564,77e64a00-d5ce-4f71-85f8-3a968f74b638,m,18-null,3.04109589,3/30/21 14:17,angry3,happy2,Happy_2_pause_2,option2,en,Often,Sometimes,Sometimes
54,66564,77e64a00-d5ce-4f71-85f8-3a968f74b638,m,19-null,3.04109589,3/30/21 14:17,sad4,happy1,Sad_1_pause_2,option1,en,Often,Sometimes,Sometimes
55,66564,77e64a00-d5ce-4f71-85f8-3a968f74b638,m,20-null,3.04109589,3/30/21 14:17,sad3,angry4,Angry_2_pause_2,option2,en,Often,Sometimes,Sometimes
56,66564,77e64a00-d5ce-4f71-85f8-3a968f74b638,m,21-null,3.04109589,3/30/21 14:17,angry5,scared3,Angry_1_pause_2,option1,en,Often,Sometimes,Sometimes
57,66564,77e64a00-d5ce-4f71-85f8-3a968f74b638,m,22-null,3.04109589,3/30/21 14:17,happy3,scared1,Happy_2_pause_2,option1,en,Often,Sometimes,Sometimes
58,66564,77e64a00-d5ce-4f71-85f8-3a968f74b638,m,23-null,3.04109589,3/30/21 14:17,sad3,happy5,Sad_1_pause_2,option1,en,Often,Sometimes,Sometimes
59,66564,77e64a00-d5ce-4f71-85f8-3a968f74b638,m,24-null,3.04109589,3/30/21 14:17,angry5,sad1,Sad_2_pause_2,option1,en,Often,Sometimes,Sometimes
60,66564,77e64a00-d5ce-4f71-85f8-3a968f74b638,m,25-null,3.04109589,3/30/21 14:17,happy4,scared4,Happy_2_pause_2,option1,en,Often,Sometimes,Sometimes
61,66564,77e64a00-d5ce-4f71-85f8-3a968f74b638,m,26-null,3.04109589,3/30/21 14:17,scared6,angry3,Angry_2_pause_2,option2,en,Often,Sometimes,Sometimes
62,66564,77e64a00-d5ce-4f71-85f8-3a968f74b638,m,27-null,3.04109589,3/30/21 14:17,angry4,happy5,Happy_1_pause_2,option2,en,Often,Sometimes,Sometimes
63,66564,77e64a00-d5ce-4f71-85f8-3a968f74b638,m,28-null,3.04109589,3/30/21 14:17,angry2,sad1,Angry_2_pause_2,option1,en,Often,Sometimes,Sometimes
64,66564,77e64a00-d5ce-4f71-85f8-3a968f74b638,m,29-null,3.04109589,3/30/21 14:17,angry6,happy4,Angry_1_pause_2,option1,en,Often,Sometimes,Sometimes
65,66564,77e64a00-d5ce-4f71-85f8-3a968f74b638,m,30-null,3.04109589,3/30/21 14:17,angry6,scared5,Scared_2_pause_2,option2,en,Often,Sometimes,Sometimes
66,66564,77e64a00-d5ce-4f71-85f8-3a968f74b638,m,31-null,3.04109589,3/30/21 14:17,sad2,angry1,Sad_1_pause_2,option2,en,Often,Sometimes,Sometimes
67,66564,77e64a00-d5ce-4f71-85f8-3a968f74b638,m,32-null,3.04109589,3/30/21 14:17,happy3,angry1,Angry_1_pause_2,option2,en,Often,Sometimes,Sometimes
68,66564,77e64a00-d5ce-4f71-85f8-3a968f74b638,m,33-null,3.04109589,3/30/21 14:17,sad6,happy1,Happy_1_pause_2,option2,en,Often,Sometimes,Sometimes
69,66564,77e64a00-d5ce-4f71-85f8-3a968f74b638,m,34-null,3.04109589,3/30/21 14:17,scared2,happy2,Scared_1_pause_2,option1,en,Often,Sometimes,Sometimes
70,66604,63a46f73-421e-4ab1-8e84-06f1921f89ad,f,11-null,4.495890411,3/30/21 17:20,happy2,angry2,Happy_1_pause_2,option1,en ru,Always,Always,Always
71,66604,63a46f73-421e-4ab1-8e84-06f1921f89ad,f,12-null,4.495890411,3/30/21 17:20,happy6,scared4,Scared_1_pause_2,option2,en ru,Always,Always,Always
72,66604,63a46f73-421e-4ab1-8e84-06f1921f89ad,f,13-null,4.495890411,3/30/21 17:20,happy3,scared6,Scared_2_pause_2,option2,en ru,Always,Always,Always
73,66604,63a46f73-421e-4ab1-8e84-06f1921f89ad,f,14-null,4.495890411,3/30/21 17:20,scared3,sad2,Sad_1_pause_2,option2,en ru,Always,Always,Always
74,66604,63a46f73-421e-4ab1-8e84-06f1921f89ad,f,16-null,4.495890411,3/30/21 17:20,sad3,happy5,Happy_2_pause_2,option2,en ru,Always,Always,Always
75,66604,63a46f73-421e-4ab1-8e84-06f1921f89ad,f,17-null,4.495890411,3/30/21 17:20,sad4,angry6,Sad_2_pause_2,option1,en ru,Always,Always,Always
76,66604,63a46f73-421e-4ab1-8e84-06f1921f89ad,f,18-null,4.495890411,3/30/21 17:20,sad5,scared3,Scared_1_pause_2,option2,en ru,Always,Always,Always
77,66604,63a46f73-421e-4ab1-8e84-06f1921f89ad,f,19-null,4.495890411,3/30/21 17:20,happy1,sad1,Sad_1_pause_2,option2,en ru,Always,Always,Always
78,66604,63a46f73-421e-4ab1-8e84-06f1921f89ad,f,20-null,4.495890411,3/30/21 17:20,scared2,sad6,Scared_1_pause_2,option1,en ru,Always,Always,Always
79,66604,63a46f73-421e-4ab1-8e84-06f1921f89ad,f,21-null,4.495890411,3/30/21 17:20,scared5,angry4,Scared_2_pause_2,option1,en ru,Always,Always,Always
80,66604,63a46f73-421e-4ab1-8e84-06f1921f89ad,f,22-null,4.495890411,3/30/21 17:20,sad6,scared4,Sad_2_pause_2,option1,en ru,Always,Always,Always
81,66604,63a46f73-421e-4ab1-8e84-06f1921f89ad,f,23-null,4.495890411,3/30/21 17:20,sad3,happy5,Sad_2_pause_2,option1,en ru,Always,Always,Always
82,66604,63a46f73-421e-4ab1-8e84-06f1921f89ad,f,24-null,4.495890411,3/30/21 17:20,sad2,angry6,Angry_1_pause_2,option2,en ru,Always,Always,Always
83,66604,63a46f73-421e-4ab1-8e84-06f1921f89ad,f,25-null,4.495890411,3/30/21 17:20,sad1,angry2,Angry_2_pause_2,option2,en ru,Always,Always,Always
84,66604,63a46f73-421e-4ab1-8e84-06f1921f89ad,f,26-null,4.495890411,3/30/21 17:20,happy4,angry4,Angry_2_pause_2,option2,en ru,Always,Always,Always
85,66604,63a46f73-421e-4ab1-8e84-06f1921f89ad,f,27-null,4.495890411,3/30/21 17:20,angry5,scared6,Angry_1_pause_2,option1,en ru,Always,Always,Always
86,66604,63a46f73-421e-4ab1-8e84-06f1921f89ad,f,28-null,4.495890411,3/30/21 17:20,scared1,angry5,Scared_2_pause_2,option1,en ru,Always,Always,Always
87,66604,63a46f73-421e-4ab1-8e84-06f1921f89ad,f,29-null,4.495890411,3/30/21 17:20,happy3,sad4,Happy_1_pause_2,option1,en ru,Always,Always,Always
88,66604,63a46f73-421e-4ab1-8e84-06f1921f89ad,f,30-null,4.495890411,3/30/21 17:20,happy4,angry1,Happy_2_pause_2,option2,en ru,Always,Always,Always
89,66604,63a46f73-421e-4ab1-8e84-06f1921f89ad,f,31-null,4.495890411,3/30/21 17:20,scared5,happy1,Happy_1_pause_2,option2,en ru,Always,Always,Always
90,66604,63a46f73-421e-4ab1-8e84-06f1921f89ad,f,32-null,4.495890411,3/30/21 17:20,happy6,scared1,Happy_2_pause_2,option1,en ru,Always,Always,Always
91,66604,63a46f73-421e-4ab1-8e84-06f1921f89ad,f,33-null,4.495890411,3/30/21 17:20,angry1,scared2,Angry_1_pause_2,option1,en ru,Always,Always,Always
92,66604,63a46f73-421e-4ab1-8e84-06f1921f89ad,f,34-null,4.495890411,3/30/21 17:20,angry3,sad5,Sad_1_pause_2,option2,en ru,Always,Always,Always
93,66609,791c873f-0b71-49a8-ae1f-fd7c922a87d1,m,11-null,4.523287671,3/30/21 17:28,scared1,happy2,Scared_2_pause_2,option1,,Always,Always,Always
94,66609,791c873f-0b71-49a8-ae1f-fd7c922a87d1,m,12-null,4.523287671,3/30/21 17:28,angry1,sad2,Angry_1_pause_2,option1,,Always,Always,Always
95,66609,791c873f-0b71-49a8-ae1f-fd7c922a87d1,m,13-null,4.523287671,3/30/21 17:28,happy6,angry6,Happy_1_pause_2,option1,,Always,Always,Always
96,66609,791c873f-0b71-49a8-ae1f-fd7c922a87d1,m,14-null,4.523287671,3/30/21 17:28,sad4,scared3,Sad_2_pause_2,option1,,Always,Always,Always
97,66609,791c873f-0b71-49a8-ae1f-fd7c922a87d1,m,16-null,4.523287671,3/30/21 17:28,sad2,happy6,Sad_1_pause_2,option1,,Always,Always,Always
98,66609,791c873f-0b71-49a8-ae1f-fd7c922a87d1,m,17-null,4.523287671,3/30/21 17:28,sad6,angry4,Angry_2_pause_2,option2,,Always,Always,Always
99,66609,791c873f-0b71-49a8-ae1f-fd7c922a87d1,m,18-null,4.523287671,3/30/21 17:28,sad1,angry5,Sad_2_pause_2,option1,,Always,Always,Always
100,66609,791c873f-0b71-49a8-ae1f-fd7c922a87d1,m,19-null,4.523287671,3/30/21 17:28,angry3,scared3,Scared_1_pause_2,option2,,Always,Always,Always
101,66609,791c873f-0b71-49a8-ae1f-fd7c922a87d1,m,20-null,4.523287671,3/30/21 17:28,angry1,scared5,Scared_2_pause_2,option2,,Always,Always,Always
102,66609,791c873f-0b71-49a8-ae1f-fd7c922a87d1,m,21-null,4.523287671,3/30/21 17:28,sad4,happy2,Happy_1_pause_2,option2,,Always,Always,Always
103,66609,791c873f-0b71-49a8-ae1f-fd7c922a87d1,m,22-null,4.523287671,3/30/21 17:28,scared1,angry2,Angry_2_pause_2,option2,,Always,Always,Always
104,66609,791c873f-0b71-49a8-ae1f-fd7c922a87d1,m,23-null,4.523287671,3/30/21 17:28,happy5,scared5,Happy_2_pause_2,option1,,Always,Always,Always
105,66609,791c873f-0b71-49a8-ae1f-fd7c922a87d1,m,24-null,4.523287671,3/30/21 17:28,happy1,angry6,Angry_1_pause_2,option2,,Always,Always,Always
106,66609,791c873f-0b71-49a8-ae1f-fd7c922a87d1,m,25-null,4.523287671,3/30/21 17:28,angry5,scared2,Angry_1_pause_2,option1,,Always,Always,Always
107,66609,791c873f-0b71-49a8-ae1f-fd7c922a87d1,m,26-null,4.523287671,3/30/21 17:28,sad6,scared4,Sad_2_pause_2,option1,,Always,Always,Always
108,66609,791c873f-0b71-49a8-ae1f-fd7c922a87d1,m,27-null,4.523287671,3/30/21 17:28,scared6,happy4,Happy_2_pause_2,option2,,Always,Always,Always
109,66609,791c873f-0b71-49a8-ae1f-fd7c922a87d1,m,28-null,4.523287671,3/30/21 17:28,happy5,sad5,Sad_1_pause_2,option2,,Always,Always,Always
110,66609,791c873f-0b71-49a8-ae1f-fd7c922a87d1,m,29-null,4.523287671,3/30/21 17:28,angry3,happy3,Angry_2_pause_2,option1,,Always,Always,Always
111,66609,791c873f-0b71-49a8-ae1f-fd7c922a87d1,m,30-null,4.523287671,3/30/21 17:28,sad1,scared2,Scared_1_pause_2,option2,,Always,Always,Always
112,66609,791c873f-0b71-49a8-ae1f-fd7c922a87d1,m,31-null,4.523287671,3/30/21 17:28,angry4,sad3,Sad_1_pause_2,option2,,Always,Always,Always
113,66609,791c873f-0b71-49a8-ae1f-fd7c922a87d1,m,32-null,4.523287671,3/30/21 17:28,angry2,happy1,Happy_2_pause_2,option2,,Always,Always,Always
114,66609,791c873f-0b71-49a8-ae1f-fd7c922a87d1,m,33-null,4.523287671,3/30/21 17:28,happy4,scared6,Scared_2_pause_2,option2,,Always,Always,Always
115,66609,791c873f-0b71-49a8-ae1f-fd7c922a87d1,m,34-null,4.523287671,3/30/21 17:28,sad3,scared4,Scared_1_pause_2,option2,,Always,Always,Always
116,66620,087943ad-f7f9-4c5e-9dc4-c375f6462c26,f,11-null,3.084931507,3/30/21 20:04,scared4,sad6,Scared_1_pause_2,option1,en hi,Always,Always,Always
117,66620,087943ad-f7f9-4c5e-9dc4-c375f6462c26,f,12-null,3.084931507,3/30/21 20:04,sad4,angry4,Angry_2_pause_2,option2,en hi,Always,Always,Always
118,66620,087943ad-f7f9-4c5e-9dc4-c375f6462c26,f,13-null,3.084931507,3/30/21 20:04,sad6,happy4,Sad_2_pause_2,option1,en hi,Always,Always,Always
119,66620,087943ad-f7f9-4c5e-9dc4-c375f6462c26,f,14-null,3.084931507,3/30/21 20:04,scared6,happy5,Happy_2_pause_2,option2,en hi,Always,Always,Always
120,66620,087943ad-f7f9-4c5e-9dc4-c375f6462c26,f,16-null,3.084931507,3/30/21 20:04,angry5,scared5,Angry_1_pause_2,option1,en hi,Always,Always,Always
121,66620,087943ad-f7f9-4c5e-9dc4-c375f6462c26,f,17-null,3.084931507,3/30/21 20:04,angry3,sad2,Sad_1_pause_2,option2,en hi,Always,Always,Always
122,66620,087943ad-f7f9-4c5e-9dc4-c375f6462c26,f,18-null,3.084931507,3/30/21 20:04,scared4,happy4,Happy_1_pause_2,option2,en hi,Always,Always,Always
123,66620,087943ad-f7f9-4c5e-9dc4-c375f6462c26,f,19-null,3.084931507,3/30/21 20:04,sad1,happy1,Happy_1_pause_2,option2,en hi,Always,Always,Always
124,66620,087943ad-f7f9-4c5e-9dc4-c375f6462c26,f,20-null,3.084931507,3/30/21 20:04,happy3,sad5,Sad_1_pause_2,option2,en hi,Always,Always,Always
125,66620,087943ad-f7f9-4c5e-9dc4-c375f6462c26,f,21-null,3.084931507,3/30/21 20:04,angry4,scared1,Scared_1_pause_2,option2,en hi,Always,Always,Always
126,66620,087943ad-f7f9-4c5e-9dc4-c375f6462c26,f,22-null,3.084931507,3/30/21 20:04,sad2,happy6,Happy_1_pause_2,option2,en hi,Always,Always,Always
127,66620,087943ad-f7f9-4c5e-9dc4-c375f6462c26,f,23-null,3.084931507,3/30/21 20:04,happy1,scared6,Scared_2_pause_2,option2,en hi,Always,Always,Always
128,66620,087943ad-f7f9-4c5e-9dc4-c375f6462c26,f,24-null,3.084931507,3/30/21 20:04,angry1,happy2,Angry_2_pause_2,option1,en hi,Always,Always,Always
129,66620,087943ad-f7f9-4c5e-9dc4-c375f6462c26,f,25-null,3.084931507,3/30/21 20:04,angry5,sad4,Sad_2_pause_2,option2,en hi,Always,Always,Always
130,66620,087943ad-f7f9-4c5e-9dc4-c375f6462c26,f,26-null,3.084931507,3/30/21 20:04,sad3,scared5,Scared_2_pause_2,option1,en hi,Always,Always,Always
131,66620,087943ad-f7f9-4c5e-9dc4-c375f6462c26,f,27-null,3.084931507,3/30/21 20:04,scared2,sad3,Sad_1_pause_2,option2,en hi,Always,Always,Always
132,66620,087943ad-f7f9-4c5e-9dc4-c375f6462c26,f,28-null,3.084931507,3/30/21 20:04,happy2,angry2,Happy_2_pause_2,option1,en hi,Always,Always,Always
133,66620,087943ad-f7f9-4c5e-9dc4-c375f6462c26,f,29-null,3.084931507,3/30/21 20:04,angry6,happy3,Happy_2_pause_2,option2,en hi,Always,Always,Always
134,66620,087943ad-f7f9-4c5e-9dc4-c375f6462c26,f,30-null,3.084931507,3/30/21 20:04,scared3,angry1,Scared_2_pause_2,option1,en hi,Always,Always,Always
135,66620,087943ad-f7f9-4c5e-9dc4-c375f6462c26,f,31-null,3.084931507,3/30/21 20:04,happy5,angry3,Angry_2_pause_2,option2,en hi,Always,Always,Always
136,66620,087943ad-f7f9-4c5e-9dc4-c375f6462c26,f,32-null,3.084931507,3/30/21 20:04,sad5,angry2,Angry_1_pause_2,option2,en hi,Always,Always,Always
137,66620,087943ad-f7f9-4c5e-9dc4-c375f6462c26,f,33-null,3.084931507,3/30/21 20:04,sad1,scared1,Sad_2_pause_2,option1,en hi,Always,Always,Always
138,66620,087943ad-f7f9-4c5e-9dc4-c375f6462c26,f,34-null,3.084931507,3/30/21 20:04,scared3,angry6,Angry_1_pause_2,option2,en hi,Always,Always,Always
139,66629,4e7b5d0f-2755-4b12-a92f-7e14c8839bcb,f,11-null,3.575342466,3/30/21 17:52,angry3,happy1,Angry_1_pause_2,option1,en,Often,Sometimes,Sometimes
140,66629,4e7b5d0f-2755-4b12-a92f-7e14c8839bcb,f,12-null,3.575342466,3/30/21 17:52,scared3,sad6,Sad_2_pause_2,option2,en,Often,Sometimes,Sometimes
141,66629,4e7b5d0f-2755-4b12-a92f-7e14c8839bcb,f,13-null,3.575342466,3/30/21 17:52,happy4,sad5,Happy_2_pause_2,option1,en,Often,Sometimes,Sometimes
142,66629,4e7b5d0f-2755-4b12-a92f-7e14c8839bcb,f,14-null,3.575342466,3/30/21 17:52,scared2,happy5,Happy_2_pause_2,option2,en,Often,Sometimes,Sometimes
143,66629,4e7b5d0f-2755-4b12-a92f-7e14c8839bcb,f,16-null,3.575342466,3/30/21 17:52,angry5,sad2,Sad_2_pause_2,option2,en,Often,Sometimes,Sometimes
144,66629,4e7b5d0f-2755-4b12-a92f-7e14c8839bcb,f,17-null,3.575342466,3/30/21 17:52,happy2,angry4,Happy_1_pause_2,option1,en,Often,Sometimes,Sometimes
145,66629,4e7b5d0f-2755-4b12-a92f-7e14c8839bcb,f,18-null,3.575342466,3/30/21 17:52,angry1,scared3,Scared_1_pause_2,option2,en,Often,Sometimes,Sometimes
146,66629,4e7b5d0f-2755-4b12-a92f-7e14c8839bcb,f,19-null,3.575342466,3/30/21 17:52,sad5,happy2,Sad_2_pause_2,option1,en,Often,Sometimes,Sometimes
147,66629,4e7b5d0f-2755-4b12-a92f-7e14c8839bcb,f,20-null,3.575342466,3/30/21 17:52,angry3,sad3,Sad_1_pause_2,option2,en,Often,Sometimes,Sometimes
148,66629,4e7b5d0f-2755-4b12-a92f-7e14c8839bcb,f,21-null,3.575342466,3/30/21 17:52,sad2,scared1,Scared_2_pause_2,option2,en,Often,Sometimes,Sometimes
149,66629,4e7b5d0f-2755-4b12-a92f-7e14c8839bcb,f,22-null,3.575342466,3/30/21 17:52,sad1,happy5,Sad_1_pause_2,option1,en,Often,Sometimes,Sometimes
150,66629,4e7b5d0f-2755-4b12-a92f-7e14c8839bcb,f,23-null,3.575342466,3/30/21 17:52,scared5,happy6,Happy_1_pause_2,option2,en,Often,Sometimes,Sometimes
151,66629,4e7b5d0f-2755-4b12-a92f-7e14c8839bcb,f,24-null,3.575342466,3/30/21 17:52,sad1,angry5,Angry_2_pause_2,option2,en,Often,Sometimes,Sometimes
152,66629,4e7b5d0f-2755-4b12-a92f-7e14c8839bcb,f,25-null,3.575342466,3/30/21 17:52,scared6,sad4,Sad_1_pause_2,option2,en,Often,Sometimes,Sometimes
153,66629,4e7b5d0f-2755-4b12-a92f-7e14c8839bcb,f,26-null,3.575342466,3/30/21 17:52,happy3,sad4,Happy_2_pause_2,option1,en,Often,Sometimes,Sometimes
154,66629,4e7b5d0f-2755-4b12-a92f-7e14c8839bcb,f,27-null,3.575342466,3/30/21 17:52,happy4,scared2,Scared_2_pause_2,option2,en,Often,Sometimes,Sometimes
155,66629,4e7b5d0f-2755-4b12-a92f-7e14c8839bcb,f,28-null,3.575342466,3/30/21 17:52,happy3,scared4,Scared_1_pause_2,option2,en,Often,Sometimes,Sometimes
156,66629,4e7b5d0f-2755-4b12-a92f-7e14c8839bcb,f,29-null,3.575342466,3/30/21 17:52,sad6,angry6,Angry_1_pause_2,option2,en,Often,Sometimes,Sometimes
157,66629,4e7b5d0f-2755-4b12-a92f-7e14c8839bcb,f,30-null,3.575342466,3/30/21 17:52,scared4,angry1,Angry_1_pause_2,option2,en,Often,Sometimes,Sometimes
158,66629,4e7b5d0f-2755-4b12-a92f-7e14c8839bcb,f,31-null,3.575342466,3/30/21 17:52,scared6,sad3,Scared_1_pause_2,option1,en,Often,Sometimes,Sometimes
159,66629,4e7b5d0f-2755-4b12-a92f-7e14c8839bcb,f,32-null,3.575342466,3/30/21 17:52,angry2,happy6,Angry_2_pause_2,option1,en,Often,Sometimes,Sometimes
160,66629,4e7b5d0f-2755-4b12-a92f-7e14c8839bcb,f,33-null,3.575342466,3/30/21 17:52,scared1,angry4,Angry_2_pause_2,option2,en,Often,Sometimes,Sometimes
161,66629,4e7b5d0f-2755-4b12-a92f-7e14c8839bcb,f,34-null,3.575342466,3/30/21 17:52,angry2,happy1,Happy_1_pause_2,option2,en,Often,Sometimes,Sometimes
162,66634,f2231971-bbb9-4998-90c1-f88f284d213f,f,11-null,3.232876712,3/31/21 11:28,angry3,happy4,Angry_2_pause_2,option1,en,Sometimes,Often,Often
163,66634,f2231971-bbb9-4998-90c1-f88f284d213f,f,12-null,3.232876712,3/31/21 11:28,angry3,scared1,Scared_1_pause_2,option2,en,Sometimes,Often,Often
164,66634,f2231971-bbb9-4998-90c1-f88f284d213f,f,13-null,3.232876712,3/31/21 11:28,sad1,scared1,Sad_2_pause_2,option1,en,Sometimes,Often,Often
165,66634,f2231971-bbb9-4998-90c1-f88f284d213f,f,14-null,3.232876712,3/31/21 11:28,happy6,angry2,Happy_2_pause_2,option1,en,Sometimes,Often,Often
166,66634,f2231971-bbb9-4998-90c1-f88f284d213f,f,16-null,3.232876712,3/31/21 11:28,sad5,happy2,Happy_1_pause_2,option2,en,Sometimes,Often,Often
167,66634,f2231971-bbb9-4998-90c1-f88f284d213f,f,17-null,3.232876712,3/31/21 11:28,scared3,happy3,Happy_1_pause_2,option2,en,Sometimes,Often,Often
168,66634,f2231971-bbb9-4998-90c1-f88f284d213f,f,18-null,3.232876712,3/31/21 11:28,angry6,sad1,Angry_1_pause_2,option2,en,Sometimes,Often,Often
169,66634,f2231971-bbb9-4998-90c1-f88f284d213f,f,19-null,3.232876712,3/31/21 11:28,angry4,happy5,Happy_1_pause_2,option2,en,Sometimes,Often,Often
170,66634,f2231971-bbb9-4998-90c1-f88f284d213f,f,20-null,3.232876712,3/31/21 11:28,sad4,scared4,Sad_1_pause_2,option1,en,Sometimes,Often,Often
171,66634,f2231971-bbb9-4998-90c1-f88f284d213f,f,21-null,3.232876712,3/31/21 11:28,angry5,sad2,Angry_1_pause_2,option2,en,Sometimes,Often,Often
172,66634,f2231971-bbb9-4998-90c1-f88f284d213f,f,22-null,3.232876712,3/31/21 11:28,happy1,scared5,Happy_2_pause_2,option2,en,Sometimes,Often,Often
173,66634,f2231971-bbb9-4998-90c1-f88f284d213f,f,23-null,3.232876712,3/31/21 11:28,scared4,happy2,Scared_2_pause_2,option1,en,Sometimes,Often,Often
174,66634,f2231971-bbb9-4998-90c1-f88f284d213f,f,24-null,3.232876712,3/31/21 11:28,happy6,angry4,Angry_1_pause_2,option1,en,Sometimes,Often,Often
175,66634,f2231971-bbb9-4998-90c1-f88f284d213f,f,25-null,3.232876712,3/31/21 11:28,scared5,sad4,Scared_2_pause_2,option2,en,Sometimes,Often,Often
176,66634,f2231971-bbb9-4998-90c1-f88f284d213f,f,26-null,3.232876712,3/31/21 11:28,sad6,scared3,Scared_2_pause_2,option1,en,Sometimes,Often,Often
177,66634,f2231971-bbb9-4998-90c1-f88f284d213f,f,27-null,3.232876712,3/31/21 11:28,happy1,scared2,Scared_1_pause_2,option1,en,Sometimes,Often,Often
178,66634,f2231971-bbb9-4998-90c1-f88f284d213f,f,28-null,3.232876712,3/31/21 11:28,angry5,scared6,Scared_1_pause_2,option2,en,Sometimes,Often,Often
179,66634,f2231971-bbb9-4998-90c1-f88f284d213f,f,29-null,3.232876712,3/31/21 11:28,scared2,angry2,Angry_2_pause_2,option2,en,Sometimes,Often,Often
180,66634,f2231971-bbb9-4998-90c1-f88f284d213f,f,30-null,3.232876712,3/31/21 11:28,sad5,happy5,Sad_2_pause_2,option1,en,Sometimes,Often,Often
181,66634,f2231971-bbb9-4998-90c1-f88f284d213f,f,31-null,3.232876712,3/31/21 11:28,sad3,happy4,Happy_2_pause_2,option1,en,Sometimes,Often,Often
182,66634,f2231971-bbb9-4998-90c1-f88f284d213f,f,32-null,3.232876712,3/31/21 11:28,scared6,angry1,Angry_2_pause_2,option1,en,Sometimes,Often,Often
183,66634,f2231971-bbb9-4998-90c1-f88f284d213f,f,33-null,3.232876712,3/31/21 11:28,happy3,sad6,Sad_1_pause_2,option2,en,Sometimes,Often,Often
184,66634,f2231971-bbb9-4998-90c1-f88f284d213f,f,34-null,3.232876712,3/31/21 11:28,sad2,angry1,Sad_2_pause_2,option2,en,Sometimes,Often,Often
185,66639,34f1cd4b-bc1f-42d4-823d-4a6fcab1380c,m,11-null,2.520547945,3/31/21 11:46,angry4,happy3,Angry_1_pause_2,option1,en,NA,NA,NA
186,66639,34f1cd4b-bc1f-42d4-823d-4a6fcab1380c,m,12-null,2.520547945,3/31/21 11:46,scared2,happy2,Scared_1_pause_2,option1,en,NA,NA,NA
187,66639,34f1cd4b-bc1f-42d4-823d-4a6fcab1380c,m,13-null,2.520547945,3/31/21 11:46,sad5,happy1,Happy_1_pause_2,option2,en,NA,NA,NA
188,66639,34f1cd4b-bc1f-42d4-823d-4a6fcab1380c,m,14-null,2.520547945,3/31/21 11:46,scared5,angry1,Scared_2_pause_2,option1,en,NA,NA,NA
189,66639,34f1cd4b-bc1f-42d4-823d-4a6fcab1380c,m,16-null,2.520547945,3/31/21 11:46,angry3,sad1,Angry_2_pause_2,option2,en,NA,NA,NA
190,66639,34f1cd4b-bc1f-42d4-823d-4a6fcab1380c,m,17-null,2.520547945,3/31/21 11:46,scared5,sad2,Sad_2_pause_2,option1,en,NA,NA,NA
191,66639,34f1cd4b-bc1f-42d4-823d-4a6fcab1380c,m,18-null,2.520547945,3/31/21 11:46,scared4,angry1,Angry_2_pause_2,option2,en,NA,NA,NA
192,66639,34f1cd4b-bc1f-42d4-823d-4a6fcab1380c,m,19-null,2.520547945,3/31/21 11:46,angry5,sad4,Angry_2_pause_2,option2,en,NA,NA,NA
193,66639,34f1cd4b-bc1f-42d4-823d-4a6fcab1380c,m,20-null,2.520547945,3/31/21 11:46,sad6,scared6,Scared_2_pause_2,option2,en,NA,NA,NA
194,66639,34f1cd4b-bc1f-42d4-823d-4a6fcab1380c,m,21-null,2.520547945,3/31/21 11:46,angry6,scared3,Scared_1_pause_2,option2,en,NA,NA,NA
195,66639,34f1cd4b-bc1f-42d4-823d-4a6fcab1380c,m,22-null,2.520547945,3/31/21 11:46,angry2,happy1,Angry_1_pause_2,option2,en,NA,NA,NA
196,66639,34f1cd4b-bc1f-42d4-823d-4a6fcab1380c,m,23-null,2.520547945,3/31/21 11:46,sad5,angry3,Sad_1_pause_2,option2,en,NA,NA,NA
197,66639,34f1cd4b-bc1f-42d4-823d-4a6fcab1380c,m,24-null,2.520547945,3/31/21 11:46,angry4,sad6,Sad_1_pause_2,option1,en,NA,NA,NA
198,66639,34f1cd4b-bc1f-42d4-823d-4a6fcab1380c,m,25-null,2.520547945,3/31/21 11:46,happy4,sad1,Sad_2_pause_2,option2,en,NA,NA,NA
199,66639,34f1cd4b-bc1f-42d4-823d-4a6fcab1380c,m,26-null,2.520547945,3/31/21 11:46,angry5,happy5,Happy_2_pause_2,option2,en,NA,NA,NA
200,66639,34f1cd4b-bc1f-42d4-823d-4a6fcab1380c,m,27-null,2.520547945,3/31/21 11:46,scared4,sad2,Scared_2_pause_2,option1,en,NA,NA,NA
201,66639,34f1cd4b-bc1f-42d4-823d-4a6fcab1380c,m,28-null,2.520547945,3/31/21 11:46,scared3,happy6,Happy_1_pause_2,option2,en,NA,NA,NA
202,66639,34f1cd4b-bc1f-42d4-823d-4a6fcab1380c,m,29-null,2.520547945,3/31/21 11:46,scared1,sad4,Sad_2_pause_2,option1,en,NA,NA,NA
203,66673,3690f254-7d15-42d7-a032-b6552af37ade,f,11-null,3.216438356,3/31/21 13:26,scared2,sad1,Scared_2_pause_2,option1,en es,Often,Rarely,Sometimes
204,66673,3690f254-7d15-42d7-a032-b6552af37ade,f,12-null,3.216438356,3/31/21 13:26,happy1,angry2,Angry_2_pause_2,option2,en es,Often,Rarely,Sometimes
205,66673,3690f254-7d15-42d7-a032-b6552af37ade,f,13-null,3.216438356,3/31/21 13:26,angry1,happy4,Happy_2_pause_2,option2,en es,Often,Rarely,Sometimes
206,66673,3690f254-7d15-42d7-a032-b6552af37ade,f,14-null,3.216438356,3/31/21 13:26,scared1,sad4,Sad_2_pause_2,option2,en es,Often,Rarely,Sometimes
207,66673,3690f254-7d15-42d7-a032-b6552af37ade,f,16-null,3.216438356,3/31/21 13:26,happy2,sad2,Sad_1_pause_2,option2,en es,Often,Rarely,Sometimes
208,66673,3690f254-7d15-42d7-a032-b6552af37ade,f,17-null,3.216438356,3/31/21 13:26,scared6,angry6,Scared_2_pause_2,option1,en es,Often,Rarely,Sometimes
209,66673,3690f254-7d15-42d7-a032-b6552af37ade,f,18-null,3.216438356,3/31/21 13:26,scared5,happy5,Scared_2_pause_2,option1,en es,Often,Rarely,Sometimes
210,66673,3690f254-7d15-42d7-a032-b6552af37ade,f,19-null,3.216438356,3/31/21 13:26,happy4,sad3,Sad_1_pause_2,option2,en es,Often,Rarely,Sometimes
211,66673,3690f254-7d15-42d7-a032-b6552af37ade,f,20-null,3.216438356,3/31/21 13:26,scared3,happy3,Happy_1_pause_2,option2,en es,Often,Rarely,Sometimes
212,66673,3690f254-7d15-42d7-a032-b6552af37ade,f,21-null,3.216438356,3/31/21 13:26,sad5,angry2,Sad_1_pause_2,option1,en es,Often,Rarely,Sometimes
213,66673,3690f254-7d15-42d7-a032-b6552af37ade,f,22-null,3.216438356,3/31/21 13:26,sad3,happy5,Happy_2_pause_2,option2,en es,Often,Rarely,Sometimes
214,66673,3690f254-7d15-42d7-a032-b6552af37ade,f,23-null,3.216438356,3/31/21 13:26,scared3,sad2,Scared_1_pause_2,option1,en es,Often,Rarely,Sometimes
215,66673,3690f254-7d15-42d7-a032-b6552af37ade,f,24-null,3.216438356,3/31/21 13:26,happy1,sad6,Happy_1_pause_2,option1,en es,Often,Rarely,Sometimes
216,66673,3690f254-7d15-42d7-a032-b6552af37ade,f,25-null,3.216438356,3/31/21 13:26,angry4,sad4,Angry_1_pause_2,I_dont_know,en es,Often,Rarely,Sometimes
217,66673,3690f254-7d15-42d7-a032-b6552af37ade,f,26-null,3.216438356,3/31/21 13:26,sad5,angry3,Angry_2_pause_2,option2,en es,Often,Rarely,Sometimes
218,66673,3690f254-7d15-42d7-a032-b6552af37ade,f,27-null,3.216438356,3/31/21 13:26,scared4,angry5,Scared_1_pause_2,option1,en es,Often,Rarely,Sometimes
219,66673,3690f254-7d15-42d7-a032-b6552af37ade,f,28-null,3.216438356,3/31/21 13:26,sad1,angry3,Sad_2_pause_2,option1,en es,Often,Rarely,Sometimes
220,66673,3690f254-7d15-42d7-a032-b6552af37ade,f,29-null,3.216438356,3/31/21 13:26,happy6,scared2,Happy_1_pause_2,option1,en es,Often,Rarely,Sometimes
221,66673,3690f254-7d15-42d7-a032-b6552af37ade,f,30-null,3.216438356,3/31/21 13:26,scared5,sad6,Sad_2_pause_2,option2,en es,Often,Rarely,Sometimes
222,66673,3690f254-7d15-42d7-a032-b6552af37ade,f,31-null,3.216438356,3/31/21 13:26,scared6,angry1,Angry_2_pause_2,option2,en es,Often,Rarely,Sometimes
223,66673,3690f254-7d15-42d7-a032-b6552af37ade,f,32-null,3.216438356,3/31/21 13:26,happy6,angry6,Angry_1_pause_2,option2,en es,Often,Rarely,Sometimes
224,66673,3690f254-7d15-42d7-a032-b6552af37ade,f,33-null,3.216438356,3/31/21 13:26,scared4,angry5,Angry_1_pause_2,option1,en es,Often,Rarely,Sometimes
225,66673,3690f254-7d15-42d7-a032-b6552af37ade,f,34-null,3.216438356,3/31/21 13:26,angry4,happy2,Happy_2_pause_2,option2,en es,Often,Rarely,Sometimes
226,66699,e612986b-fea2-4c15-b481-bf1bc72bfe13,f,11-null,4.824657534,3/31/21 14:31,angry3,sad2,Angry_1_pause_2,option1,,Sometimes,Often,Often
227,66699,e612986b-fea2-4c15-b481-bf1bc72bfe13,f,12-null,4.824657534,3/31/21 14:31,happy3,angry4,Happy_2_pause_2,option1,,Sometimes,Often,Often
228,66699,e612986b-fea2-4c15-b481-bf1bc72bfe13,f,13-null,4.824657534,3/31/21 14:31,angry4,scared1,Angry_2_pause_2,option1,,Sometimes,Often,Often
229,66699,e612986b-fea2-4c15-b481-bf1bc72bfe13,f,14-null,4.824657534,3/31/21 14:31,angry6,scared2,Scared_2_pause_2,option2,,Sometimes,Often,Often
230,66699,e612986b-fea2-4c15-b481-bf1bc72bfe13,f,16-null,4.824657534,3/31/21 14:31,scared5,happy5,Happy_2_pause_2,option2,,Sometimes,Often,Often
231,66699,e612986b-fea2-4c15-b481-bf1bc72bfe13,f,17-null,4.824657534,3/31/21 14:31,sad3,scared1,Scared_1_pause_2,option2,,Sometimes,Often,Often
232,66699,e612986b-fea2-4c15-b481-bf1bc72bfe13,f,18-null,4.824657534,3/31/21 14:31,happy6,scared4,Scared_2_pause_2,option2,,Sometimes,Often,Often
233,66699,e612986b-fea2-4c15-b481-bf1bc72bfe13,f,19-null,4.824657534,3/31/21 14:31,sad6,happy3,Sad_1_pause_2,option1,,Sometimes,Often,Often
234,66699,e612986b-fea2-4c15-b481-bf1bc72bfe13,f,20-null,4.824657534,3/31/21 14:31,angry5,happy5,Angry_2_pause_2,option1,,Sometimes,Often,Often
235,66699,e612986b-fea2-4c15-b481-bf1bc72bfe13,f,21-null,4.824657534,3/31/21 14:31,sad6,happy4,Happy_1_pause_2,option2,,Sometimes,Often,Often
236,66699,e612986b-fea2-4c15-b481-bf1bc72bfe13,f,22-null,4.824657534,3/31/21 14:31,sad5,angry1,Angry_2_pause_2,option2,,Sometimes,Often,Often
237,66699,e612986b-fea2-4c15-b481-bf1bc72bfe13,f,23-null,4.824657534,3/31/21 14:31,scared4,sad1,Sad_1_pause_2,option2,,Sometimes,Often,Often
238,66699,e612986b-fea2-4c15-b481-bf1bc72bfe13,f,24-null,4.824657534,3/31/21 14:31,angry5,happy1,Happy_2_pause_2,option2,,Sometimes,Often,Often
239,66699,e612986b-fea2-4c15-b481-bf1bc72bfe13,f,25-null,4.824657534,3/31/21 14:31,happy4,sad2,Sad_2_pause_2,option2,,Sometimes,Often,Often
240,66699,e612986b-fea2-4c15-b481-bf1bc72bfe13,f,26-null,4.824657534,3/31/21 14:31,happy2,scared3,Happy_1_pause_2,option1,,Sometimes,Often,Often
241,66699,e612986b-fea2-4c15-b481-bf1bc72bfe13,f,27-null,4.824657534,3/31/21 14:31,angry1,scared5,Scared_2_pause_2,option2,,Sometimes,Often,Often
242,66699,e612986b-fea2-4c15-b481-bf1bc72bfe13,f,28-null,4.824657534,3/31/21 14:31,scared3,happy2,Scared_1_pause_2,option1,,Sometimes,Often,Often
243,66699,e612986b-fea2-4c15-b481-bf1bc72bfe13,f,29-null,4.824657534,3/31/21 14:31,angry2,sad4,Sad_2_pause_2,option2,,Sometimes,Often,Often
244,66699,e612986b-fea2-4c15-b481-bf1bc72bfe13,f,30-null,4.824657534,3/31/21 14:31,sad3,scared6,Sad_2_pause_2,option1,,Sometimes,Often,Often
245,66699,e612986b-fea2-4c15-b481-bf1bc72bfe13,f,31-null,4.824657534,3/31/21 14:31,scared6,sad1,Scared_1_pause_2,option1,,Sometimes,Often,Often
246,66699,e612986b-fea2-4c15-b481-bf1bc72bfe13,f,32-null,4.824657534,3/31/21 14:31,angry2,scared2,Angry_1_pause_2,option1,,Sometimes,Often,Often
247,66699,e612986b-fea2-4c15-b481-bf1bc72bfe13,f,33-null,4.824657534,3/31/21 14:31,angry3,sad5,Sad_1_pause_2,option2,,Sometimes,Often,Often
248,66699,e612986b-fea2-4c15-b481-bf1bc72bfe13,f,34-null,4.824657534,3/31/21 14:31,happy6,sad4,Happy_1_pause_2,option1,,Sometimes,Often,Often
249,66700,38f420ba-8df4-4f23-95ab-6289802fbf60,f,11-null,4.246575342,3/31/21 14:32,sad4,happy3,Sad_2_pause_2,option1,en,Often,Always,Always
250,66700,38f420ba-8df4-4f23-95ab-6289802fbf60,f,12-null,4.246575342,3/31/21 14:32,sad1,scared3,Scared_2_pause_2,option2,en,Often,Always,Always
251,66700,38f420ba-8df4-4f23-95ab-6289802fbf60,f,13-null,4.246575342,3/31/21 14:32,sad6,happy1,Sad_2_pause_2,option1,en,Often,Always,Always
252,66700,38f420ba-8df4-4f23-95ab-6289802fbf60,f,14-null,4.246575342,3/31/21 14:32,scared2,sad1,Sad_1_pause_2,option2,en,Often,Always,Always
253,66700,38f420ba-8df4-4f23-95ab-6289802fbf60,f,16-null,4.246575342,3/31/21 14:32,happy3,angry2,Happy_2_pause_2,option1,en,Often,Always,Always
254,66700,38f420ba-8df4-4f23-95ab-6289802fbf60,f,17-null,4.246575342,3/31/21 14:32,angry1,scared4,Angry_1_pause_2,option1,en,Often,Always,Always
255,66700,38f420ba-8df4-4f23-95ab-6289802fbf60,f,18-null,4.246575342,3/31/21 14:32,angry4,sad2,Angry_1_pause_2,option1,en,Often,Always,Always
256,66700,38f420ba-8df4-4f23-95ab-6289802fbf60,f,19-null,4.246575342,3/31/21 14:32,sad3,angry3,Sad_1_pause_2,option1,en,Often,Always,Always
257,66700,38f420ba-8df4-4f23-95ab-6289802fbf60,f,20-null,4.246575342,3/31/21 14:32,scared6,happy4,Scared_1_pause_2,option1,en,Often,Always,Always
258,66700,38f420ba-8df4-4f23-95ab-6289802fbf60,f,21-null,4.246575342,3/31/21 14:32,sad4,scared1,Scared_1_pause_2,option2,en,Often,Always,Always
259,66700,38f420ba-8df4-4f23-95ab-6289802fbf60,f,22-null,4.246575342,3/31/21 14:32,scared5,angry5,Angry_2_pause_2,option2,en,Often,Always,Always
260,66700,38f420ba-8df4-4f23-95ab-6289802fbf60,f,23-null,4.246575342,3/31/21 14:32,happy5,scared1,Happy_1_pause_2,option1,en,Often,Always,Always
261,66700,38f420ba-8df4-4f23-95ab-6289802fbf60,f,24-null,4.246575342,3/31/21 14:32,angry6,sad6,Angry_2_pause_2,option1,en,Often,Always,Always
262,66700,38f420ba-8df4-4f23-95ab-6289802fbf60,f,25-null,4.246575342,3/31/21 14:32,angry3,happy6,Angry_2_pause_2,option1,en,Often,Always,Always
263,66700,38f420ba-8df4-4f23-95ab-6289802fbf60,f,26-null,4.246575342,3/31/21 14:32,angry1,scared4,Scared_2_pause_2,option2,en,Often,Always,Always
264,66700,38f420ba-8df4-4f23-95ab-6289802fbf60,f,27-null,4.246575342,3/31/21 14:32,happy6,sad3,Happy_2_pause_2,option1,en,Often,Always,Always
265,66700,38f420ba-8df4-4f23-95ab-6289802fbf60,f,28-null,4.246575342,3/31/21 14:32,scared3,happy2,Happy_2_pause_2,option2,en,Often,Always,Always
266,66700,38f420ba-8df4-4f23-95ab-6289802fbf60,f,29-null,4.246575342,3/31/21 14:32,sad2,scared6,Sad_2_pause_2,option1,en,Often,Always,Always
267,66700,38f420ba-8df4-4f23-95ab-6289802fbf60,f,30-null,4.246575342,3/31/21 14:32,angry4,scared2,Scared_2_pause_2,option2,en,Often,Always,Always
268,66700,38f420ba-8df4-4f23-95ab-6289802fbf60,f,31-null,4.246575342,3/31/21 14:32,angry5,sad5,Sad_1_pause_2,option2,en,Often,Always,Always
269,66700,38f420ba-8df4-4f23-95ab-6289802fbf60,f,32-null,4.246575342,3/31/21 14:32,angry6,happy1,Happy_1_pause_2,option2,en,Often,Always,Always
270,66700,38f420ba-8df4-4f23-95ab-6289802fbf60,f,33-null,4.246575342,3/31/21 14:32,angry2,happy5,Angry_1_pause_2,option1,en,Often,Always,Always
271,66700,38f420ba-8df4-4f23-95ab-6289802fbf60,f,34-null,4.246575342,3/31/21 14:32,happy4,sad5,Happy_1_pause_2,option1,en,Often,Always,Always
272,66703,ee2463a5-f03d-41b5-a7d3-816e05bff7d3,m,11-null,3.410958904,3/31/21 14:51,angry5,scared4,Angry_1_pause_2,option1,en de,Often,Often,Sometimes
273,66703,ee2463a5-f03d-41b5-a7d3-816e05bff7d3,m,12-null,3.410958904,3/31/21 14:51,angry3,happy6,Happy_2_pause_2,option2,en de,Often,Often,Sometimes
274,66703,ee2463a5-f03d-41b5-a7d3-816e05bff7d3,m,13-null,3.410958904,3/31/21 14:51,angry1,scared4,Scared_2_pause_2,option2,en de,Often,Often,Sometimes
275,66703,ee2463a5-f03d-41b5-a7d3-816e05bff7d3,m,14-null,3.410958904,3/31/21 14:51,angry2,happy2,Angry_2_pause_2,option1,en de,Often,Often,Sometimes
276,66703,ee2463a5-f03d-41b5-a7d3-816e05bff7d3,m,16-null,3.410958904,3/31/21 14:51,sad5,happy5,Sad_2_pause_2,option1,en de,Often,Often,Sometimes
277,66703,ee2463a5-f03d-41b5-a7d3-816e05bff7d3,m,17-null,3.410958904,3/31/21 14:51,angry2,sad6,Sad_1_pause_2,option2,en de,Often,Often,Sometimes
278,66703,ee2463a5-f03d-41b5-a7d3-816e05bff7d3,m,18-null,3.410958904,3/31/21 14:51,sad4,scared3,Sad_2_pause_2,option1,en de,Often,Often,Sometimes
279,66703,ee2463a5-f03d-41b5-a7d3-816e05bff7d3,m,19-null,3.410958904,3/31/21 14:51,happy2,angry4,Happy_2_pause_2,option1,en de,Often,Often,Sometimes
280,66703,ee2463a5-f03d-41b5-a7d3-816e05bff7d3,m,20-null,3.410958904,3/31/21 14:51,scared1,angry4,Angry_1_pause_2,option2,en de,Often,Often,Sometimes
281,66703,ee2463a5-f03d-41b5-a7d3-816e05bff7d3,m,21-null,3.410958904,3/31/21 14:51,happy4,scared1,Scared_2_pause_2,option2,en de,Often,Often,Sometimes
282,66703,ee2463a5-f03d-41b5-a7d3-816e05bff7d3,m,22-null,3.410958904,3/31/21 14:51,happy1,scared2,Happy_2_pause_2,option1,en de,Often,Often,Sometimes
283,66703,ee2463a5-f03d-41b5-a7d3-816e05bff7d3,m,23-null,3.410958904,3/31/21 14:51,happy6,scared6,Scared_1_pause_2,option2,en de,Often,Often,Sometimes
284,66703,ee2463a5-f03d-41b5-a7d3-816e05bff7d3,m,24-null,3.410958904,3/31/21 14:51,happy3,angry3,Angry_2_pause_2,option2,en de,Often,Often,Sometimes
285,66703,ee2463a5-f03d-41b5-a7d3-816e05bff7d3,m,25-null,3.410958904,3/31/21 14:51,sad1,angry5,Sad_2_pause_2,option2,en de,Often,Often,Sometimes
286,66703,ee2463a5-f03d-41b5-a7d3-816e05bff7d3,m,26-null,3.410958904,3/31/21 14:51,sad5,angry6,Angry_1_pause_2,option1,en de,Often,Often,Sometimes
287,66703,ee2463a5-f03d-41b5-a7d3-816e05bff7d3,m,27-null,3.410958904,3/31/21 14:51,happy4,sad3,Happy_1_pause_2,option1,en de,Often,Often,Sometimes
288,66703,ee2463a5-f03d-41b5-a7d3-816e05bff7d3,m,28-null,3.410958904,3/31/21 14:51,scared5,sad1,Scared_2_pause_2,option1,en de,Often,Often,Sometimes
289,66703,ee2463a5-f03d-41b5-a7d3-816e05bff7d3,m,29-null,3.410958904,3/31/21 14:51,happy1,sad3,Sad_1_pause_2,option1,en de,Often,Often,Sometimes
290,66703,ee2463a5-f03d-41b5-a7d3-816e05bff7d3,m,30-null,3.410958904,3/31/21 14:51,happy5,sad4,Happy_1_pause_2,option2,en de,Often,Often,Sometimes
291,66703,ee2463a5-f03d-41b5-a7d3-816e05bff7d3,m,31-null,3.410958904,3/31/21 14:51,angry1,sad2,Angry_2_pause_2,option1,en de,Often,Often,Sometimes
292,66703,ee2463a5-f03d-41b5-a7d3-816e05bff7d3,m,32-null,3.410958904,3/31/21 14:51,scared6,happy3,Happy_1_pause_2,option1,en de,Often,Often,Sometimes
293,66703,ee2463a5-f03d-41b5-a7d3-816e05bff7d3,m,33-null,3.410958904,3/31/21 14:51,sad6,scared3,Scared_1_pause_2,option2,en de,Often,Often,Sometimes
294,66703,ee2463a5-f03d-41b5-a7d3-816e05bff7d3,m,34-null,3.410958904,3/31/21 14:51,sad2,scared5,Sad_1_pause_2,option1,en de,Often,Often,Sometimes
295,66771,b4eb713b-eab2-47cc-b67d-7ff237cf49f5,m,11-null,3.608219178,3/31/21 22:52,scared3,angry4,Angry_2_pause_2,option2,en,Sometimes,Sometimes,Sometimes
296,66771,b4eb713b-eab2-47cc-b67d-7ff237cf49f5,m,12-null,3.608219178,3/31/21 22:52,scared4,sad6,Scared_2_pause_2,option1,en,Sometimes,Sometimes,Sometimes
297,66771,b4eb713b-eab2-47cc-b67d-7ff237cf49f5,m,13-null,3.608219178,3/31/21 22:52,angry1,sad1,Angry_1_pause_2,option1,en,Sometimes,Sometimes,Sometimes
298,66771,b4eb713b-eab2-47cc-b67d-7ff237cf49f5,m,14-null,3.608219178,3/31/21 22:52,angry6,happy4,Happy_1_pause_2,option2,en,Sometimes,Sometimes,Sometimes
299,66771,b4eb713b-eab2-47cc-b67d-7ff237cf49f5,m,16-null,3.608219178,3/31/21 22:52,sad2,happy2,Happy_1_pause_2,option2,en,Sometimes,Sometimes,Sometimes
300,66771,b4eb713b-eab2-47cc-b67d-7ff237cf49f5,m,17-null,3.608219178,3/31/21 22:52,sad2,happy6,Sad_1_pause_2,option1,en,Sometimes,Sometimes,Sometimes
301,66771,b4eb713b-eab2-47cc-b67d-7ff237cf49f5,m,18-null,3.608219178,3/31/21 22:52,angry6,happy5,Angry_2_pause_2,option1,en,Sometimes,Sometimes,Sometimes
302,66771,b4eb713b-eab2-47cc-b67d-7ff237cf49f5,m,19-null,3.608219178,3/31/21 22:52,happy1,angry1,Happy_1_pause_2,option1,en,Sometimes,Sometimes,Sometimes
303,66771,b4eb713b-eab2-47cc-b67d-7ff237cf49f5,m,20-null,3.608219178,3/31/21 22:52,sad6,happy3,Sad_2_pause_2,option1,en,Sometimes,Sometimes,Sometimes
304,66771,b4eb713b-eab2-47cc-b67d-7ff237cf49f5,m,21-null,3.608219178,3/31/21 22:52,scared2,happy1,Scared_2_pause_2,option1,en,Sometimes,Sometimes,Sometimes
305,66771,b4eb713b-eab2-47cc-b67d-7ff237cf49f5,m,22-null,3.608219178,3/31/21 22:52,angry4,scared1,Scared_2_pause_2,option2,en,Sometimes,Sometimes,Sometimes
306,66771,b4eb713b-eab2-47cc-b67d-7ff237cf49f5,m,23-null,3.608219178,3/31/21 22:52,sad4,scared3,Scared_1_pause_2,option2,en,Sometimes,Sometimes,Sometimes
307,66771,b4eb713b-eab2-47cc-b67d-7ff237cf49f5,m,24-null,3.608219178,3/31/21 22:52,scared6,sad4,Sad_2_pause_2,option2,en,Sometimes,Sometimes,Sometimes
308,66771,b4eb713b-eab2-47cc-b67d-7ff237cf49f5,m,25-null,3.608219178,3/31/21 22:52,happy3,scared1,Happy_2_pause_2,option1,en,Sometimes,Sometimes,Sometimes
309,66771,b4eb713b-eab2-47cc-b67d-7ff237cf49f5,m,26-null,3.608219178,3/31/21 22:52,sad1,scared4,Sad_2_pause_2,option1,en,Sometimes,Sometimes,Sometimes
310,66771,b4eb713b-eab2-47cc-b67d-7ff237cf49f5,m,27-null,3.608219178,3/31/21 22:52,angry3,sad3,Sad_1_pause_2,option2,en,Sometimes,Sometimes,Sometimes
311,66771,b4eb713b-eab2-47cc-b67d-7ff237cf49f5,m,28-null,3.608219178,3/31/21 22:52,scared5,happy6,Happy_2_pause_2,option2,en,Sometimes,Sometimes,Sometimes
312,66771,b4eb713b-eab2-47cc-b67d-7ff237cf49f5,m,29-null,3.608219178,3/31/21 22:52,happy5,sad3,Happy_2_pause_2,option1,en,Sometimes,Sometimes,Sometimes
313,66771,b4eb713b-eab2-47cc-b67d-7ff237cf49f5,m,30-null,3.608219178,3/31/21 22:52,happy4,scared5,Scared_1_pause_2,option2,en,Sometimes,Sometimes,Sometimes
314,66771,b4eb713b-eab2-47cc-b67d-7ff237cf49f5,m,31-null,3.608219178,3/31/21 22:52,angry5,happy2,Angry_1_pause_2,option1,en,Sometimes,Sometimes,Sometimes
315,66771,b4eb713b-eab2-47cc-b67d-7ff237cf49f5,m,32-null,3.608219178,3/31/21 22:52,angry5,sad5,Sad_1_pause_2,option2,en,Sometimes,Sometimes,Sometimes
316,66771,b4eb713b-eab2-47cc-b67d-7ff237cf49f5,m,33-null,3.608219178,3/31/21 22:52,scared2,angry3,Angry_1_pause_2,option2,en,Sometimes,Sometimes,Sometimes
317,66771,b4eb713b-eab2-47cc-b67d-7ff237cf49f5,m,34-null,3.608219178,3/31/21 22:52,scared6,angry2,Scared_1_pause_2,option1,en,Sometimes,Sometimes,Sometimes
318,66832,81d913cd-2fb9-4f82-a534-5be5e16e78ab,f,11-null,3.767123288,3/1/21 14:12,scared1,angry4,Scared_2_pause_2,option1,en,Often,Often,Often
319,66832,81d913cd-2fb9-4f82-a534-5be5e16e78ab,f,12-null,3.767123288,3/1/21 14:12,sad2,scared6,Scared_1_pause_2,option2,en,Often,Often,Often
320,66832,81d913cd-2fb9-4f82-a534-5be5e16e78ab,f,13-null,3.767123288,3/1/21 14:12,scared3,happy2,Scared_2_pause_2,option1,en,Often,Often,Often
321,66832,81d913cd-2fb9-4f82-a534-5be5e16e78ab,f,14-null,3.767123288,3/1/21 14:12,angry1,scared4,Scared_2_pause_2,option1,en,Often,Often,Often
322,66832,81d913cd-2fb9-4f82-a534-5be5e16e78ab,f,16-null,3.767123288,3/1/21 14:12,angry5,sad6,Sad_2_pause_2,option2,en,Often,Often,Often
323,66832,81d913cd-2fb9-4f82-a534-5be5e16e78ab,f,17-null,3.767123288,3/1/21 14:12,angry1,sad4,Angry_2_pause_2,option1,en,Often,Often,Often
324,66832,81d913cd-2fb9-4f82-a534-5be5e16e78ab,f,18-null,3.767123288,3/1/21 14:12,angry6,happy1,Happy_2_pause_2,option1,en,Often,Often,Often
325,66832,81d913cd-2fb9-4f82-a534-5be5e16e78ab,f,19-null,3.767123288,3/1/21 14:12,scared3,sad4,Sad_2_pause_2,option2,en,Often,Often,Often
326,66832,81d913cd-2fb9-4f82-a534-5be5e16e78ab,f,20-null,3.767123288,3/1/21 14:12,sad1,happy5,Happy_1_pause_2,option1,en,Often,Often,Often
327,66832,81d913cd-2fb9-4f82-a534-5be5e16e78ab,f,21-null,3.767123288,3/1/21 14:12,scared4,happy2,Happy_1_pause_2,option1,en,Often,Often,Often
328,66832,81d913cd-2fb9-4f82-a534-5be5e16e78ab,f,22-null,3.767123288,3/1/21 14:12,scared6,angry3,Angry_2_pause_2,option2,en,Often,Often,Often
329,66832,81d913cd-2fb9-4f82-a534-5be5e16e78ab,f,23-null,3.767123288,3/1/21 14:12,angry2,happy5,Angry_1_pause_2,option1,en,Often,Often,Often
330,66832,81d913cd-2fb9-4f82-a534-5be5e16e78ab,f,24-null,3.767123288,3/1/21 14:12,sad2,scared5,Sad_1_pause_2,option1,en,Often,Often,Often
331,66832,81d913cd-2fb9-4f82-a534-5be5e16e78ab,f,25-null,3.767123288,3/1/21 14:12,angry6,sad6,Angry_1_pause_2,option2,en,Often,Often,Often
332,66832,81d913cd-2fb9-4f82-a534-5be5e16e78ab,f,26-null,3.767123288,3/1/21 14:12,angry3,sad3,Sad_1_pause_2,option2,en,Often,Often,Often
333,66832,81d913cd-2fb9-4f82-a534-5be5e16e78ab,f,27-null,3.767123288,3/1/21 14:12,happy3,sad1,Sad_1_pause_2,option2,en,Often,Often,Often
334,66832,81d913cd-2fb9-4f82-a534-5be5e16e78ab,f,28-null,3.767123288,3/1/21 14:12,scared2,happy4,Happy_2_pause_2,option1,en,Often,Often,Often
335,66832,81d913cd-2fb9-4f82-a534-5be5e16e78ab,f,29-null,3.767123288,3/1/21 14:12,scared5,happy6,Scared_1_pause_2,option2,en,Often,Often,Often
336,66832,81d913cd-2fb9-4f82-a534-5be5e16e78ab,f,30-null,3.767123288,3/1/21 14:12,happy4,sad5,Sad_2_pause_2,option2,en,Often,Often,Often
337,66832,81d913cd-2fb9-4f82-a534-5be5e16e78ab,f,31-null,3.767123288,3/1/21 14:12,angry4,scared1,Angry_2_pause_2,option2,en,Often,Often,Often
338,66832,81d913cd-2fb9-4f82-a534-5be5e16e78ab,f,32-null,3.767123288,3/1/21 14:12,happy3,sad3,Happy_2_pause_2,option1,en,Often,Often,Often
339,66832,81d913cd-2fb9-4f82-a534-5be5e16e78ab,f,33-null,3.767123288,3/1/21 14:12,happy6,angry2,Happy_1_pause_2,option1,en,Often,Often,Often
340,66832,81d913cd-2fb9-4f82-a534-5be5e16e78ab,f,34-null,3.767123288,3/1/21 14:12,happy1,angry5,Angry_1_pause_2,option2,en,Often,Often,Often
341,66917,8c1ac042-30f0-445e-9eb5-5fc28c988bd3,m,11-null,2.164383562,3/1/21 21:35,happy2,sad3,Happy_2_pause_2,option1,en,Sometimes,Rarely,Never
342,66917,8c1ac042-30f0-445e-9eb5-5fc28c988bd3,m,12-null,2.164383562,3/1/21 21:35,sad1,happy1,Sad_2_pause_2,option1,en,Sometimes,Rarely,Never
343,66917,8c1ac042-30f0-445e-9eb5-5fc28c988bd3,m,13-null,2.164383562,3/1/21 21:35,happy6,angry5,Angry_2_pause_2,option2,en,Sometimes,Rarely,Never
344,66917,8c1ac042-30f0-445e-9eb5-5fc28c988bd3,m,14-null,2.164383562,3/1/21 21:35,sad5,scared4,Scared_1_pause_2,option1,en,Sometimes,Rarely,Never
345,66917,8c1ac042-30f0-445e-9eb5-5fc28c988bd3,m,16-null,2.164383562,3/1/21 21:35,scared2,sad2,Sad_1_pause_2,option2,en,Sometimes,Rarely,Never
346,66917,8c1ac042-30f0-445e-9eb5-5fc28c988bd3,m,17-null,2.164383562,3/1/21 21:35,happy6,scared6,Happy_1_pause_2,option1,en,Sometimes,Rarely,Never
347,66917,8c1ac042-30f0-445e-9eb5-5fc28c988bd3,m,18-null,2.164383562,3/1/21 21:35,angry1,happy4,Angry_1_pause_2,option1,en,Sometimes,Rarely,Never
348,66917,8c1ac042-30f0-445e-9eb5-5fc28c988bd3,m,19-null,2.164383562,3/1/21 21:35,happy3,scared5,Scared_1_pause_2,option1,en,Sometimes,Rarely,Never
349,66917,8c1ac042-30f0-445e-9eb5-5fc28c988bd3,m,20-null,2.164383562,3/1/21 21:35,happy3,scared4,Happy_2_pause_2,option1,en,Sometimes,Rarely,Never
350,66917,8c1ac042-30f0-445e-9eb5-5fc28c988bd3,m,21-null,2.164383562,3/1/21 21:35,angry6,happy1,Happy_1_pause_2,option2,en,Sometimes,Rarely,Never
351,66917,8c1ac042-30f0-445e-9eb5-5fc28c988bd3,m,22-null,2.164383562,3/1/21 21:35,angry2,sad5,Sad_1_pause_2,option1,en,Sometimes,Rarely,Never
352,66917,8c1ac042-30f0-445e-9eb5-5fc28c988bd3,m,23-null,2.164383562,3/1/21 21:35,happy2,scared1,Scared_1_pause_2,option1,en,Sometimes,Rarely,Never
353,66917,8c1ac042-30f0-445e-9eb5-5fc28c988bd3,m,24-null,2.164383562,3/1/21 21:35,scared2,angry4,Scared_2_pause_2,option1,en,Sometimes,Rarely,Never
354,66917,8c1ac042-30f0-445e-9eb5-5fc28c988bd3,m,25-null,2.164383562,3/1/21 21:35,angry3,scared5,Angry_1_pause_2,option1,en,Sometimes,Rarely,Never
355,66917,8c1ac042-30f0-445e-9eb5-5fc28c988bd3,m,26-null,2.164383562,3/1/21 21:35,scared1,sad6,Sad_2_pause_2,option1,en,Sometimes,Rarely,Never
356,66917,8c1ac042-30f0-445e-9eb5-5fc28c988bd3,m,27-null,2.164383562,3/1/21 21:35,angry6,sad6,Angry_2_pause_2,option1,en,Sometimes,Rarely,Never
357,66917,8c1ac042-30f0-445e-9eb5-5fc28c988bd3,m,28-null,2.164383562,3/1/21 21:35,scared3,angry3,Scared_2_pause_2,option2,en,Sometimes,Rarely,Never
358,66917,8c1ac042-30f0-445e-9eb5-5fc28c988bd3,m,29-null,2.164383562,3/1/21 21:35,happy4,angry1,Happy_2_pause_2,option1,en,Sometimes,Rarely,Never
359,66917,8c1ac042-30f0-445e-9eb5-5fc28c988bd3,m,30-null,2.164383562,3/1/21 21:35,angry2,sad2,Angry_2_pause_2,option1,en,Sometimes,Rarely,Never
360,66917,8c1ac042-30f0-445e-9eb5-5fc28c988bd3,m,31-null,2.164383562,3/1/21 21:35,angry4,scared3,Angry_1_pause_2,option1,en,Sometimes,Rarely,Never
361,66917,8c1ac042-30f0-445e-9eb5-5fc28c988bd3,m,32-null,2.164383562,3/1/21 21:35,angry5,sad3,Sad_2_pause_2,option1,en,Sometimes,Rarely,Never
362,66917,8c1ac042-30f0-445e-9eb5-5fc28c988bd3,m,33-null,2.164383562,3/1/21 21:35,happy5,sad4,Happy_1_pause_2,option1,en,Sometimes,Rarely,Never
363,66917,8c1ac042-30f0-445e-9eb5-5fc28c988bd3,m,34-null,2.164383562,3/1/21 21:35,sad4,happy5,Sad_1_pause_2,option2,en,Sometimes,Rarely,Never
364,66928,4ab96493-71e7-46fe-b1e8-b56c63bd639b,m,11-null,4.276712329,3/1/21 22:53,scared4,happy6,Scared_1_pause_2,option1,en es,Always,Always,Always
365,66928,4ab96493-71e7-46fe-b1e8-b56c63bd639b,m,12-null,4.276712329,3/1/21 22:53,happy3,angry4,Angry_2_pause_2,option2,en es,Always,Always,Always
366,66928,4ab96493-71e7-46fe-b1e8-b56c63bd639b,m,13-null,4.276712329,3/1/21 22:53,sad6,happy2,Happy_1_pause_2,option2,en es,Always,Always,Always
367,66928,4ab96493-71e7-46fe-b1e8-b56c63bd639b,m,14-null,4.276712329,3/1/21 22:53,happy4,scared6,Happy_2_pause_2,option1,en es,Always,Always,Always
368,66928,4ab96493-71e7-46fe-b1e8-b56c63bd639b,m,16-null,4.276712329,3/1/21 22:53,angry4,scared1,Scared_2_pause_2,option2,en es,Always,Always,Always
369,66928,4ab96493-71e7-46fe-b1e8-b56c63bd639b,m,17-null,4.276712329,3/1/21 22:53,happy3,angry2,Happy_2_pause_2,option1,en es,Always,Always,Always
370,66928,4ab96493-71e7-46fe-b1e8-b56c63bd639b,m,18-null,4.276712329,3/1/21 22:53,sad3,angry1,Angry_1_pause_2,option2,en es,Always,Always,Always
371,66928,4ab96493-71e7-46fe-b1e8-b56c63bd639b,m,19-null,4.276712329,3/1/21 22:53,scared3,happy4,Scared_2_pause_2,option1,en es,Always,Always,Always
372,66928,4ab96493-71e7-46fe-b1e8-b56c63bd639b,m,20-null,4.276712329,3/1/21 22:53,scared5,sad2,Scared_2_pause_2,option1,en es,Always,Always,Always
373,66928,4ab96493-71e7-46fe-b1e8-b56c63bd639b,m,21-null,4.276712329,3/1/21 22:53,sad4,happy2,Sad_2_pause_2,option1,en es,Always,Always,Always
374,66928,4ab96493-71e7-46fe-b1e8-b56c63bd639b,m,22-null,4.276712329,3/1/21 22:53,sad1,scared6,Scared_1_pause_2,option2,en es,Always,Always,Always
375,66928,4ab96493-71e7-46fe-b1e8-b56c63bd639b,m,23-null,4.276712329,3/1/21 22:53,happy5,sad6,Sad_1_pause_2,option2,en es,Always,Always,Always
376,66928,4ab96493-71e7-46fe-b1e8-b56c63bd639b,m,24-null,4.276712329,3/1/21 22:53,sad3,scared4,Sad_2_pause_2,option1,en es,Always,Always,Always
377,66928,4ab96493-71e7-46fe-b1e8-b56c63bd639b,m,25-null,4.276712329,3/1/21 22:53,scared2,angry5,Scared_1_pause_2,option1,en es,Always,Always,Always
378,66928,4ab96493-71e7-46fe-b1e8-b56c63bd639b,m,26-null,4.276712329,3/1/21 22:53,sad1,angry3,Sad_2_pause_2,option1,en es,Always,Always,Always
379,66928,4ab96493-71e7-46fe-b1e8-b56c63bd639b,m,27-null,4.276712329,3/1/21 22:53,happy1,scared2,Happy_1_pause_2,option1,en es,Always,Always,Always
380,66928,4ab96493-71e7-46fe-b1e8-b56c63bd639b,m,28-null,4.276712329,3/1/21 22:53,sad2,scared1,Sad_1_pause_2,option1,en es,Always,Always,Always
381,66928,4ab96493-71e7-46fe-b1e8-b56c63bd639b,m,29-null,4.276712329,3/1/21 22:53,angry6,happy6,Happy_1_pause_2,option2,en es,Always,Always,Always
382,66928,4ab96493-71e7-46fe-b1e8-b56c63bd639b,m,30-null,4.276712329,3/1/21 22:53,angry2,sad5,Angry_1_pause_2,option1,en es,Always,Always,Always
383,66928,4ab96493-71e7-46fe-b1e8-b56c63bd639b,m,31-null,4.276712329,3/1/21 22:53,sad4,happy5,Happy_2_pause_2,option2,en es,Always,Always,Always
384,66928,4ab96493-71e7-46fe-b1e8-b56c63bd639b,m,32-null,4.276712329,3/1/21 22:53,angry1,sad5,Sad_1_pause_2,option2,en es,Always,Always,Always
385,66928,4ab96493-71e7-46fe-b1e8-b56c63bd639b,m,33-null,4.276712329,3/1/21 22:53,happy1,angry3,Angry_1_pause_2,option2,en es,Always,Always,Always
386,66928,4ab96493-71e7-46fe-b1e8-b56c63bd639b,m,34-null,4.276712329,3/1/21 22:53,scared3,angry5,Angry_2_pause_2,option2,en es,Always,Always,Always
387,66940,57931456-74e1-4ebc-b0bb-cdd6b3fb02d5,f,11-null,4.235616438,3/2/21 0:25,sad5,angry3,Sad_2_pause_2,option1,,Always,Always,Often
388,66940,57931456-74e1-4ebc-b0bb-cdd6b3fb02d5,f,12-null,4.235616438,3/2/21 0:25,happy6,sad1,Sad_1_pause_2,option2,,Always,Always,Often
389,66940,57931456-74e1-4ebc-b0bb-cdd6b3fb02d5,f,13-null,4.235616438,3/2/21 0:25,scared4,angry4,Scared_2_pause_2,option1,,Always,Always,Often
390,66940,57931456-74e1-4ebc-b0bb-cdd6b3fb02d5,f,14-null,4.235616438,3/2/21 0:25,angry2,scared6,Angry_1_pause_2,option1,,Always,Always,Often
391,66940,57931456-74e1-4ebc-b0bb-cdd6b3fb02d5,f,16-null,4.235616438,3/2/21 0:25,sad5,scared2,Scared_1_pause_2,option2,,Always,Always,Often
392,66940,57931456-74e1-4ebc-b0bb-cdd6b3fb02d5,f,17-null,4.235616438,3/2/21 0:25,happy2,scared2,Happy_1_pause_2,option1,,Always,Always,Often
393,66940,57931456-74e1-4ebc-b0bb-cdd6b3fb02d5,f,18-null,4.235616438,3/2/21 0:25,sad4,angry1,Sad_1_pause_2,option1,,Always,Always,Often
394,66940,57931456-74e1-4ebc-b0bb-cdd6b3fb02d5,f,19-null,4.235616438,3/2/21 0:25,happy5,angry5,Angry_2_pause_2,option2,,Always,Always,Often
395,66940,57931456-74e1-4ebc-b0bb-cdd6b3fb02d5,f,20-null,4.235616438,3/2/21 0:25,angry4,sad1,Angry_2_pause_2,option1,,Always,Always,Often
396,66940,57931456-74e1-4ebc-b0bb-cdd6b3fb02d5,f,21-null,4.235616438,3/2/21 0:25,angry2,happy1,Happy_1_pause_2,option2,,Always,Always,Often
397,66940,57931456-74e1-4ebc-b0bb-cdd6b3fb02d5,f,22-null,4.235616438,3/2/21 0:25,sad2,happy3,Happy_1_pause_2,option2,,Always,Always,Often
398,66940,57931456-74e1-4ebc-b0bb-cdd6b3fb02d5,f,23-null,4.235616438,3/2/21 0:25,sad2,scared3,Sad_1_pause_2,option1,,Always,Always,Often
399,66940,57931456-74e1-4ebc-b0bb-cdd6b3fb02d5,f,24-null,4.235616438,3/2/21 0:25,sad3,angry3,Angry_1_pause_2,option2,,Always,Always,Often
400,66940,57931456-74e1-4ebc-b0bb-cdd6b3fb02d5,f,25-null,4.235616438,3/2/21 0:25,scared1,happy6,Happy_2_pause_2,option2,,Always,Always,Often
401,66940,57931456-74e1-4ebc-b0bb-cdd6b3fb02d5,f,26-null,4.235616438,3/2/21 0:25,happy3,sad3,Sad_2_pause_2,option2,,Always,Always,Often
402,66940,57931456-74e1-4ebc-b0bb-cdd6b3fb02d5,f,27-null,4.235616438,3/2/21 0:25,scared4,sad6,Sad_2_pause_2,option2,,Always,Always,Often
403,66940,57931456-74e1-4ebc-b0bb-cdd6b3fb02d5,f,28-null,4.235616438,3/2/21 0:25,scared3,sad6,Scared_1_pause_2,option1,,Always,Always,Often
404,66940,57931456-74e1-4ebc-b0bb-cdd6b3fb02d5,f,29-null,4.235616438,3/2/21 0:25,sad4,happy4,Happy_2_pause_2,option2,,Always,Always,Often
405,66940,57931456-74e1-4ebc-b0bb-cdd6b3fb02d5,f,30-null,4.235616438,3/2/21 0:25,happy1,angry6,Angry_1_pause_2,option2,,Always,Always,Often
406,66940,57931456-74e1-4ebc-b0bb-cdd6b3fb02d5,f,31-null,4.235616438,3/2/21 0:25,scared5,angry5,Scared_1_pause_2,option1,,Always,Always,Often
407,66940,57931456-74e1-4ebc-b0bb-cdd6b3fb02d5,f,32-null,4.235616438,3/2/21 0:25,happy5,angry6,Happy_2_pause_2,option1,,Always,Always,Often
408,66940,57931456-74e1-4ebc-b0bb-cdd6b3fb02d5,f,33-null,4.235616438,3/2/21 0:25,scared1,happy2,Scared_2_pause_2,option1,,Always,Always,Often
409,66940,57931456-74e1-4ebc-b0bb-cdd6b3fb02d5,f,34-null,4.235616438,3/2/21 0:25,scared6,happy4,Scared_2_pause_2,option1,,Always,Always,Often
410,66962,3267049f-962a-4e21-84c3-a00b1f277a74,f,11-null,4.849315068,3/2/21 12:45,scared3,sad3,Sad_2_pause_2,option2,en cmn tl yue,Often,Often,Often
411,66962,3267049f-962a-4e21-84c3-a00b1f277a74,f,12-null,4.849315068,3/2/21 12:45,happy2,angry4,Happy_2_pause_2,option1,en cmn tl yue,Often,Often,Often
412,66962,3267049f-962a-4e21-84c3-a00b1f277a74,f,13-null,4.849315068,3/2/21 12:45,sad3,scared4,Scared_1_pause_2,option2,en cmn tl yue,Often,Often,Often
413,66962,3267049f-962a-4e21-84c3-a00b1f277a74,f,14-null,4.849315068,3/2/21 12:45,sad1,happy5,Happy_2_pause_2,option2,en cmn tl yue,Often,Often,Often
414,66962,3267049f-962a-4e21-84c3-a00b1f277a74,f,16-null,4.849315068,3/2/21 12:45,happy6,angry3,Angry_2_pause_2,option2,en cmn tl yue,Often,Often,Often
415,66962,3267049f-962a-4e21-84c3-a00b1f277a74,f,17-null,4.849315068,3/2/21 12:45,sad6,angry5,Angry_2_pause_2,option2,en cmn tl yue,Often,Often,Often
416,66962,3267049f-962a-4e21-84c3-a00b1f277a74,f,18-null,4.849315068,3/2/21 12:45,angry1,scared6,Angry_2_pause_2,option1,en cmn tl yue,Often,Often,Often
417,66962,3267049f-962a-4e21-84c3-a00b1f277a74,f,19-null,4.849315068,3/2/21 12:45,happy6,scared5,Happy_1_pause_2,option1,en cmn tl yue,Often,Often,Often
418,66962,3267049f-962a-4e21-84c3-a00b1f277a74,f,20-null,4.849315068,3/2/21 12:45,happy2,scared6,Scared_2_pause_2,option2,en cmn tl yue,Often,Often,Often
419,66962,3267049f-962a-4e21-84c3-a00b1f277a74,f,21-null,4.849315068,3/2/21 12:45,sad2,happy5,Sad_1_pause_2,option1,en cmn tl yue,Often,Often,Often
420,66962,3267049f-962a-4e21-84c3-a00b1f277a74,f,22-null,4.849315068,3/2/21 12:45,angry4,happy4,Angry_1_pause_2,option1,en cmn tl yue,Often,Often,Often
421,66962,3267049f-962a-4e21-84c3-a00b1f277a74,f,23-null,4.849315068,3/2/21 12:45,scared5,sad2,Scared_2_pause_2,option1,en cmn tl yue,Often,Often,Often
422,66962,3267049f-962a-4e21-84c3-a00b1f277a74,f,24-null,4.849315068,3/2/21 12:45,happy1,sad5,Happy_1_pause_2,option1,en cmn tl yue,Often,Often,Often
423,66962,3267049f-962a-4e21-84c3-a00b1f277a74,f,25-null,4.849315068,3/2/21 12:45,happy4,scared1,Happy_1_pause_2,option1,en cmn tl yue,Often,Often,Often
424,66962,3267049f-962a-4e21-84c3-a00b1f277a74,f,26-null,4.849315068,3/2/21 12:45,sad4,scared2,Sad_2_pause_2,option1,en cmn tl yue,Often,Often,Often
425,66962,3267049f-962a-4e21-84c3-a00b1f277a74,f,27-null,4.849315068,3/2/21 12:45,angry3,scared1,Scared_2_pause_2,option2,en cmn tl yue,Often,Often,Often
426,66962,3267049f-962a-4e21-84c3-a00b1f277a74,f,28-null,4.849315068,3/2/21 12:45,sad4,angry6,Angry_1_pause_2,option2,en cmn tl yue,Often,Often,Often
427,66962,3267049f-962a-4e21-84c3-a00b1f277a74,f,29-null,4.849315068,3/2/21 12:45,sad1,angry2,Sad_1_pause_2,option1,en cmn tl yue,Often,Often,Often
428,66962,3267049f-962a-4e21-84c3-a00b1f277a74,f,30-null,4.849315068,3/2/21 12:45,angry2,scared4,Angry_1_pause_2,option1,en cmn tl yue,Often,Often,Often
429,66962,3267049f-962a-4e21-84c3-a00b1f277a74,f,31-null,4.849315068,3/2/21 12:45,angry6,happy3,Happy_2_pause_2,option2,en cmn tl yue,Often,Often,Often
430,66962,3267049f-962a-4e21-84c3-a00b1f277a74,f,32-null,4.849315068,3/2/21 12:45,angry1,sad6,Sad_2_pause_2,option2,en cmn tl yue,Often,Often,Often
431,66962,3267049f-962a-4e21-84c3-a00b1f277a74,f,33-null,4.849315068,3/2/21 12:45,sad5,happy1,Sad_1_pause_2,option1,en cmn tl yue,Often,Often,Often
432,66962,3267049f-962a-4e21-84c3-a00b1f277a74,f,34-null,4.849315068,3/2/21 12:45,scared3,angry5,Scared_1_pause_2,option1,en cmn tl yue,Often,Often,Often
433,66973,fc836b84-374a-425b-a935-502e38876c4b,f,11-null,4.134246575,3/2/21 13:51,scared6,happy5,Happy_1_pause_2,option2,,Often,Often,Often
434,66973,fc836b84-374a-425b-a935-502e38876c4b,f,12-null,4.134246575,3/2/21 13:51,happy5,sad6,Sad_1_pause_2,option2,,Often,Often,Often
435,66973,fc836b84-374a-425b-a935-502e38876c4b,f,13-null,4.134246575,3/2/21 13:51,happy1,sad2,Happy_2_pause_2,option1,,Often,Often,Often
436,66973,fc836b84-374a-425b-a935-502e38876c4b,f,14-null,4.134246575,3/2/21 13:51,scared4,sad4,Sad_1_pause_2,option2,,Often,Often,Often
437,66973,fc836b84-374a-425b-a935-502e38876c4b,f,16-null,4.134246575,3/2/21 13:51,scared2,happy4,Scared_2_pause_2,option1,,Often,Often,Often
438,66973,fc836b84-374a-425b-a935-502e38876c4b,f,17-null,4.134246575,3/2/21 13:51,sad1,scared3,Sad_2_pause_2,option2,,Often,Often,Often
439,66973,fc836b84-374a-425b-a935-502e38876c4b,f,18-null,4.134246575,3/2/21 13:51,sad6,scared6,Scared_1_pause_2,option2,,Often,Often,Often
440,66973,fc836b84-374a-425b-a935-502e38876c4b,f,19-null,4.134246575,3/2/21 13:51,sad2,angry3,Sad_1_pause_2,option1,,Often,Often,Often
441,66973,fc836b84-374a-425b-a935-502e38876c4b,f,20-null,4.134246575,3/2/21 13:51,sad5,scared3,Scared_2_pause_2,option2,,Often,Often,Often
442,66973,fc836b84-374a-425b-a935-502e38876c4b,f,21-null,4.134246575,3/2/21 13:51,angry4,scared5,Angry_2_pause_2,option1,,Often,Often,Often
443,66973,fc836b84-374a-425b-a935-502e38876c4b,f,22-null,4.134246575,3/2/21 13:51,sad3,angry6,Angry_2_pause_2,option2,,Often,Often,Often
444,66973,fc836b84-374a-425b-a935-502e38876c4b,f,23-null,4.134246575,3/2/21 13:51,happy3,angry2,Angry_2_pause_2,option2,,Often,Often,Often
445,66973,fc836b84-374a-425b-a935-502e38876c4b,f,24-null,4.134246575,3/2/21 13:51,angry1,scared4,Scared_2_pause_2,option2,,Often,Often,Often
446,66973,fc836b84-374a-425b-a935-502e38876c4b,f,25-null,4.134246575,3/2/21 13:51,happy2,scared5,Scared_1_pause_2,option2,,Often,Often,Often
447,66973,fc836b84-374a-425b-a935-502e38876c4b,f,26-null,4.134246575,3/2/21 13:51,happy2,angry6,Happy_1_pause_2,option1,,Often,Often,Often
448,66973,fc836b84-374a-425b-a935-502e38876c4b,f,27-null,4.134246575,3/2/21 13:51,angry5,happy6,Angry_1_pause_2,option1,,Often,Often,Often
449,66973,fc836b84-374a-425b-a935-502e38876c4b,f,28-null,4.134246575,3/2/21 13:51,happy1,sad5,Sad_2_pause_2,option2,,Often,Often,Often
450,66973,fc836b84-374a-425b-a935-502e38876c4b,f,29-null,4.134246575,3/2/21 13:51,angry1,sad1,Angry_1_pause_2,option1,,Often,Often,Often
451,66973,fc836b84-374a-425b-a935-502e38876c4b,f,30-null,4.134246575,3/2/21 13:51,sad4,happy3,Happy_2_pause_2,option2,,Often,Often,Often
452,66973,fc836b84-374a-425b-a935-502e38876c4b,f,31-null,4.134246575,3/2/21 13:51,angry5,happy6,Happy_1_pause_2,option2,,Often,Often,Often
453,66973,fc836b84-374a-425b-a935-502e38876c4b,f,32-null,4.134246575,3/2/21 13:51,angry4,sad3,Sad_2_pause_2,option2,,Often,Often,Often
454,66973,fc836b84-374a-425b-a935-502e38876c4b,f,33-null,4.134246575,3/2/21 13:51,scared1,angry2,Scared_1_pause_2,option1,,Often,Often,Often
455,66973,fc836b84-374a-425b-a935-502e38876c4b,f,34-null,4.134246575,3/2/21 13:51,scared2,angry3,Angry_1_pause_2,option2,,Often,Often,Often
456,67016,73fe2a95-77c1-430b-9b6f-8240f9d81ae0,m,11-null,4.071232877,3/2/21 15:05,happy5,sad3,Happy_2_pause_2,option1,en es,Often,Often,Often
457,67016,73fe2a95-77c1-430b-9b6f-8240f9d81ae0,m,12-null,4.071232877,3/2/21 15:05,scared4,angry2,Scared_2_pause_2,option1,en es,Often,Often,Often
458,67016,73fe2a95-77c1-430b-9b6f-8240f9d81ae0,m,13-null,4.071232877,3/2/21 15:05,scared2,sad2,Scared_2_pause_2,option1,en es,Often,Often,Often
459,67016,73fe2a95-77c1-430b-9b6f-8240f9d81ae0,m,14-null,4.071232877,3/2/21 15:05,scared4,happy3,Happy_1_pause_2,option2,en es,Often,Often,Often
460,67016,73fe2a95-77c1-430b-9b6f-8240f9d81ae0,m,16-null,4.071232877,3/2/21 15:05,angry5,sad1,Sad_2_pause_2,option2,en es,Often,Often,Often
461,67016,73fe2a95-77c1-430b-9b6f-8240f9d81ae0,m,17-null,4.071232877,3/2/21 15:05,angry5,happy6,Angry_1_pause_2,option1,en es,Often,Often,Often
462,67016,73fe2a95-77c1-430b-9b6f-8240f9d81ae0,m,18-null,4.071232877,3/2/21 15:05,sad5,happy4,Sad_1_pause_2,option1,en es,Often,Often,Often
463,67016,73fe2a95-77c1-430b-9b6f-8240f9d81ae0,m,19-null,4.071232877,3/2/21 15:05,angry4,scared6,Scared_1_pause_2,option2,en es,Often,Often,Often
464,67016,73fe2a95-77c1-430b-9b6f-8240f9d81ae0,m,20-null,4.071232877,3/2/21 15:05,angry4,scared6,Angry_1_pause_2,option1,en es,Often,Often,Often
465,67016,73fe2a95-77c1-430b-9b6f-8240f9d81ae0,m,21-null,4.071232877,3/2/21 15:05,scared1,happy1,Scared_1_pause_2,option1,en es,Often,Often,Often
466,67016,73fe2a95-77c1-430b-9b6f-8240f9d81ae0,m,22-null,4.071232877,3/2/21 15:05,sad4,angry3,Angry_2_pause_2,option2,en es,Often,Often,Often
467,67016,73fe2a95-77c1-430b-9b6f-8240f9d81ae0,m,23-null,4.071232877,3/2/21 15:05,happy2,angry2,Angry_2_pause_2,option2,en es,Often,Often,Often
468,67016,73fe2a95-77c1-430b-9b6f-8240f9d81ae0,m,24-null,4.071232877,3/2/21 15:05,scared3,sad6,Scared_2_pause_2,option1,en es,Often,Often,Often
469,67016,73fe2a95-77c1-430b-9b6f-8240f9d81ae0,m,25-null,4.071232877,3/2/21 15:05,happy3,scared5,Scared_1_pause_2,option2,en es,Often,Often,Often
470,67016,73fe2a95-77c1-430b-9b6f-8240f9d81ae0,m,26-null,4.071232877,3/2/21 15:05,happy4,angry3,Happy_1_pause_2,option1,en es,Often,Often,Often
471,67016,73fe2a95-77c1-430b-9b6f-8240f9d81ae0,m,27-null,4.071232877,3/2/21 15:05,angry6,sad1,Angry_1_pause_2,option1,en es,Often,Often,Often
472,67016,73fe2a95-77c1-430b-9b6f-8240f9d81ae0,m,28-null,4.071232877,3/2/21 15:05,scared1,angry1,Angry_2_pause_2,option2,en es,Often,Often,Often
473,67016,73fe2a95-77c1-430b-9b6f-8240f9d81ae0,m,29-null,4.071232877,3/2/21 15:05,sad3,scared2,Sad_2_pause_2,option1,en es,Often,Often,Often
474,67016,73fe2a95-77c1-430b-9b6f-8240f9d81ae0,m,30-null,4.071232877,3/2/21 15:05,happy1,scared3,Happy_2_pause_2,option1,en es,Often,Often,Often
475,67016,73fe2a95-77c1-430b-9b6f-8240f9d81ae0,m,31-null,4.071232877,3/2/21 15:05,happy2,angry1,Happy_2_pause_2,option1,en es,Often,Often,Often
476,67016,73fe2a95-77c1-430b-9b6f-8240f9d81ae0,m,32-null,4.071232877,3/2/21 15:05,sad5,happy6,Happy_1_pause_2,option2,en es,Often,Often,Often
477,67016,73fe2a95-77c1-430b-9b6f-8240f9d81ae0,m,33-null,4.071232877,3/2/21 15:05,sad4,happy5,Sad_2_pause_2,option1,en es,Often,Often,Often
478,67016,73fe2a95-77c1-430b-9b6f-8240f9d81ae0,m,34-null,4.071232877,3/2/21 15:05,sad2,scared5,Sad_1_pause_2,option2,en es,Often,Often,Often
479,67058,65d55e6e-427e-41ec-905d-722baf942260,m,11-null,4.616438356,3/2/21 17:20,sad6,happy5,Happy_2_pause_2,option2,en,Often,Always,Sometimes
480,67058,65d55e6e-427e-41ec-905d-722baf942260,m,12-null,4.616438356,3/2/21 17:20,scared1,sad3,Scared_2_pause_2,option1,en,Often,Always,Sometimes
481,67058,65d55e6e-427e-41ec-905d-722baf942260,m,13-null,4.616438356,3/2/21 17:20,scared2,happy1,Scared_1_pause_2,option1,en,Often,Always,Sometimes
482,67058,65d55e6e-427e-41ec-905d-722baf942260,m,14-null,4.616438356,3/2/21 17:20,sad2,scared6,Scared_2_pause_2,option2,en,Often,Always,Sometimes
483,67058,65d55e6e-427e-41ec-905d-722baf942260,m,16-null,4.616438356,3/2/21 17:20,happy3,scared3,Scared_2_pause_2,option2,en,Often,Always,Sometimes
484,67058,65d55e6e-427e-41ec-905d-722baf942260,m,17-null,4.616438356,3/2/21 17:20,scared5,angry6,Scared_1_pause_2,option1,en,Often,Always,Sometimes
485,67058,65d55e6e-427e-41ec-905d-722baf942260,m,18-null,4.616438356,3/2/21 17:20,scared5,angry4,Angry_2_pause_2,option2,en,Often,Always,Sometimes
486,67058,65d55e6e-427e-41ec-905d-722baf942260,m,19-null,4.616438356,3/2/21 17:20,sad1,happy1,Happy_1_pause_2,option2,en,Often,Always,Sometimes
487,67058,65d55e6e-427e-41ec-905d-722baf942260,m,20-null,4.616438356,3/2/21 17:20,happy3,scared4,Happy_2_pause_2,option1,en,Often,Always,Sometimes
488,67058,65d55e6e-427e-41ec-905d-722baf942260,m,21-null,4.616438356,3/2/21 17:20,scared1,sad3,Sad_2_pause_2,option2,en,Often,Always,Sometimes
489,67058,65d55e6e-427e-41ec-905d-722baf942260,m,22-null,4.616438356,3/2/21 17:20,angry2,sad6,Sad_1_pause_2,option2,en,Often,Always,Sometimes
490,67058,65d55e6e-427e-41ec-905d-722baf942260,m,23-null,4.616438356,3/2/21 17:20,scared4,angry3,Scared_1_pause_2,option1,en,Often,Always,Sometimes
491,67058,65d55e6e-427e-41ec-905d-722baf942260,m,24-null,4.616438356,3/2/21 17:20,sad4,angry5,Sad_2_pause_2,option1,en,Often,Always,Sometimes
492,67058,65d55e6e-427e-41ec-905d-722baf942260,m,25-null,4.616438356,3/2/21 17:20,happy4,scared3,Happy_2_pause_2,option1,en,Often,Always,Sometimes
493,67058,65d55e6e-427e-41ec-905d-722baf942260,m,26-null,4.616438356,3/2/21 17:20,happy5,angry2,Angry_1_pause_2,option2,en,Often,Always,Sometimes
494,67058,65d55e6e-427e-41ec-905d-722baf942260,m,27-null,4.616438356,3/2/21 17:20,scared6,sad2,Sad_1_pause_2,option2,en,Often,Always,Sometimes
495,67058,65d55e6e-427e-41ec-905d-722baf942260,m,28-null,4.616438356,3/2/21 17:20,sad5,happy2,Sad_1_pause_2,option1,en,Often,Always,Sometimes
496,67058,65d55e6e-427e-41ec-905d-722baf942260,m,29-null,4.616438356,3/2/21 17:20,angry6,sad4,Angry_2_pause_2,option1,en,Often,Always,Sometimes
497,67058,65d55e6e-427e-41ec-905d-722baf942260,m,30-null,4.616438356,3/2/21 17:20,angry1,happy6,Angry_1_pause_2,option1,en,Often,Always,Sometimes
498,67058,65d55e6e-427e-41ec-905d-722baf942260,m,31-null,4.616438356,3/2/21 17:20,sad5,angry3,Angry_2_pause_2,option2,en,Often,Always,Sometimes
499,67058,65d55e6e-427e-41ec-905d-722baf942260,m,32-null,4.616438356,3/2/21 17:20,sad1,happy4,Sad_2_pause_2,option1,en,Often,Always,Sometimes
500,67058,65d55e6e-427e-41ec-905d-722baf942260,m,33-null,4.616438356,3/2/21 17:20,happy6,angry4,Happy_1_pause_2,option1,en,Often,Always,Sometimes
501,67058,65d55e6e-427e-41ec-905d-722baf942260,m,34-null,4.616438356,3/2/21 17:20,happy2,angry1,Happy_1_pause_2,option1,en,Often,Always,Sometimes
502,67073,0157212a-e00b-45d1-b3a9-dd3414787112,m,11-null,3.794520548,3/2/21 17:52,angry4,scared4,Scared_1_pause_2,option1,,Sometimes,Sometimes,Sometimes
503,67073,0157212a-e00b-45d1-b3a9-dd3414787112,m,12-null,3.794520548,3/2/21 17:52,happy6,scared3,Scared_2_pause_2,option1,,Sometimes,Sometimes,Sometimes
504,67073,0157212a-e00b-45d1-b3a9-dd3414787112,m,13-null,3.794520548,3/2/21 17:52,happy3,angry1,Angry_1_pause_2,option2,,Sometimes,Sometimes,Sometimes
505,67073,0157212a-e00b-45d1-b3a9-dd3414787112,m,14-null,3.794520548,3/2/21 17:52,happy4,angry2,Angry_2_pause_2,option1,,Sometimes,Sometimes,Sometimes
506,67073,0157212a-e00b-45d1-b3a9-dd3414787112,m,16-null,3.794520548,3/2/21 17:52,sad2,scared6,Sad_2_pause_2,option2,,Sometimes,Sometimes,Sometimes
507,67073,0157212a-e00b-45d1-b3a9-dd3414787112,m,17-null,3.794520548,3/2/21 17:52,scared2,sad6,Scared_1_pause_2,option1,,Sometimes,Sometimes,Sometimes
508,67073,0157212a-e00b-45d1-b3a9-dd3414787112,m,18-null,3.794520548,3/2/21 17:52,sad3,scared4,Sad_1_pause_2,option2,,Sometimes,Sometimes,Sometimes
509,67073,0157212a-e00b-45d1-b3a9-dd3414787112,m,19-null,3.794520548,3/2/21 17:52,happy6,angry2,Happy_2_pause_2,option2,,Sometimes,Sometimes,Sometimes
510,67073,0157212a-e00b-45d1-b3a9-dd3414787112,m,20-null,3.794520548,3/2/21 17:52,angry6,scared1,Angry_1_pause_2,option1,,Sometimes,Sometimes,Sometimes
511,67073,0157212a-e00b-45d1-b3a9-dd3414787112,m,21-null,3.794520548,3/2/21 17:52,sad6,happy2,Sad_2_pause_2,option1,,Sometimes,Sometimes,Sometimes
512,67073,0157212a-e00b-45d1-b3a9-dd3414787112,m,22-null,3.794520548,3/2/21 17:52,angry4,sad4,Angry_2_pause_2,option1,,Sometimes,Sometimes,Sometimes
513,67073,0157212a-e00b-45d1-b3a9-dd3414787112,m,23-null,3.794520548,3/2/21 17:52,happy1,sad3,Happy_1_pause_2,option1,,Sometimes,Sometimes,Sometimes
514,67073,0157212a-e00b-45d1-b3a9-dd3414787112,m,24-null,3.794520548,3/2/21 17:52,happy1,sad5,Sad_1_pause_2,option1,,Sometimes,Sometimes,Sometimes
515,67073,0157212a-e00b-45d1-b3a9-dd3414787112,m,25-null,3.794520548,3/2/21 17:52,scared3,angry5,Angry_1_pause_2,option1,,Sometimes,Sometimes,Sometimes
516,67073,0157212a-e00b-45d1-b3a9-dd3414787112,m,26-null,3.794520548,3/2/21 17:52,angry3,sad5,Angry_2_pause_2,option1,,Sometimes,Sometimes,Sometimes
517,67073,0157212a-e00b-45d1-b3a9-dd3414787112,m,27-null,3.794520548,3/2/21 17:52,happy5,scared5,Scared_2_pause_2,option1,,Sometimes,Sometimes,Sometimes
518,67073,0157212a-e00b-45d1-b3a9-dd3414787112,m,28-null,3.794520548,3/2/21 17:52,sad4,angry3,Sad_1_pause_2,option2,,Sometimes,Sometimes,Sometimes
519,67073,0157212a-e00b-45d1-b3a9-dd3414787112,m,29-null,3.794520548,3/2/21 17:52,angry1,sad1,Sad_2_pause_2,option2,,Sometimes,Sometimes,Sometimes
520,67073,0157212a-e00b-45d1-b3a9-dd3414787112,m,30-null,3.794520548,3/2/21 17:52,scared1,sad1,Scared_2_pause_2,option1,,Sometimes,Sometimes,Sometimes
521,67073,0157212a-e00b-45d1-b3a9-dd3414787112,m,31-null,3.794520548,3/2/21 17:52,happy3,sad2,Happy_1_pause_2,option2,,Sometimes,Sometimes,Sometimes
522,67073,0157212a-e00b-45d1-b3a9-dd3414787112,m,32-null,3.794520548,3/2/21 17:52,angry5,happy4,Happy_2_pause_2,option2,,Sometimes,Sometimes,Sometimes
523,67073,0157212a-e00b-45d1-b3a9-dd3414787112,m,33-null,3.794520548,3/2/21 17:52,happy5,scared2,Happy_2_pause_2,option2,,Sometimes,Sometimes,Sometimes
524,67073,0157212a-e00b-45d1-b3a9-dd3414787112,m,34-null,3.794520548,3/2/21 17:52,scared5,happy2,Happy_1_pause_2,option2,,Sometimes,Sometimes,Sometimes
525,67164,1c338d23-2436-40a2-b9ea-dd9b2e4ecb4d,f,11-null,3.687671233,3/2/21 20:55,angry6,sad5,Sad_1_pause_2,option2,en,Often,Often,Often
526,67164,1c338d23-2436-40a2-b9ea-dd9b2e4ecb4d,f,12-null,3.687671233,3/2/21 20:55,happy5,sad3,Sad_2_pause_2,option2,en,Often,Often,Often
527,67164,1c338d23-2436-40a2-b9ea-dd9b2e4ecb4d,f,13-null,3.687671233,3/2/21 20:55,angry1,sad6,Angry_2_pause_2,option1,en,Often,Often,Often
528,67164,1c338d23-2436-40a2-b9ea-dd9b2e4ecb4d,f,14-null,3.687671233,3/2/21 20:55,sad2,happy1,Sad_1_pause_2,option1,en,Often,Often,Often
529,67164,1c338d23-2436-40a2-b9ea-dd9b2e4ecb4d,f,16-null,3.687671233,3/2/21 20:55,angry4,scared4,Angry_1_pause_2,option1,en,Often,Often,Often
530,67164,1c338d23-2436-40a2-b9ea-dd9b2e4ecb4d,f,17-null,3.687671233,3/2/21 20:55,scared2,sad4,Sad_2_pause_2,option2,en,Often,Often,Often
531,67164,1c338d23-2436-40a2-b9ea-dd9b2e4ecb4d,f,18-null,3.687671233,3/2/21 20:55,angry2,happy2,Happy_1_pause_2,option2,en,Often,Often,Often
532,67164,1c338d23-2436-40a2-b9ea-dd9b2e4ecb4d,f,19-null,3.687671233,3/2/21 20:55,happy4,scared5,Happy_2_pause_2,option1,en,Often,Often,Often
533,67164,1c338d23-2436-40a2-b9ea-dd9b2e4ecb4d,f,20-null,3.687671233,3/2/21 20:55,happy6,sad5,Happy_1_pause_2,option1,en,Often,Often,Often
534,67164,1c338d23-2436-40a2-b9ea-dd9b2e4ecb4d,f,21-null,3.687671233,3/2/21 20:55,happy4,scared3,Scared_2_pause_2,option2,en,Often,Often,Often
535,67164,1c338d23-2436-40a2-b9ea-dd9b2e4ecb4d,f,22-null,3.687671233,3/2/21 20:55,sad1,scared6,Sad_2_pause_2,option1,en,Often,Often,Often
536,67164,1c338d23-2436-40a2-b9ea-dd9b2e4ecb4d,f,23-null,3.687671233,3/2/21 20:55,angry4,sad6,Sad_1_pause_2,option2,en,Often,Often,Often
537,67164,1c338d23-2436-40a2-b9ea-dd9b2e4ecb4d,f,24-null,3.687671233,3/2/21 20:55,happy1,sad1,Happy_2_pause_2,option1,en,Often,Often,Often
538,67164,1c338d23-2436-40a2-b9ea-dd9b2e4ecb4d,f,25-null,3.687671233,3/2/21 20:55,angry6,scared1,Angry_1_pause_2,option1,en,Often,Often,Often
539,67164,1c338d23-2436-40a2-b9ea-dd9b2e4ecb4d,f,26-null,3.687671233,3/2/21 20:55,happy3,scared3,Happy_2_pause_2,option1,en,Often,Often,Often
540,67164,1c338d23-2436-40a2-b9ea-dd9b2e4ecb4d,f,27-null,3.687671233,3/2/21 20:55,happy5,angry5,Happy_1_pause_2,option1,en,Often,Often,Often
541,67164,1c338d23-2436-40a2-b9ea-dd9b2e4ecb4d,f,28-null,3.687671233,3/2/21 20:55,sad2,angry3,Angry_2_pause_2,option2,en,Often,Often,Often
542,67164,1c338d23-2436-40a2-b9ea-dd9b2e4ecb4d,f,29-null,3.687671233,3/2/21 20:55,scared6,happy6,Scared_2_pause_2,option1,en,Often,Often,Often
543,67164,1c338d23-2436-40a2-b9ea-dd9b2e4ecb4d,f,30-null,3.687671233,3/2/21 20:55,happy3,angry2,Angry_2_pause_2,option2,en,Often,Often,Often
544,67164,1c338d23-2436-40a2-b9ea-dd9b2e4ecb4d,f,31-null,3.687671233,3/2/21 20:55,sad3,scared5,Scared_1_pause_2,option2,en,Often,Often,Often
545,67164,1c338d23-2436-40a2-b9ea-dd9b2e4ecb4d,f,32-null,3.687671233,3/2/21 20:55,scared1,sad4,Scared_1_pause_2,option1,en,Often,Often,Often
546,67164,1c338d23-2436-40a2-b9ea-dd9b2e4ecb4d,f,33-null,3.687671233,3/2/21 20:55,scared2,angry1,Scared_2_pause_2,option1,en,Often,Often,Often
547,67164,1c338d23-2436-40a2-b9ea-dd9b2e4ecb4d,f,34-null,3.687671233,3/2/21 20:55,angry3,scared4,Scared_1_pause_2,option2,en,Often,Often,Often
548,67178,4d3da637-1a14-46ce-84b9-92b1a9bc67fc,m,11-null,4.353424658,3/2/21 21:14,scared3,sad6,Sad_1_pause_2,option2,en,Sometimes,Rarely,Sometimes
549,67178,4d3da637-1a14-46ce-84b9-92b1a9bc67fc,m,12-null,4.353424658,3/2/21 21:14,sad3,happy5,Happy_2_pause_2,option2,en,Sometimes,Rarely,Sometimes
550,67178,4d3da637-1a14-46ce-84b9-92b1a9bc67fc,m,13-null,4.353424658,3/2/21 21:14,sad3,angry3,Sad_2_pause_2,option1,en,Sometimes,Rarely,Sometimes
551,67178,4d3da637-1a14-46ce-84b9-92b1a9bc67fc,m,14-null,4.353424658,3/2/21 21:14,scared6,sad2,Scared_2_pause_2,option1,en,Sometimes,Rarely,Sometimes
552,67178,4d3da637-1a14-46ce-84b9-92b1a9bc67fc,m,16-null,4.353424658,3/2/21 21:14,angry2,happy4,Happy_2_pause_2,option2,en,Sometimes,Rarely,Sometimes
553,67178,4d3da637-1a14-46ce-84b9-92b1a9bc67fc,m,17-null,4.353424658,3/2/21 21:14,sad4,angry6,Sad_2_pause_2,option1,en,Sometimes,Rarely,Sometimes
554,67178,4d3da637-1a14-46ce-84b9-92b1a9bc67fc,m,18-null,4.353424658,3/2/21 21:14,angry5,sad4,Angry_1_pause_2,option1,en,Sometimes,Rarely,Sometimes
555,67178,4d3da637-1a14-46ce-84b9-92b1a9bc67fc,m,19-null,4.353424658,3/2/21 21:14,scared4,happy3,Happy_1_pause_2,option2,en,Sometimes,Rarely,Sometimes
556,67178,4d3da637-1a14-46ce-84b9-92b1a9bc67fc,m,20-null,4.353424658,3/2/21 21:14,angry3,happy3,Angry_2_pause_2,option1,en,Sometimes,Rarely,Sometimes
557,67178,4d3da637-1a14-46ce-84b9-92b1a9bc67fc,m,21-null,4.353424658,3/2/21 21:14,happy5,sad5,Sad_1_pause_2,option2,en,Sometimes,Rarely,Sometimes
558,67178,4d3da637-1a14-46ce-84b9-92b1a9bc67fc,m,22-null,4.353424658,3/2/21 21:14,angry5,scared2,Scared_1_pause_2,option2,en,Sometimes,Rarely,Sometimes
559,67178,4d3da637-1a14-46ce-84b9-92b1a9bc67fc,m,23-null,4.353424658,3/2/21 21:14,happy2,angry6,Angry_2_pause_2,option2,en,Sometimes,Rarely,Sometimes
560,67178,4d3da637-1a14-46ce-84b9-92b1a9bc67fc,m,24-null,4.353424658,3/2/21 21:14,scared6,sad2,Sad_1_pause_2,option2,en,Sometimes,Rarely,Sometimes
561,67178,4d3da637-1a14-46ce-84b9-92b1a9bc67fc,m,25-null,4.353424658,3/2/21 21:14,sad1,happy6,Sad_2_pause_2,option1,en,Sometimes,Rarely,Sometimes
562,67178,4d3da637-1a14-46ce-84b9-92b1a9bc67fc,m,26-null,4.353424658,3/2/21 21:14,angry1,happy2,Happy_1_pause_2,option2,en,Sometimes,Rarely,Sometimes
563,67178,4d3da637-1a14-46ce-84b9-92b1a9bc67fc,m,27-null,4.353424658,3/2/21 21:14,angry1,scared2,Angry_1_pause_2,option1,en,Sometimes,Rarely,Sometimes
564,67178,4d3da637-1a14-46ce-84b9-92b1a9bc67fc,m,28-null,4.353424658,3/2/21 21:14,scared3,happy1,Scared_2_pause_2,option1,en,Sometimes,Rarely,Sometimes
565,67178,4d3da637-1a14-46ce-84b9-92b1a9bc67fc,m,29-null,4.353424658,3/2/21 21:14,angry4,scared4,Scared_1_pause_2,option1,en,Sometimes,Rarely,Sometimes
566,67178,4d3da637-1a14-46ce-84b9-92b1a9bc67fc,m,30-null,4.353424658,3/2/21 21:14,angry2,scared1,Angry_1_pause_2,option1,en,Sometimes,Rarely,Sometimes
567,67178,4d3da637-1a14-46ce-84b9-92b1a9bc67fc,m,31-null,4.353424658,3/2/21 21:14,sad6,angry4,Angry_2_pause_2,option1,en,Sometimes,Rarely,Sometimes
568,67178,4d3da637-1a14-46ce-84b9-92b1a9bc67fc,m,32-null,4.353424658,3/2/21 21:14,scared5,happy4,Scared_2_pause_2,option1,en,Sometimes,Rarely,Sometimes
569,67178,4d3da637-1a14-46ce-84b9-92b1a9bc67fc,m,33-null,4.353424658,3/2/21 21:14,happy6,sad1,Happy_1_pause_2,option1,en,Sometimes,Rarely,Sometimes
570,67178,4d3da637-1a14-46ce-84b9-92b1a9bc67fc,m,34-null,4.353424658,3/2/21 21:14,sad5,scared1,Scared_1_pause_2,option2,en,Sometimes,Rarely,Sometimes
571,67196,275632a4-707c-4955-9879-778f6cf15e03,m,11-null,4.487671233,3/2/21 23:12,sad2,angry1,Angry_2_pause_2,option2,en,Often,Sometimes,Often
572,67196,275632a4-707c-4955-9879-778f6cf15e03,m,12-null,4.487671233,3/2/21 23:12,sad1,angry4,Angry_2_pause_2,option2,en,Often,Sometimes,Often
573,67196,275632a4-707c-4955-9879-778f6cf15e03,m,13-null,4.487671233,3/2/21 23:12,angry3,sad3,Sad_2_pause_2,option2,en,Often,Sometimes,Often
574,67196,275632a4-707c-4955-9879-778f6cf15e03,m,14-null,4.487671233,3/2/21 23:12,scared1,sad6,Scared_2_pause_2,option1,en,Often,Sometimes,Often
575,67196,275632a4-707c-4955-9879-778f6cf15e03,m,16-null,4.487671233,3/2/21 23:12,scared5,angry1,Scared_1_pause_2,option1,en,Often,Sometimes,Often
576,67196,275632a4-707c-4955-9879-778f6cf15e03,m,17-null,4.487671233,3/2/21 23:12,sad4,happy3,Happy_1_pause_2,option2,en,Often,Sometimes,Often
577,67196,275632a4-707c-4955-9879-778f6cf15e03,m,18-null,4.487671233,3/2/21 23:12,scared3,sad3,Scared_1_pause_2,option1,en,Often,Sometimes,Often
578,67196,275632a4-707c-4955-9879-778f6cf15e03,m,19-null,4.487671233,3/2/21 23:12,angry5,scared4,Scared_2_pause_2,option2,en,Often,Sometimes,Often
579,67196,275632a4-707c-4955-9879-778f6cf15e03,m,20-null,4.487671233,3/2/21 23:12,scared6,angry3,Angry_1_pause_2,option2,en,Often,Sometimes,Often
580,67196,275632a4-707c-4955-9879-778f6cf15e03,m,21-null,4.487671233,3/2/21 23:12,happy1,sad5,Happy_1_pause_2,option1,en,Often,Sometimes,Often
581,67196,275632a4-707c-4955-9879-778f6cf15e03,m,22-null,4.487671233,3/2/21 23:12,scared1,happy4,Happy_1_pause_2,option2,en,Often,Sometimes,Often
582,67196,275632a4-707c-4955-9879-778f6cf15e03,m,23-null,4.487671233,3/2/21 23:12,happy6,angry6,Angry_2_pause_2,option2,en,Often,Sometimes,Often
583,67196,275632a4-707c-4955-9879-778f6cf15e03,m,24-null,4.487671233,3/2/21 23:12,happy6,scared3,Happy_2_pause_2,option1,en,Often,Sometimes,Often
584,67196,275632a4-707c-4955-9879-778f6cf15e03,m,25-null,4.487671233,3/2/21 23:12,scared4,sad1,Sad_1_pause_2,option2,en,Often,Sometimes,Often
585,67196,275632a4-707c-4955-9879-778f6cf15e03,m,26-null,4.487671233,3/2/21 23:12,happy2,angry2,Angry_1_pause_2,option2,en,Often,Sometimes,Often
586,67196,275632a4-707c-4955-9879-778f6cf15e03,m,27-null,4.487671233,3/2/21 23:12,angry5,scared2,Angry_1_pause_2,option1,en,Often,Sometimes,Often
587,67196,275632a4-707c-4955-9879-778f6cf15e03,m,28-null,4.487671233,3/2/21 23:12,angry6,happy5,Happy_2_pause_2,option2,en,Often,Sometimes,Often
588,67196,275632a4-707c-4955-9879-778f6cf15e03,m,29-null,4.487671233,3/2/21 23:12,sad2,scared5,Sad_2_pause_2,option1,en,Often,Sometimes,Often
589,67196,275632a4-707c-4955-9879-778f6cf15e03,m,30-null,4.487671233,3/2/21 23:12,scared6,happy1,Scared_2_pause_2,option1,en,Often,Sometimes,Often
590,67196,275632a4-707c-4955-9879-778f6cf15e03,m,31-null,4.487671233,3/2/21 23:12,angry2,sad5,Sad_2_pause_2,option2,en,Often,Sometimes,Often
591,67196,275632a4-707c-4955-9879-778f6cf15e03,m,32-null,4.487671233,3/2/21 23:12,angry4,happy2,Happy_2_pause_2,option2,en,Often,Sometimes,Often
592,67196,275632a4-707c-4955-9879-778f6cf15e03,m,33-null,4.487671233,3/2/21 23:12,happy4,sad6,Sad_1_pause_2,option2,en,Often,Sometimes,Often
593,67196,275632a4-707c-4955-9879-778f6cf15e03,m,34-null,4.487671233,3/2/21 23:12,scared2,happy3,Scared_1_pause_2,option1,en,Often,Sometimes,Often
594,67202,aa197abe-0be4-43b8-ac7b-d2ff4f21a266,m,11-null,4.21369863,3/2/21 23:28,sad5,happy5,Happy_1_pause_2,option2,en,Often,Often,Often
595,67202,aa197abe-0be4-43b8-ac7b-d2ff4f21a266,m,12-null,4.21369863,3/2/21 23:28,sad4,happy3,Happy_2_pause_2,option2,en,Often,Often,Often
596,67202,aa197abe-0be4-43b8-ac7b-d2ff4f21a266,m,13-null,4.21369863,3/2/21 23:28,angry4,happy6,Happy_1_pause_2,option2,en,Often,Often,Often
597,67202,aa197abe-0be4-43b8-ac7b-d2ff4f21a266,m,14-null,4.21369863,3/2/21 23:28,sad5,angry3,Sad_1_pause_2,option1,en,Often,Often,Often
598,67202,aa197abe-0be4-43b8-ac7b-d2ff4f21a266,m,16-null,4.21369863,3/2/21 23:28,scared6,angry2,Scared_1_pause_2,option1,en,Often,Often,Often
599,67202,aa197abe-0be4-43b8-ac7b-d2ff4f21a266,m,17-null,4.21369863,3/2/21 23:28,sad3,angry6,Angry_1_pause_2,option2,en,Often,Often,Often
600,67202,aa197abe-0be4-43b8-ac7b-d2ff4f21a266,m,18-null,4.21369863,3/2/21 23:28,sad1,scared3,Scared_1_pause_2,option1,en,Often,Often,Often
601,67202,aa197abe-0be4-43b8-ac7b-d2ff4f21a266,m,19-null,4.21369863,3/2/21 23:28,angry6,happy4,Happy_2_pause_2,option2,en,Often,Often,Often
602,67202,aa197abe-0be4-43b8-ac7b-d2ff4f21a266,m,20-null,4.21369863,3/2/21 23:28,angry5,happy3,Angry_2_pause_2,option1,en,Often,Often,Often
603,67202,aa197abe-0be4-43b8-ac7b-d2ff4f21a266,m,21-null,4.21369863,3/2/21 23:28,scared4,sad2,Scared_2_pause_2,option1,en,Often,Often,Often
604,67202,aa197abe-0be4-43b8-ac7b-d2ff4f21a266,m,22-null,4.21369863,3/2/21 23:28,happy5,angry3,Angry_1_pause_2,option2,en,Often,Often,Often
605,67202,aa197abe-0be4-43b8-ac7b-d2ff4f21a266,m,23-null,4.21369863,3/2/21 23:28,happy6,scared1,Scared_1_pause_2,option2,en,Often,Often,Often
606,67202,aa197abe-0be4-43b8-ac7b-d2ff4f21a266,m,24-null,4.21369863,3/2/21 23:28,scared6,sad3,Sad_2_pause_2,option2,en,Often,Often,Often
607,67202,aa197abe-0be4-43b8-ac7b-d2ff4f21a266,m,25-null,4.21369863,3/2/21 23:28,scared1,angry2,Angry_2_pause_2,option2,en,Often,Often,Often
608,67202,aa197abe-0be4-43b8-ac7b-d2ff4f21a266,m,26-null,4.21369863,3/2/21 23:28,sad6,happy4,Sad_2_pause_2,option1,en,Often,Often,Often
609,67202,aa197abe-0be4-43b8-ac7b-d2ff4f21a266,m,27-null,4.21369863,3/2/21 23:28,scared2,angry5,Scared_2_pause_2,option1,en,Often,Often,Often
610,67202,aa197abe-0be4-43b8-ac7b-d2ff4f21a266,m,28-null,4.21369863,3/2/21 23:28,scared2,angry4,Angry_2_pause_2,option2,en,Often,Often,Often
611,67202,aa197abe-0be4-43b8-ac7b-d2ff4f21a266,m,29-null,4.21369863,3/2/21 23:28,scared4,happy2,Happy_2_pause_2,option2,en,Often,Often,Often
612,67202,aa197abe-0be4-43b8-ac7b-d2ff4f21a266,m,30-null,4.21369863,3/2/21 23:28,sad2,scared5,Sad_1_pause_2,option1,en,Often,Often,Often
613,67202,aa197abe-0be4-43b8-ac7b-d2ff4f21a266,m,31-null,4.21369863,3/2/21 23:28,scared5,happy1,Scared_2_pause_2,option1,en,Often,Often,Often
614,67202,aa197abe-0be4-43b8-ac7b-d2ff4f21a266,m,32-null,4.21369863,3/2/21 23:28,sad4,angry1,Sad_1_pause_2,option1,en,Often,Often,Often
615,67202,aa197abe-0be4-43b8-ac7b-d2ff4f21a266,m,33-null,4.21369863,3/2/21 23:28,happy2,sad1,Sad_2_pause_2,option2,en,Often,Often,Often
616,67202,aa197abe-0be4-43b8-ac7b-d2ff4f21a266,m,34-null,4.21369863,3/2/21 23:28,happy1,scared3,Happy_1_pause_2,option1,en,Often,Often,Often
617,67204,a1565437-a07d-41f2-a663-f61f603b8e78,m,11-null,2.857534247,3/2/21 23:40,scared2,happy6,Scared_1_pause_2,option1,en,Rarely,Rarely,Never
618,67204,a1565437-a07d-41f2-a663-f61f603b8e78,m,12-null,2.857534247,3/2/21 23:40,sad3,scared2,Sad_2_pause_2,option2,en,Rarely,Rarely,Never
619,67204,a1565437-a07d-41f2-a663-f61f603b8e78,m,13-null,2.857534247,3/2/21 23:40,angry1,scared3,Scared_2_pause_2,option1,en,Rarely,Rarely,Never
620,67204,a1565437-a07d-41f2-a663-f61f603b8e78,m,14-null,2.857534247,3/2/21 23:40,angry3,sad5,Angry_2_pause_2,option1,en,Rarely,Rarely,Never
621,67204,a1565437-a07d-41f2-a663-f61f603b8e78,m,16-null,2.857534247,3/2/21 23:40,happy3,scared5,Happy_1_pause_2,option1,en,Rarely,Rarely,Never
622,67204,a1565437-a07d-41f2-a663-f61f603b8e78,m,17-null,2.857534247,3/2/21 23:40,angry4,sad5,Sad_2_pause_2,option1,en,Rarely,Rarely,Never
623,67204,a1565437-a07d-41f2-a663-f61f603b8e78,m,18-null,2.857534247,3/2/21 23:40,angry6,happy2,Happy_1_pause_2,option2,en,Rarely,Rarely,Never
624,67204,a1565437-a07d-41f2-a663-f61f603b8e78,m,19-null,2.857534247,3/2/21 23:40,happy2,sad6,Sad_2_pause_2,option2,en,Rarely,Rarely,Never
625,67204,a1565437-a07d-41f2-a663-f61f603b8e78,m,20-null,2.857534247,3/2/21 23:40,angry2,happy5,Angry_1_pause_2,option1,en,Rarely,Rarely,Never
626,67204,a1565437-a07d-41f2-a663-f61f603b8e78,m,21-null,2.857534247,3/2/21 23:40,sad4,scared5,Scared_1_pause_2,option2,en,Rarely,Rarely,Never
627,67204,a1565437-a07d-41f2-a663-f61f603b8e78,m,22-null,2.857534247,3/2/21 23:40,angry5,happy1,Happy_2_pause_2,option2,en,Rarely,Rarely,Never
628,67204,a1565437-a07d-41f2-a663-f61f603b8e78,m,23-null,2.857534247,3/2/21 23:40,happy4,angry5,Angry_1_pause_2,option2,en,Rarely,Rarely,Never
629,67204,a1565437-a07d-41f2-a663-f61f603b8e78,m,24-null,2.857534247,3/2/21 23:40,angry2,sad1,Sad_1_pause_2,option2,en,Rarely,Rarely,Never
630,67204,a1565437-a07d-41f2-a663-f61f603b8e78,m,25-null,2.857534247,3/2/21 23:40,angry6,scared6,Angry_1_pause_2,option2,en,Rarely,Rarely,Never
631,67204,a1565437-a07d-41f2-a663-f61f603b8e78,m,26-null,2.857534247,3/2/21 23:40,sad2,happy1,Sad_1_pause_2,option1,en,Rarely,Rarely,Never
632,67204,a1565437-a07d-41f2-a663-f61f603b8e78,m,27-null,2.857534247,3/2/21 23:40,sad4,scared3,Sad_1_pause_2,option1,en,Rarely,Rarely,Never
633,67204,a1565437-a07d-41f2-a663-f61f603b8e78,m,28-null,2.857534247,3/2/21 23:40,angry1,scared4,Angry_2_pause_2,option1,en,Rarely,Rarely,Never
634,67204,a1565437-a07d-41f2-a663-f61f603b8e78,m,29-null,2.857534247,3/2/21 23:40,sad6,happy6,Happy_1_pause_2,option2,en,Rarely,Rarely,Never
635,67204,a1565437-a07d-41f2-a663-f61f603b8e78,m,30-null,2.857534247,3/2/21 23:40,angry4,sad3,Angry_2_pause_2,option1,en,Rarely,Rarely,Never
636,67204,a1565437-a07d-41f2-a663-f61f603b8e78,m,31-null,2.857534247,3/2/21 23:40,scared1,happy3,Scared_2_pause_2,option1,en,Rarely,Rarely,Never
637,67204,a1565437-a07d-41f2-a663-f61f603b8e78,m,32-null,2.857534247,3/2/21 23:40,scared1,happy5,Happy_2_pause_2,option2,en,Rarely,Rarely,Never
638,67204,a1565437-a07d-41f2-a663-f61f603b8e78,m,33-null,2.857534247,3/2/21 23:40,scared4,sad1,Scared_1_pause_2,option2,en,Rarely,Rarely,Never
639,67204,a1565437-a07d-41f2-a663-f61f603b8e78,m,34-null,2.857534247,3/2/21 23:40,happy4,sad2,Happy_2_pause_2,option1,en,Rarely,Rarely,Never
640,67209,5bfa1d8f-9347-4556-86e4-6acbe02f14c1,m,11-null,4.410958904,3/2/21 23:50,happy6,angry5,Happy_2_pause_2,option1,en,Rarely,Rarely,Rarely
641,67209,5bfa1d8f-9347-4556-86e4-6acbe02f14c1,m,12-null,4.410958904,3/2/21 23:50,angry2,scared2,Scared_2_pause_2,option2,en,Rarely,Rarely,Rarely
642,67209,5bfa1d8f-9347-4556-86e4-6acbe02f14c1,m,13-null,4.410958904,3/2/21 23:50,sad2,scared6,Sad_1_pause_2,option1,en,Rarely,Rarely,Rarely
643,67209,5bfa1d8f-9347-4556-86e4-6acbe02f14c1,m,14-null,4.410958904,3/2/21 23:50,happy4,sad3,Happy_2_pause_2,option1,en,Rarely,Rarely,Rarely
644,67209,5bfa1d8f-9347-4556-86e4-6acbe02f14c1,m,16-null,4.410958904,3/2/21 23:50,angry4,scared1,Scared_1_pause_2,option2,en,Rarely,Rarely,Rarely
645,67209,5bfa1d8f-9347-4556-86e4-6acbe02f14c1,m,17-null,4.410958904,3/2/21 23:50,angry1,sad4,Angry_2_pause_2,option1,en,Rarely,Rarely,Rarely
646,67209,5bfa1d8f-9347-4556-86e4-6acbe02f14c1,m,18-null,4.410958904,3/2/21 23:50,happy1,sad5,Sad_2_pause_2,option2,en,Rarely,Rarely,Rarely
647,67209,5bfa1d8f-9347-4556-86e4-6acbe02f14c1,m,19-null,4.410958904,3/2/21 23:50,scared6,sad5,Scared_2_pause_2,option1,en,Rarely,Rarely,Rarely
648,67209,5bfa1d8f-9347-4556-86e4-6acbe02f14c1,m,20-null,4.410958904,3/2/21 23:50,angry6,happy5,Happy_2_pause_2,option2,en,Rarely,Rarely,Rarely
649,67209,5bfa1d8f-9347-4556-86e4-6acbe02f14c1,m,21-null,4.410958904,3/2/21 23:50,sad2,scared3,Scared_1_pause_2,option2,en,Rarely,Rarely,Rarely
650,67209,5bfa1d8f-9347-4556-86e4-6acbe02f14c1,m,22-null,4.410958904,3/2/21 23:50,happy2,angry5,Angry_1_pause_2,option2,en,Rarely,Rarely,Rarely
651,67209,5bfa1d8f-9347-4556-86e4-6acbe02f14c1,m,23-null,4.410958904,3/2/21 23:50,happy5,scared5,Scared_1_pause_2,option2,en,Rarely,Rarely,Rarely
652,67209,5bfa1d8f-9347-4556-86e4-6acbe02f14c1,m,24-null,4.410958904,3/2/21 23:50,sad1,angry3,Angry_1_pause_2,option2,en,Rarely,Rarely,Rarely
653,67209,5bfa1d8f-9347-4556-86e4-6acbe02f14c1,m,25-null,4.410958904,3/2/21 23:50,scared4,happy4,Scared_2_pause_2,option1,en,Rarely,Rarely,Rarely
654,67209,5bfa1d8f-9347-4556-86e4-6acbe02f14c1,m,26-null,4.410958904,3/2/21 23:50,sad6,happy6,Sad_2_pause_2,option1,en,Rarely,Rarely,Rarely
655,67209,5bfa1d8f-9347-4556-86e4-6acbe02f14c1,m,27-null,4.410958904,3/2/21 23:50,scared2,happy3,Happy_1_pause_2,option2,en,Rarely,Rarely,Rarely
656,67209,5bfa1d8f-9347-4556-86e4-6acbe02f14c1,m,28-null,4.410958904,3/2/21 23:50,angry3,sad3,Sad_1_pause_2,option2,en,Rarely,Rarely,Rarely
657,67209,5bfa1d8f-9347-4556-86e4-6acbe02f14c1,m,29-null,4.410958904,3/2/21 23:50,happy1,sad6,Happy_1_pause_2,option1,en,Rarely,Rarely,Rarely
658,67209,5bfa1d8f-9347-4556-86e4-6acbe02f14c1,m,30-null,4.410958904,3/2/21 23:50,scared3,angry4,Angry_1_pause_2,option2,en,Rarely,Rarely,Rarely
659,67209,5bfa1d8f-9347-4556-86e4-6acbe02f14c1,m,31-null,4.410958904,3/2/21 23:50,angry2,scared5,Angry_2_pause_2,option1,en,Rarely,Rarely,Rarely
660,67209,5bfa1d8f-9347-4556-86e4-6acbe02f14c1,m,32-null,4.410958904,3/2/21 23:50,happy2,scared1,Happy_1_pause_2,option1,en,Rarely,Rarely,Rarely
661,67209,5bfa1d8f-9347-4556-86e4-6acbe02f14c1,m,33-null,4.410958904,3/2/21 23:50,sad4,angry1,Sad_2_pause_2,option1,en,Rarely,Rarely,Rarely
662,67209,5bfa1d8f-9347-4556-86e4-6acbe02f14c1,m,34-null,4.410958904,3/2/21 23:50,angry6,happy3,Angry_2_pause_2,option1,en,Rarely,Rarely,Rarely
663,67255,e60837b3-01f4-40fb-b8f3-71b4695cb227,f,11-null,2.956164384,3/3/21 13:14,happy4,sad5,Sad_2_pause_2,option1,en,Rarely,Rarely,Never
664,67255,e60837b3-01f4-40fb-b8f3-71b4695cb227,f,12-null,2.956164384,3/3/21 13:14,scared3,angry3,Scared_2_pause_2,option2,en,Rarely,Rarely,Never
665,67255,e60837b3-01f4-40fb-b8f3-71b4695cb227,f,13-null,2.956164384,3/3/21 13:14,happy6,sad3,Sad_2_pause_2,option1,en,Rarely,Rarely,Never
666,67255,e60837b3-01f4-40fb-b8f3-71b4695cb227,f,14-null,2.956164384,3/3/21 13:14,sad5,happy5,Happy_1_pause_2,option2,en,Rarely,Rarely,Never
667,67255,e60837b3-01f4-40fb-b8f3-71b4695cb227,f,16-null,2.956164384,3/3/21 13:14,happy1,angry1,Happy_2_pause_2,option1,en,Rarely,Rarely,Never
668,67255,e60837b3-01f4-40fb-b8f3-71b4695cb227,f,17-null,2.956164384,3/3/21 13:14,scared4,happy3,Scared_2_pause_2,option2,en,Rarely,Rarely,Never
669,67255,e60837b3-01f4-40fb-b8f3-71b4695cb227,f,18-null,2.956164384,3/3/21 13:14,sad2,angry6,Angry_2_pause_2,option2,en,Rarely,Rarely,Never
670,67255,e60837b3-01f4-40fb-b8f3-71b4695cb227,f,19-null,2.956164384,3/3/21 13:14,scared2,angry5,Scared_1_pause_2,option2,en,Rarely,Rarely,Never
671,67255,e60837b3-01f4-40fb-b8f3-71b4695cb227,f,20-null,2.956164384,3/3/21 13:14,angry2,scared4,Angry_1_pause_2,option1,en,Rarely,Rarely,Never
672,67255,e60837b3-01f4-40fb-b8f3-71b4695cb227,f,21-null,2.956164384,3/3/21 13:14,sad6,angry2,Sad_1_pause_2,option1,en,Rarely,Rarely,Never
673,67255,e60837b3-01f4-40fb-b8f3-71b4695cb227,f,22-null,2.956164384,3/3/21 13:14,scared1,angry3,Angry_1_pause_2,option2,en,Rarely,Rarely,Never
674,67255,e60837b3-01f4-40fb-b8f3-71b4695cb227,f,23-null,2.956164384,3/3/21 13:14,angry4,sad4,Sad_2_pause_2,option1,en,Rarely,Rarely,Never
675,67255,e60837b3-01f4-40fb-b8f3-71b4695cb227,f,24-null,2.956164384,3/3/21 13:14,angry5,happy5,Angry_1_pause_2,option1,en,Rarely,Rarely,Never
676,67255,e60837b3-01f4-40fb-b8f3-71b4695cb227,f,25-null,2.956164384,3/3/21 13:14,happy3,angry6,Happy_1_pause_2,option1,en,Rarely,Rarely,Never
677,67255,e60837b3-01f4-40fb-b8f3-71b4695cb227,f,26-null,2.956164384,3/3/21 13:14,sad2,scared2,Sad_1_pause_2,option1,en,Rarely,Rarely,Never
678,67255,e60837b3-01f4-40fb-b8f3-71b4695cb227,f,27-null,2.956164384,3/3/21 13:14,scared6,happy6,Happy_1_pause_2,option2,en,Rarely,Rarely,Never
679,67255,e60837b3-01f4-40fb-b8f3-71b4695cb227,f,28-null,2.956164384,3/3/21 13:14,scared5,happy2,Scared_1_pause_2,option1,en,Rarely,Rarely,Never
680,67255,e60837b3-01f4-40fb-b8f3-71b4695cb227,f,29-null,2.956164384,3/3/21 13:14,scared3,sad1,Sad_1_pause_2,option2,en,Rarely,Rarely,Never
681,67255,e60837b3-01f4-40fb-b8f3-71b4695cb227,f,30-null,2.956164384,3/3/21 13:14,angry1,happy1,Angry_2_pause_2,option1,en,Rarely,Rarely,Never
682,67255,e60837b3-01f4-40fb-b8f3-71b4695cb227,f,31-null,2.956164384,3/3/21 13:14,scared6,sad3,Scared_2_pause_2,option1,en,Rarely,Rarely,Never
683,67255,e60837b3-01f4-40fb-b8f3-71b4695cb227,f,32-null,2.956164384,3/3/21 13:14,scared1,sad1,Scared_1_pause_2,option1,en,Rarely,Rarely,Never
684,67255,e60837b3-01f4-40fb-b8f3-71b4695cb227,f,33-null,2.956164384,3/3/21 13:14,sad6,happy4,Happy_2_pause_2,option2,en,Rarely,Rarely,Never
685,67255,e60837b3-01f4-40fb-b8f3-71b4695cb227,f,34-null,2.956164384,3/3/21 13:14,angry4,sad4,Angry_2_pause_2,option1,en,Rarely,Rarely,Never
686,67281,edb4df14-60f5-4b67-bd92-588b81ee9fe8,f,11-null,2.797260274,3/3/21 17:15,scared3,happy2,Happy_1_pause_2,option2,en,Sometimes,Rarely,Sometimes
687,67281,edb4df14-60f5-4b67-bd92-588b81ee9fe8,f,12-null,2.797260274,3/3/21 17:15,happy2,sad3,Sad_2_pause_2,option1,en,Sometimes,Rarely,Sometimes
688,67281,edb4df14-60f5-4b67-bd92-588b81ee9fe8,f,13-null,2.797260274,3/3/21 17:15,angry2,happy4,Angry_1_pause_2,option1,en,Sometimes,Rarely,Sometimes
689,67281,edb4df14-60f5-4b67-bd92-588b81ee9fe8,f,14-null,2.797260274,3/3/21 17:15,sad6,angry6,Angry_2_pause_2,option1,en,Sometimes,Rarely,Sometimes
690,67281,edb4df14-60f5-4b67-bd92-588b81ee9fe8,f,16-null,2.797260274,3/3/21 17:15,scared4,sad5,Scared_2_pause_2,option2,en,Sometimes,Rarely,Sometimes
691,67281,edb4df14-60f5-4b67-bd92-588b81ee9fe8,f,17-null,2.797260274,3/3/21 17:15,angry2,sad6,Sad_2_pause_2,option2,en,Sometimes,Rarely,Sometimes
692,67281,edb4df14-60f5-4b67-bd92-588b81ee9fe8,f,18-null,2.797260274,3/3/21 17:15,sad5,scared2,Sad_2_pause_2,option2,en,Sometimes,Rarely,Sometimes
693,67281,edb4df14-60f5-4b67-bd92-588b81ee9fe8,f,19-null,2.797260274,3/3/21 17:15,happy3,sad1,Sad_1_pause_2,option2,en,Sometimes,Rarely,Sometimes
694,67281,edb4df14-60f5-4b67-bd92-588b81ee9fe8,f,20-null,2.797260274,3/3/21 17:15,sad4,scared5,Sad_1_pause_2,option1,en,Sometimes,Rarely,Sometimes
695,67281,edb4df14-60f5-4b67-bd92-588b81ee9fe8,f,21-null,2.797260274,3/3/21 17:15,happy6,sad1,Happy_2_pause_2,option1,en,Sometimes,Rarely,Sometimes
696,67281,edb4df14-60f5-4b67-bd92-588b81ee9fe8,f,22-null,2.797260274,3/3/21 17:15,angry1,happy3,Happy_2_pause_2,option2,en,Sometimes,Rarely,Sometimes
697,67281,edb4df14-60f5-4b67-bd92-588b81ee9fe8,f,23-null,2.797260274,3/3/21 17:15,happy5,angry6,Happy_1_pause_2,option1,en,Sometimes,Rarely,Sometimes
698,67281,edb4df14-60f5-4b67-bd92-588b81ee9fe8,f,24-null,2.797260274,3/3/21 17:15,angry1,sad2,Angry_2_pause_2,option2,en,Sometimes,Rarely,Sometimes
699,67281,edb4df14-60f5-4b67-bd92-588b81ee9fe8,f,25-null,2.797260274,3/3/21 17:15,sad2,angry3,Sad_1_pause_2,option2,en,Sometimes,Rarely,Sometimes
700,67281,edb4df14-60f5-4b67-bd92-588b81ee9fe8,f,26-null,2.797260274,3/3/21 17:15,happy4,scared4,Happy_1_pause_2,option1,en,Sometimes,Rarely,Sometimes
701,67281,edb4df14-60f5-4b67-bd92-588b81ee9fe8,f,27-null,2.797260274,3/3/21 17:15,scared2,angry5,Scared_2_pause_2,option1,en,Sometimes,Rarely,Sometimes
702,67281,edb4df14-60f5-4b67-bd92-588b81ee9fe8,f,28-null,2.797260274,3/3/21 17:15,happy1,sad4,Happy_2_pause_2,option1,en,Sometimes,Rarely,Sometimes
703,67281,edb4df14-60f5-4b67-bd92-588b81ee9fe8,f,29-null,2.797260274,3/3/21 17:15,happy5,scared5,Scared_1_pause_2,option2,en,Sometimes,Rarely,Sometimes
704,67281,edb4df14-60f5-4b67-bd92-588b81ee9fe8,f,30-null,2.797260274,3/3/21 17:15,scared1,angry4,Angry_2_pause_2,option2,en,Sometimes,Rarely,Sometimes
705,67281,edb4df14-60f5-4b67-bd92-588b81ee9fe8,f,31-null,2.797260274,3/3/21 17:15,sad3,scared1,Scared_1_pause_2,option1,en,Sometimes,Rarely,Sometimes
706,67281,edb4df14-60f5-4b67-bd92-588b81ee9fe8,f,32-null,2.797260274,3/3/21 17:15,happy1,angry3,Angry_1_pause_2,option2,en,Sometimes,Rarely,Sometimes
707,67281,edb4df14-60f5-4b67-bd92-588b81ee9fe8,f,33-null,2.797260274,3/3/21 17:15,scared3,happy6,Scared_1_pause_2,option1,en,Sometimes,Rarely,Sometimes
708,67281,edb4df14-60f5-4b67-bd92-588b81ee9fe8,f,34-null,2.797260274,3/3/21 17:15,angry5,scared6,Angry_1_pause_2,option1,en,Sometimes,Rarely,Sometimes
709,67289,43b66b5c-b197-4acd-9dc3-21c0737b537b,m,11-null,4.347945205,3/3/21 17:54,angry3,happy3,Angry_1_pause_2,option1,en,Always,Sometimes,Always
710,67289,43b66b5c-b197-4acd-9dc3-21c0737b537b,m,12-null,4.347945205,3/3/21 17:54,scared5,sad4,Sad_1_pause_2,option2,en,Always,Sometimes,Always
711,67289,43b66b5c-b197-4acd-9dc3-21c0737b537b,m,13-null,4.347945205,3/3/21 17:54,happy1,scared2,Happy_2_pause_2,option1,en,Always,Sometimes,Always
712,67289,43b66b5c-b197-4acd-9dc3-21c0737b537b,m,14-null,4.347945205,3/3/21 17:54,angry2,happy5,Happy_1_pause_2,option2,en,Always,Sometimes,Always
713,67289,43b66b5c-b197-4acd-9dc3-21c0737b537b,m,16-null,4.347945205,3/3/21 17:54,sad5,happy5,Sad_2_pause_2,option1,en,Always,Sometimes,Always
714,67289,43b66b5c-b197-4acd-9dc3-21c0737b537b,m,17-null,4.347945205,3/3/21 17:54,happy2,sad2,Happy_1_pause_2,option1,en,Always,Sometimes,Always
715,67289,43b66b5c-b197-4acd-9dc3-21c0737b537b,m,18-null,4.347945205,3/3/21 17:54,scared2,happy6,Scared_2_pause_2,option1,en,Always,Sometimes,Always
716,67289,43b66b5c-b197-4acd-9dc3-21c0737b537b,m,19-null,4.347945205,3/3/21 17:54,happy4,scared6,Happy_2_pause_2,option1,en,Always,Sometimes,Always
717,67289,43b66b5c-b197-4acd-9dc3-21c0737b537b,m,20-null,4.347945205,3/3/21 17:54,scared3,sad6,Sad_1_pause_2,option2,en,Always,Sometimes,Always
718,67289,43b66b5c-b197-4acd-9dc3-21c0737b537b,m,21-null,4.347945205,3/3/21 17:54,angry6,happy3,Happy_1_pause_2,option2,en,Always,Sometimes,Always
719,67289,43b66b5c-b197-4acd-9dc3-21c0737b537b,m,22-null,4.347945205,3/3/21 17:54,sad5,angry6,Angry_1_pause_2,option2,en,Always,Sometimes,Always
720,67289,43b66b5c-b197-4acd-9dc3-21c0737b537b,m,23-null,4.347945205,3/3/21 17:54,angry4,scared4,Angry_2_pause_2,option1,en,Always,Sometimes,Always
721,67289,43b66b5c-b197-4acd-9dc3-21c0737b537b,m,24-null,4.347945205,3/3/21 17:54,scared3,happy4,Scared_1_pause_2,option1,en,Always,Sometimes,Always
722,67289,43b66b5c-b197-4acd-9dc3-21c0737b537b,m,25-null,4.347945205,3/3/21 17:54,sad6,angry5,Angry_1_pause_2,option2,en,Always,Sometimes,Always
723,67289,43b66b5c-b197-4acd-9dc3-21c0737b537b,m,26-null,4.347945205,3/3/21 17:54,happy1,sad2,Sad_2_pause_2,option2,en,Always,Sometimes,Always
724,67289,43b66b5c-b197-4acd-9dc3-21c0737b537b,m,27-null,4.347945205,3/3/21 17:54,sad4,happy6,Happy_2_pause_2,option2,en,Always,Sometimes,Always
725,67289,43b66b5c-b197-4acd-9dc3-21c0737b537b,m,28-null,4.347945205,3/3/21 17:54,sad3,scared4,Scared_1_pause_2,option2,en,Always,Sometimes,Always
726,67289,43b66b5c-b197-4acd-9dc3-21c0737b537b,m,29-null,4.347945205,3/3/21 17:54,angry1,scared1,Angry_2_pause_2,option1,en,Always,Sometimes,Always
727,67289,43b66b5c-b197-4acd-9dc3-21c0737b537b,m,30-null,4.347945205,3/3/21 17:54,scared5,angry4,Scared_2_pause_2,option1,en,Always,Sometimes,Always
728,67289,43b66b5c-b197-4acd-9dc3-21c0737b537b,m,31-null,4.347945205,3/3/21 17:54,angry5,scared1,Scared_2_pause_2,option1,en,Always,Sometimes,Always
729,67289,43b66b5c-b197-4acd-9dc3-21c0737b537b,m,32-null,4.347945205,3/3/21 17:54,angry2,happy2,Angry_2_pause_2,option1,en,Always,Sometimes,Always
730,67289,43b66b5c-b197-4acd-9dc3-21c0737b537b,m,33-null,4.347945205,3/3/21 17:54,scared6,sad1,Scared_1_pause_2,option1,en,Always,Sometimes,Always
731,67289,43b66b5c-b197-4acd-9dc3-21c0737b537b,m,34-null,4.347945205,3/3/21 17:54,angry3,sad3,Sad_2_pause_2,option2,en,Always,Sometimes,Always
732,67340,a7c27413-ae21-45bc-8e46-cc8e9506682b,f,11-null,3.145205479,3/3/21 19:09,sad6,angry6,Sad_1_pause_2,option1,en,Rarely,Rarely,Rarely
733,67340,a7c27413-ae21-45bc-8e46-cc8e9506682b,f,12-null,3.145205479,3/3/21 19:09,happy1,angry2,Happy_2_pause_2,option1,en,Rarely,Rarely,Rarely
734,67340,a7c27413-ae21-45bc-8e46-cc8e9506682b,f,13-null,3.145205479,3/3/21 19:09,angry2,happy2,Angry_2_pause_2,option1,en,Rarely,Rarely,Rarely
735,67340,a7c27413-ae21-45bc-8e46-cc8e9506682b,f,14-null,3.145205479,3/3/21 19:09,angry4,scared1,Scared_2_pause_2,option2,en,Rarely,Rarely,Rarely
736,67340,a7c27413-ae21-45bc-8e46-cc8e9506682b,f,16-null,3.145205479,3/3/21 19:09,scared2,sad5,Scared_2_pause_2,option2,en,Rarely,Rarely,Rarely
737,67340,a7c27413-ae21-45bc-8e46-cc8e9506682b,f,17-null,3.145205479,3/3/21 19:09,sad1,scared3,Sad_1_pause_2,option1,en,Rarely,Rarely,Rarely
738,67340,a7c27413-ae21-45bc-8e46-cc8e9506682b,f,18-null,3.145205479,3/3/21 19:09,angry3,sad3,Angry_1_pause_2,option1,en,Rarely,Rarely,Rarely
739,67340,a7c27413-ae21-45bc-8e46-cc8e9506682b,f,19-null,3.145205479,3/3/21 19:09,scared2,angry6,Angry_1_pause_2,option2,en,Rarely,Rarely,Rarely
740,67340,a7c27413-ae21-45bc-8e46-cc8e9506682b,f,20-null,3.145205479,3/3/21 19:09,sad5,happy6,Sad_1_pause_2,option1,en,Rarely,Rarely,Rarely
741,67340,a7c27413-ae21-45bc-8e46-cc8e9506682b,f,21-null,3.145205479,3/3/21 19:09,happy5,sad3,Sad_2_pause_2,option2,en,Rarely,Rarely,Rarely
742,67340,a7c27413-ae21-45bc-8e46-cc8e9506682b,f,22-null,3.145205479,3/3/21 19:09,angry5,scared3,Scared_1_pause_2,option2,en,Rarely,Rarely,Rarely
743,67340,a7c27413-ae21-45bc-8e46-cc8e9506682b,f,23-null,3.145205479,3/3/21 19:09,happy2,sad4,Happy_2_pause_2,option1,en,Rarely,Rarely,Rarely
744,67340,a7c27413-ae21-45bc-8e46-cc8e9506682b,f,24-null,3.145205479,3/3/21 19:09,sad4,scared6,Sad_2_pause_2,option1,en,Rarely,Rarely,Rarely
745,67340,a7c27413-ae21-45bc-8e46-cc8e9506682b,f,25-null,3.145205479,3/3/21 19:09,scared1,happy4,Happy_1_pause_2,option2,en,Rarely,Rarely,Rarely
746,67340,a7c27413-ae21-45bc-8e46-cc8e9506682b,f,26-null,3.145205479,3/3/21 19:09,scared5,happy4,Scared_2_pause_2,option1,en,Rarely,Rarely,Rarely
747,67340,a7c27413-ae21-45bc-8e46-cc8e9506682b,f,27-null,3.145205479,3/3/21 19:09,angry4,scared5,Angry_2_pause_2,option1,en,Rarely,Rarely,Rarely
748,67340,a7c27413-ae21-45bc-8e46-cc8e9506682b,f,28-null,3.145205479,3/3/21 19:09,angry1,happy1,Angry_2_pause_2,option1,en,Rarely,Rarely,Rarely
749,67340,a7c27413-ae21-45bc-8e46-cc8e9506682b,f,29-null,3.145205479,3/3/21 19:09,happy3,scared4,Happy_1_pause_2,option1,en,Rarely,Rarely,Rarely
750,67340,a7c27413-ae21-45bc-8e46-cc8e9506682b,f,30-null,3.145205479,3/3/21 19:09,scared6,happy3,Scared_1_pause_2,option1,en,Rarely,Rarely,Rarely
751,67340,a7c27413-ae21-45bc-8e46-cc8e9506682b,f,31-null,3.145205479,3/3/21 19:09,happy5,angry1,Happy_1_pause_2,option1,en,Rarely,Rarely,Rarely
752,67340,a7c27413-ae21-45bc-8e46-cc8e9506682b,f,32-null,3.145205479,3/3/21 19:09,sad2,happy6,Happy_2_pause_2,option2,en,Rarely,Rarely,Rarely
753,67340,a7c27413-ae21-45bc-8e46-cc8e9506682b,f,33-null,3.145205479,3/3/21 19:09,angry5,sad6,Angry_1_pause_2,option1,en,Rarely,Rarely,Rarely
754,67340,a7c27413-ae21-45bc-8e46-cc8e9506682b,f,34-null,3.145205479,3/3/21 19:09,sad2,angry3,Sad_2_pause_2,option1,en,Rarely,Rarely,Rarely
755,67370,80223379-299c-4c29-b11f-5060bd5565c0,m,11-null,3.397260274,3/3/21 20:25,sad4,scared1,Sad_2_pause_2,option1,en fr,Often,Never,Rarely
756,67370,80223379-299c-4c29-b11f-5060bd5565c0,m,12-null,3.397260274,3/3/21 20:25,angry2,happy6,Happy_1_pause_2,option2,en fr,Often,Never,Rarely
757,67370,80223379-299c-4c29-b11f-5060bd5565c0,m,13-null,3.397260274,3/3/21 20:25,angry2,sad6,Angry_1_pause_2,option1,en fr,Often,Never,Rarely
758,67370,80223379-299c-4c29-b11f-5060bd5565c0,m,14-null,3.397260274,3/3/21 20:25,sad2,happy3,Sad_1_pause_2,option1,en fr,Often,Never,Rarely
759,67370,80223379-299c-4c29-b11f-5060bd5565c0,m,16-null,3.397260274,3/3/21 20:25,happy4,sad4,Happy_2_pause_2,option1,en fr,Often,Never,Rarely
760,67370,80223379-299c-4c29-b11f-5060bd5565c0,m,17-null,3.397260274,3/3/21 20:25,angry3,sad3,Sad_1_pause_2,option1,en fr,Often,Never,Rarely
761,67370,80223379-299c-4c29-b11f-5060bd5565c0,m,18-null,3.397260274,3/3/21 20:25,scared1,sad1,Scared_1_pause_2,option1,en fr,Often,Never,Rarely
762,67370,80223379-299c-4c29-b11f-5060bd5565c0,m,19-null,3.397260274,3/3/21 20:25,happy1,angry1,Happy_1_pause_2,option1,en fr,Often,Never,Rarely
763,67370,80223379-299c-4c29-b11f-5060bd5565c0,m,20-null,3.397260274,3/3/21 20:25,sad2,scared2,Scared_2_pause_2,option2,en fr,Often,Never,Rarely
764,67370,80223379-299c-4c29-b11f-5060bd5565c0,m,21-null,3.397260274,3/3/21 20:25,angry5,scared5,Scared_1_pause_2,option2,en fr,Often,Never,Rarely
765,67370,80223379-299c-4c29-b11f-5060bd5565c0,m,22-null,3.397260274,3/3/21 20:25,scared4,happy1,Scared_2_pause_2,option1,en fr,Often,Never,Rarely
766,67370,80223379-299c-4c29-b11f-5060bd5565c0,m,23-null,3.397260274,3/3/21 20:25,happy2,sad5,Sad_1_pause_2,option2,en fr,Often,Never,Rarely
767,67370,80223379-299c-4c29-b11f-5060bd5565c0,m,24-null,3.397260274,3/3/21 20:25,angry4,scared3,Scared_1_pause_2,option1,en fr,Often,Never,Rarely
768,67370,80223379-299c-4c29-b11f-5060bd5565c0,m,25-null,3.397260274,3/3/21 20:25,scared5,angry6,Angry_2_pause_2,option1,en fr,Often,Never,Rarely
769,67370,80223379-299c-4c29-b11f-5060bd5565c0,m,26-null,3.397260274,3/3/21 20:25,happy5,scared6,Scared_2_pause_2,option2,en fr,Often,Never,Rarely
770,67370,80223379-299c-4c29-b11f-5060bd5565c0,m,27-null,3.397260274,3/3/21 20:25,happy5,scared6,Happy_2_pause_2,option1,en fr,Often,Never,Rarely
771,67370,80223379-299c-4c29-b11f-5060bd5565c0,m,28-null,3.397260274,3/3/21 20:25,happy2,scared4,Happy_2_pause_2,option2,en fr,Often,Never,Rarely
772,67370,80223379-299c-4c29-b11f-5060bd5565c0,m,29-null,3.397260274,3/3/21 20:25,angry1,sad3,Angry_1_pause_2,option1,en fr,Often,Never,Rarely
773,67370,80223379-299c-4c29-b11f-5060bd5565c0,m,30-null,3.397260274,3/3/21 20:25,sad5,happy3,Happy_1_pause_2,option2,en fr,Often,Never,Rarely
774,67370,80223379-299c-4c29-b11f-5060bd5565c0,m,31-null,3.397260274,3/3/21 20:25,happy6,angry3,Angry_2_pause_2,option2,en fr,Often,Never,Rarely
775,67370,80223379-299c-4c29-b11f-5060bd5565c0,m,32-null,3.397260274,3/3/21 20:25,angry6,sad1,Sad_2_pause_2,option1,en fr,Often,Never,Rarely
776,67370,80223379-299c-4c29-b11f-5060bd5565c0,m,33-null,3.397260274,3/3/21 20:25,scared3,angry5,Angry_1_pause_2,option2,en fr,Often,Never,Rarely
777,67370,80223379-299c-4c29-b11f-5060bd5565c0,m,34-null,3.397260274,3/3/21 20:25,happy4,angry4,Angry_2_pause_2,option2,en fr,Often,Never,Rarely
778,67372,35fc6a3d-c291-42ec-ab53-0ef18e5cd91c,f,11-null,2.224657534,3/3/21 20:33,sad2,scared3,Sad_2_pause_2,option2,en fr,Often,Rarely,Rarely
779,67372,35fc6a3d-c291-42ec-ab53-0ef18e5cd91c,f,12-null,2.224657534,3/3/21 20:33,scared6,angry2,Scared_2_pause_2,option1,en fr,Often,Rarely,Rarely
780,67372,35fc6a3d-c291-42ec-ab53-0ef18e5cd91c,f,13-null,2.224657534,3/3/21 20:33,sad3,angry5,Sad_1_pause_2,option1,en fr,Often,Rarely,Rarely
781,67372,35fc6a3d-c291-42ec-ab53-0ef18e5cd91c,f,14-null,2.224657534,3/3/21 20:33,angry3,scared1,Scared_2_pause_2,option1,en fr,Often,Rarely,Rarely
782,67372,35fc6a3d-c291-42ec-ab53-0ef18e5cd91c,f,16-null,2.224657534,3/3/21 20:33,sad4,scared5,Scared_1_pause_2,option1,en fr,Often,Rarely,Rarely
783,67372,35fc6a3d-c291-42ec-ab53-0ef18e5cd91c,f,17-null,2.224657534,3/3/21 20:33,scared6,angry2,Angry_1_pause_2,option2,en fr,Often,Rarely,Rarely
784,67372,35fc6a3d-c291-42ec-ab53-0ef18e5cd91c,f,18-null,2.224657534,3/3/21 20:33,happy6,sad1,Happy_2_pause_2,option1,en fr,Often,Rarely,Rarely
785,67372,35fc6a3d-c291-42ec-ab53-0ef18e5cd91c,f,19-null,2.224657534,3/3/21 20:33,sad6,angry6,Sad_2_pause_2,option1,en fr,Often,Rarely,Rarely
786,67372,35fc6a3d-c291-42ec-ab53-0ef18e5cd91c,f,20-null,2.224657534,3/3/21 20:33,sad3,angry6,Angry_2_pause_2,option2,en fr,Often,Rarely,Rarely
787,67372,35fc6a3d-c291-42ec-ab53-0ef18e5cd91c,f,21-null,2.224657534,3/3/21 20:33,scared4,happy3,Happy_1_pause_2,option1,en fr,Often,Rarely,Rarely
788,67372,35fc6a3d-c291-42ec-ab53-0ef18e5cd91c,f,22-null,2.224657534,3/3/21 20:33,angry1,happy6,Angry_2_pause_2,option2,en fr,Often,Rarely,Rarely
789,67372,35fc6a3d-c291-42ec-ab53-0ef18e5cd91c,f,23-null,2.224657534,3/3/21 20:33,happy1,sad1,Sad_2_pause_2,option1,en fr,Often,Rarely,Rarely
790,67372,35fc6a3d-c291-42ec-ab53-0ef18e5cd91c,f,24-null,2.224657534,3/3/21 20:33,angry5,happy2,Angry_1_pause_2,option2,en fr,Often,Rarely,Rarely
791,67372,35fc6a3d-c291-42ec-ab53-0ef18e5cd91c,f,25-null,2.224657534,3/3/21 20:33,sad5,scared1,Sad_1_pause_2,option1,en fr,Often,Rarely,Rarely
792,67372,35fc6a3d-c291-42ec-ab53-0ef18e5cd91c,f,26-null,2.224657534,3/3/21 20:33,angry4,sad5,Angry_2_pause_2,option2,en fr,Often,Rarely,Rarely
793,67372,35fc6a3d-c291-42ec-ab53-0ef18e5cd91c,f,27-null,2.224657534,3/3/21 20:33,happy5,angry4,Happy_1_pause_2,option1,en fr,Often,Rarely,Rarely
794,67372,35fc6a3d-c291-42ec-ab53-0ef18e5cd91c,f,28-null,2.224657534,3/3/21 20:33,happy4,scared3,Scared_1_pause_2,option2,en fr,Often,Rarely,Rarely
795,67372,35fc6a3d-c291-42ec-ab53-0ef18e5cd91c,f,29-null,2.224657534,3/3/21 20:33,sad4,happy3,Sad_1_pause_2,option1,en fr,Often,Rarely,Rarely
796,67372,35fc6a3d-c291-42ec-ab53-0ef18e5cd91c,f,30-null,2.224657534,3/3/21 20:33,happy2,sad2,Happy_2_pause_2,option1,en fr,Often,Rarely,Rarely
797,67372,35fc6a3d-c291-42ec-ab53-0ef18e5cd91c,f,31-null,2.224657534,3/3/21 20:33,happy4,scared5,Happy_1_pause_2,option1,en fr,Often,Rarely,Rarely
798,67372,35fc6a3d-c291-42ec-ab53-0ef18e5cd91c,f,32-null,2.224657534,3/3/21 20:33,happy5,scared4,Scared_2_pause_2,option2,en fr,Often,Rarely,Rarely
799,67372,35fc6a3d-c291-42ec-ab53-0ef18e5cd91c,f,33-null,2.224657534,3/3/21 20:33,scared2,angry3,Angry_1_pause_2,option2,en fr,Often,Rarely,Rarely
800,67372,35fc6a3d-c291-42ec-ab53-0ef18e5cd91c,f,34-null,2.224657534,3/3/21 20:33,scared2,sad6,Scared_1_pause_2,option2,en fr,Often,Rarely,Rarely
801,67445,5ac7f936-c77e-436f-aeff-4ff3f1a5688f,m,11-null,3.449315068,3/4/21 0:43,scared1,sad2,Scared_2_pause_2,option1,,Often,Rarely,Rarely
802,67445,5ac7f936-c77e-436f-aeff-4ff3f1a5688f,m,12-null,3.449315068,3/4/21 0:43,happy6,sad1,Sad_1_pause_2,option2,,Often,Rarely,Rarely
803,67445,5ac7f936-c77e-436f-aeff-4ff3f1a5688f,m,13-null,3.449315068,3/4/21 0:43,scared6,sad4,Sad_2_pause_2,option2,,Often,Rarely,Rarely
804,67445,5ac7f936-c77e-436f-aeff-4ff3f1a5688f,m,14-null,3.449315068,3/4/21 0:43,happy2,scared3,Scared_2_pause_2,option2,,Often,Rarely,Rarely
805,67445,5ac7f936-c77e-436f-aeff-4ff3f1a5688f,m,16-null,3.449315068,3/4/21 0:43,scared3,sad5,Sad_1_pause_2,option2,,Often,Rarely,Rarely
806,67445,5ac7f936-c77e-436f-aeff-4ff3f1a5688f,m,17-null,3.449315068,3/4/21 0:43,angry5,happy3,Happy_1_pause_2,option2,,Often,Rarely,Rarely
807,67445,5ac7f936-c77e-436f-aeff-4ff3f1a5688f,m,18-null,3.449315068,3/4/21 0:43,scared6,angry1,Scared_1_pause_2,option1,,Often,Rarely,Rarely
808,67445,5ac7f936-c77e-436f-aeff-4ff3f1a5688f,m,19-null,3.449315068,3/4/21 0:43,angry1,sad1,Angry_1_pause_2,option1,,Often,Rarely,Rarely
809,67445,5ac7f936-c77e-436f-aeff-4ff3f1a5688f,m,20-null,3.449315068,3/4/21 0:43,happy1,sad5,Happy_2_pause_2,option1,,Often,Rarely,Rarely
810,67445,5ac7f936-c77e-436f-aeff-4ff3f1a5688f,m,21-null,3.449315068,3/4/21 0:43,happy2,sad6,Happy_1_pause_2,option1,,Often,Rarely,Rarely
811,67445,5ac7f936-c77e-436f-aeff-4ff3f1a5688f,m,22-null,3.449315068,3/4/21 0:43,scared2,angry3,Angry_2_pause_2,option2,,Often,Rarely,Rarely
812,67445,5ac7f936-c77e-436f-aeff-4ff3f1a5688f,m,23-null,3.449315068,3/4/21 0:43,sad3,scared5,Scared_1_pause_2,option2,,Often,Rarely,Rarely
813,67445,5ac7f936-c77e-436f-aeff-4ff3f1a5688f,m,24-null,3.449315068,3/4/21 0:43,angry3,sad2,Sad_2_pause_2,option2,,Often,Rarely,Rarely
814,67445,5ac7f936-c77e-436f-aeff-4ff3f1a5688f,m,25-null,3.449315068,3/4/21 0:43,happy4,scared4,Happy_2_pause_2,option1,,Often,Rarely,Rarely
815,67445,5ac7f936-c77e-436f-aeff-4ff3f1a5688f,m,26-null,3.449315068,3/4/21 0:43,happy5,scared5,Happy_1_pause_2,option1,,Often,Rarely,Rarely
816,67445,5ac7f936-c77e-436f-aeff-4ff3f1a5688f,m,27-null,3.449315068,3/4/21 0:43,happy1,angry6,Angry_1_pause_2,option2,,Often,Rarely,Rarely
817,67445,5ac7f936-c77e-436f-aeff-4ff3f1a5688f,m,28-null,3.449315068,3/4/21 0:43,angry4,happy6,Happy_2_pause_2,option2,,Often,Rarely,Rarely
818,67445,5ac7f936-c77e-436f-aeff-4ff3f1a5688f,m,29-null,3.449315068,3/4/21 0:43,angry2,scared1,Angry_2_pause_2,option1,,Often,Rarely,Rarely
819,67445,5ac7f936-c77e-436f-aeff-4ff3f1a5688f,m,30-null,3.449315068,3/4/21 0:43,sad6,angry6,Sad_1_pause_2,option1,,Often,Rarely,Rarely
820,67445,5ac7f936-c77e-436f-aeff-4ff3f1a5688f,m,31-null,3.449315068,3/4/21 0:43,happy3,scared2,Scared_1_pause_2,option2,,Often,Rarely,Rarely
821,67445,5ac7f936-c77e-436f-aeff-4ff3f1a5688f,m,32-null,3.449315068,3/4/21 0:43,happy5,sad3,Sad_2_pause_2,option2,,Often,Rarely,Rarely
822,67445,5ac7f936-c77e-436f-aeff-4ff3f1a5688f,m,33-null,3.449315068,3/4/21 0:43,scared4,angry2,Scared_2_pause_2,option1,,Often,Rarely,Rarely
823,67445,5ac7f936-c77e-436f-aeff-4ff3f1a5688f,m,34-null,3.449315068,3/4/21 0:43,angry4,sad4,Angry_1_pause_2,option1,,Often,Rarely,Rarely
824,67466,1c7c1664-5226-4ce4-90dc-b19c8034d85a,m,11-null,3.534246575,3/4/21 1:41,angry6,sad4,Sad_2_pause_2,option2,en,Often,Never,Often
825,67466,1c7c1664-5226-4ce4-90dc-b19c8034d85a,m,12-null,3.534246575,3/4/21 1:41,scared2,sad6,Sad_1_pause_2,option2,en,Often,Never,Often
826,67466,1c7c1664-5226-4ce4-90dc-b19c8034d85a,m,13-null,3.534246575,3/4/21 1:41,happy5,scared1,Happy_1_pause_2,option1,en,Often,Never,Often
827,67466,1c7c1664-5226-4ce4-90dc-b19c8034d85a,m,14-null,3.534246575,3/4/21 1:41,scared4,sad2,Sad_1_pause_2,option2,en,Often,Never,Often
828,67466,1c7c1664-5226-4ce4-90dc-b19c8034d85a,m,16-null,3.534246575,3/4/21 1:41,angry3,scared6,Angry_2_pause_2,option1,en,Often,Never,Often
829,67466,1c7c1664-5226-4ce4-90dc-b19c8034d85a,m,17-null,3.534246575,3/4/21 1:41,sad5,scared5,Scared_1_pause_2,option2,en,Often,Never,Often
830,67466,1c7c1664-5226-4ce4-90dc-b19c8034d85a,m,18-null,3.534246575,3/4/21 1:41,angry2,sad4,Angry_1_pause_2,option1,en,Often,Never,Often
831,67466,1c7c1664-5226-4ce4-90dc-b19c8034d85a,m,19-null,3.534246575,3/4/21 1:41,angry1,scared3,Angry_1_pause_2,option1,en,Often,Never,Often
832,67466,1c7c1664-5226-4ce4-90dc-b19c8034d85a,m,20-null,3.534246575,3/4/21 1:41,happy4,scared2,Scared_1_pause_2,option2,en,Often,Never,Often
833,67466,1c7c1664-5226-4ce4-90dc-b19c8034d85a,m,21-null,3.534246575,3/4/21 1:41,sad6,scared4,Scared_2_pause_2,option2,en,Often,Never,Often
834,67466,1c7c1664-5226-4ce4-90dc-b19c8034d85a,m,22-null,3.534246575,3/4/21 1:41,sad3,happy1,Happy_1_pause_2,option1,en,Often,Never,Often
835,67466,1c7c1664-5226-4ce4-90dc-b19c8034d85a,m,23-null,3.534246575,3/4/21 1:41,sad5,angry2,Sad_2_pause_2,option2,en,Often,Never,Often
836,67466,1c7c1664-5226-4ce4-90dc-b19c8034d85a,m,24-null,3.534246575,3/4/21 1:41,happy6,sad1,Sad_1_pause_2,option2,en,Often,Never,Often
837,67466,1c7c1664-5226-4ce4-90dc-b19c8034d85a,m,25-null,3.534246575,3/4/21 1:41,happy3,scared5,Happy_2_pause_2,option1,en,Often,Never,Often
838,67466,1c7c1664-5226-4ce4-90dc-b19c8034d85a,m,26-null,3.534246575,3/4/21 1:41,happy1,scared6,Scared_2_pause_2,option2,en,Often,Never,Often
839,67466,1c7c1664-5226-4ce4-90dc-b19c8034d85a,m,27-null,3.534246575,3/4/21 1:41,angry4,happy5,Angry_2_pause_2,option1,en,Often,Never,Often
840,67466,1c7c1664-5226-4ce4-90dc-b19c8034d85a,m,28-null,3.534246575,3/4/21 1:41,angry5,happy3,Angry_1_pause_2,option1,en,Often,Never,Often
841,67466,1c7c1664-5226-4ce4-90dc-b19c8034d85a,m,29-null,3.534246575,3/4/21 1:41,angry5,scared3,Scared_1_pause_2,option1,en,Often,Never,Often
842,67466,1c7c1664-5226-4ce4-90dc-b19c8034d85a,m,30-null,3.534246575,3/4/21 1:41,sad1,happy4,Happy_2_pause_2,option2,en,Often,Never,Often
843,67466,1c7c1664-5226-4ce4-90dc-b19c8034d85a,m,31-null,3.534246575,3/4/21 1:41,sad2,angry6,Angry_2_pause_2,option2,en,Often,Never,Often
844,67466,1c7c1664-5226-4ce4-90dc-b19c8034d85a,m,32-null,3.534246575,3/4/21 1:41,happy6,angry4,Happy_2_pause_2,option1,en,Often,Never,Often
845,67466,1c7c1664-5226-4ce4-90dc-b19c8034d85a,m,33-null,3.534246575,3/4/21 1:41,happy2,angry3,Happy_1_pause_2,option1,en,Often,Never,Often
846,67466,1c7c1664-5226-4ce4-90dc-b19c8034d85a,m,34-null,3.534246575,3/4/21 1:41,scared1,angry1,Scared_2_pause_2,option2,en,Often,Never,Often
847,67552,8fd282cf-e71a-46a2-8aa8-ae53a73d1705,f,11-null,3.117808219,3/4/21 17:33,happy4,sad2,Happy_1_pause_2,option1,,Often,Never,Rarely
848,67552,8fd282cf-e71a-46a2-8aa8-ae53a73d1705,f,12-null,3.117808219,3/4/21 17:33,angry3,happy3,Happy_2_pause_2,option2,,Often,Never,Rarely
849,67552,8fd282cf-e71a-46a2-8aa8-ae53a73d1705,f,13-null,3.117808219,3/4/21 17:33,angry5,scared2,Scared_2_pause_2,option1,,Often,Never,Rarely
850,67552,8fd282cf-e71a-46a2-8aa8-ae53a73d1705,f,14-null,3.117808219,3/4/21 17:33,scared6,happy3,Scared_2_pause_2,option1,,Often,Never,Rarely
851,67552,8fd282cf-e71a-46a2-8aa8-ae53a73d1705,f,16-null,3.117808219,3/4/21 17:33,angry2,happy5,Angry_1_pause_2,option1,,Often,Never,Rarely
852,67552,8fd282cf-e71a-46a2-8aa8-ae53a73d1705,f,17-null,3.117808219,3/4/21 17:33,angry1,happy6,Angry_2_pause_2,option1,,Often,Never,Rarely
853,67552,8fd282cf-e71a-46a2-8aa8-ae53a73d1705,f,18-null,3.117808219,3/4/21 17:33,scared3,sad5,Scared_1_pause_2,option1,,Often,Never,Rarely
854,67552,8fd282cf-e71a-46a2-8aa8-ae53a73d1705,f,19-null,3.117808219,3/4/21 17:33,happy2,scared1,Scared_1_pause_2,option2,,Often,Never,Rarely
855,67552,8fd282cf-e71a-46a2-8aa8-ae53a73d1705,f,20-null,3.117808219,3/4/21 17:33,scared5,sad1,Sad_1_pause_2,option2,,Often,Never,Rarely
856,67552,8fd282cf-e71a-46a2-8aa8-ae53a73d1705,f,21-null,3.117808219,3/4/21 17:33,angry5,sad1,Angry_1_pause_2,option1,,Often,Never,Rarely
857,67552,8fd282cf-e71a-46a2-8aa8-ae53a73d1705,f,22-null,3.117808219,3/4/21 17:33,scared4,angry2,Scared_1_pause_2,option1,,Often,Never,Rarely
858,67552,8fd282cf-e71a-46a2-8aa8-ae53a73d1705,f,23-null,3.117808219,3/4/21 17:33,happy1,scared4,Happy_1_pause_2,option1,,Often,Never,Rarely
859,67552,8fd282cf-e71a-46a2-8aa8-ae53a73d1705,f,24-null,3.117808219,3/4/21 17:33,angry1,sad4,Sad_2_pause_2,option2,,Often,Never,Rarely
860,67552,8fd282cf-e71a-46a2-8aa8-ae53a73d1705,f,25-null,3.117808219,3/4/21 17:33,angry6,sad4,Angry_2_pause_2,option1,,Often,Never,Rarely
861,67552,8fd282cf-e71a-46a2-8aa8-ae53a73d1705,f,26-null,3.117808219,3/4/21 17:33,scared1,sad6,Sad_1_pause_2,option2,,Often,Never,Rarely
862,67552,8fd282cf-e71a-46a2-8aa8-ae53a73d1705,f,27-null,3.117808219,3/4/21 17:33,happy2,angry4,Happy_1_pause_2,option1,,Often,Never,Rarely
863,67552,8fd282cf-e71a-46a2-8aa8-ae53a73d1705,f,28-null,3.117808219,3/4/21 17:33,sad2,happy4,Sad_2_pause_2,option1,,Often,Never,Rarely
864,67552,8fd282cf-e71a-46a2-8aa8-ae53a73d1705,f,29-null,3.117808219,3/4/21 17:33,scared6,happy5,Happy_2_pause_2,option2,,Often,Never,Rarely
865,67552,8fd282cf-e71a-46a2-8aa8-ae53a73d1705,f,30-null,3.117808219,3/4/21 17:33,angry6,sad3,Sad_1_pause_2,option2,,Often,Never,Rarely
866,67552,8fd282cf-e71a-46a2-8aa8-ae53a73d1705,f,31-null,3.117808219,3/4/21 17:33,sad5,happy1,Sad_2_pause_2,option1,,Often,Never,Rarely
867,67552,8fd282cf-e71a-46a2-8aa8-ae53a73d1705,f,32-null,3.117808219,3/4/21 17:33,angry3,scared3,Angry_1_pause_2,option1,,Often,Never,Rarely
868,67552,8fd282cf-e71a-46a2-8aa8-ae53a73d1705,f,33-null,3.117808219,3/4/21 17:33,happy6,sad6,Happy_2_pause_2,option1,,Often,Never,Rarely
869,67552,8fd282cf-e71a-46a2-8aa8-ae53a73d1705,f,34-null,3.117808219,3/4/21 17:33,sad3,scared5,Scared_2_pause_2,option2,,Often,Never,Rarely
870,67569,abeb3378-a91e-4347-998a-6abdbb8b87dd,m,11-null,3.410958904,3/4/21 18:18,sad2,happy6,Sad_1_pause_2,option1,en,Sometimes,Never,Never
871,67569,abeb3378-a91e-4347-998a-6abdbb8b87dd,m,12-null,3.410958904,3/4/21 18:18,angry6,scared2,Scared_1_pause_2,option2,en,Sometimes,Never,Never
872,67569,abeb3378-a91e-4347-998a-6abdbb8b87dd,m,13-null,3.410958904,3/4/21 18:18,sad5,happy4,Sad_1_pause_2,option1,en,Sometimes,Never,Never
873,67569,abeb3378-a91e-4347-998a-6abdbb8b87dd,m,14-null,3.410958904,3/4/21 18:18,angry2,scared2,Angry_2_pause_2,option1,en,Sometimes,Never,Never
874,67569,abeb3378-a91e-4347-998a-6abdbb8b87dd,m,16-null,3.410958904,3/4/21 18:18,angry5,happy2,Happy_2_pause_2,option2,en,Sometimes,Never,Never
875,67569,abeb3378-a91e-4347-998a-6abdbb8b87dd,m,17-null,3.410958904,3/4/21 18:18,scared1,happy1,Happy_2_pause_2,option2,en,Sometimes,Never,Never
876,67569,abeb3378-a91e-4347-998a-6abdbb8b87dd,m,18-null,3.410958904,3/4/21 18:18,scared5,happy3,Scared_2_pause_2,option1,en,Sometimes,Never,Never
877,67569,abeb3378-a91e-4347-998a-6abdbb8b87dd,m,19-null,3.410958904,3/4/21 18:18,scared1,sad4,Scared_1_pause_2,option1,en,Sometimes,Never,Never
878,67569,abeb3378-a91e-4347-998a-6abdbb8b87dd,m,20-null,3.410958904,3/4/21 18:18,scared3,happy1,Scared_2_pause_2,option1,en,Sometimes,Never,Never
879,67569,abeb3378-a91e-4347-998a-6abdbb8b87dd,m,21-null,3.410958904,3/4/21 18:18,scared4,sad1,Sad_2_pause_2,option2,en,Sometimes,Never,Never
880,67569,abeb3378-a91e-4347-998a-6abdbb8b87dd,m,22-null,3.410958904,3/4/21 18:18,scared6,angry1,Scared_2_pause_2,option1,en,Sometimes,Never,Never
881,67569,abeb3378-a91e-4347-998a-6abdbb8b87dd,m,23-null,3.410958904,3/4/21 18:18,happy3,sad3,Happy_1_pause_2,option1,en,Sometimes,Never,Never
882,67569,abeb3378-a91e-4347-998a-6abdbb8b87dd,m,24-null,3.410958904,3/4/21 18:18,happy6,sad1,Happy_1_pause_2,option1,en,Sometimes,Never,Never
883,67569,abeb3378-a91e-4347-998a-6abdbb8b87dd,m,25-null,3.410958904,3/4/21 18:18,sad6,angry5,Angry_1_pause_2,option2,en,Sometimes,Never,Never
884,67569,abeb3378-a91e-4347-998a-6abdbb8b87dd,m,26-null,3.410958904,3/4/21 18:18,scared4,sad5,Scared_1_pause_2,option1,en,Sometimes,Never,Never
885,67569,abeb3378-a91e-4347-998a-6abdbb8b87dd,m,27-null,3.410958904,3/4/21 18:18,scared3,happy4,Happy_2_pause_2,option2,en,Sometimes,Never,Never
886,67569,abeb3378-a91e-4347-998a-6abdbb8b87dd,m,28-null,3.410958904,3/4/21 18:18,angry1,happy5,Angry_1_pause_2,option1,en,Sometimes,Never,Never
887,67569,abeb3378-a91e-4347-998a-6abdbb8b87dd,m,29-null,3.410958904,3/4/21 18:18,angry2,happy5,Happy_1_pause_2,option2,en,Sometimes,Never,Never
888,67569,abeb3378-a91e-4347-998a-6abdbb8b87dd,m,30-null,3.410958904,3/4/21 18:18,sad3,angry3,Sad_1_pause_2,option1,en,Sometimes,Never,Never
889,67569,abeb3378-a91e-4347-998a-6abdbb8b87dd,m,31-null,3.410958904,3/4/21 18:18,angry6,scared6,Angry_1_pause_2,option1,en,Sometimes,Never,Never
890,67569,abeb3378-a91e-4347-998a-6abdbb8b87dd,m,32-null,3.410958904,3/4/21 18:18,sad6,scared5,Sad_2_pause_2,option1,en,Sometimes,Never,Never
891,67569,abeb3378-a91e-4347-998a-6abdbb8b87dd,m,33-null,3.410958904,3/4/21 18:18,sad4,angry4,Sad_2_pause_2,option1,en,Sometimes,Never,Never
892,67569,abeb3378-a91e-4347-998a-6abdbb8b87dd,m,34-null,3.410958904,3/4/21 18:18,happy2,angry4,Angry_2_pause_2,option2,en,Sometimes,Never,Never
893,67776,07daf7ee-f6d7-4b50-bc60-5fa3ad50a409,f,11-null,2.402739726,3/5/21 22:36,scared5,angry5,Scared_1_pause_2,option1,en,Sometimes,Sometimes,Rarely
894,67776,07daf7ee-f6d7-4b50-bc60-5fa3ad50a409,f,12-null,2.402739726,3/5/21 22:36,angry2,scared1,Angry_2_pause_2,option1,en,Sometimes,Sometimes,Rarely
895,67776,07daf7ee-f6d7-4b50-bc60-5fa3ad50a409,f,13-null,2.402739726,3/5/21 22:36,sad6,scared3,Sad_2_pause_2,option2,en,Sometimes,Sometimes,Rarely
896,67776,07daf7ee-f6d7-4b50-bc60-5fa3ad50a409,f,14-null,2.402739726,3/5/21 22:36,happy2,sad4,Sad_1_pause_2,option1,en,Sometimes,Sometimes,Rarely
897,67776,07daf7ee-f6d7-4b50-bc60-5fa3ad50a409,f,16-null,2.402739726,3/5/21 22:36,happy5,angry1,Angry_2_pause_2,option2,en,Sometimes,Sometimes,Rarely
898,67776,07daf7ee-f6d7-4b50-bc60-5fa3ad50a409,f,17-null,2.402739726,3/5/21 22:36,sad6,scared6,Scared_2_pause_2,option2,en,Sometimes,Sometimes,Rarely
899,67776,07daf7ee-f6d7-4b50-bc60-5fa3ad50a409,f,18-null,2.402739726,3/5/21 22:36,happy6,scared4,Happy_2_pause_2,option1,en,Sometimes,Sometimes,Rarely
900,67776,07daf7ee-f6d7-4b50-bc60-5fa3ad50a409,f,19-null,2.402739726,3/5/21 22:36,happy2,sad1,Happy_1_pause_2,option1,en,Sometimes,Sometimes,Rarely
901,67776,07daf7ee-f6d7-4b50-bc60-5fa3ad50a409,f,20-null,2.402739726,3/5/21 22:36,sad1,scared5,Sad_2_pause_2,option2,en,Sometimes,Sometimes,Rarely
902,67776,07daf7ee-f6d7-4b50-bc60-5fa3ad50a409,f,21-null,2.402739726,3/5/21 22:36,happy4,angry6,Happy_2_pause_2,option1,en,Sometimes,Sometimes,Rarely
903,67776,07daf7ee-f6d7-4b50-bc60-5fa3ad50a409,f,22-null,2.402739726,3/5/21 22:36,sad3,angry3,Sad_2_pause_2,option2,en,Sometimes,Sometimes,Rarely
904,67776,07daf7ee-f6d7-4b50-bc60-5fa3ad50a409,f,23-null,2.402739726,3/5/21 22:36,sad2,happy4,Sad_1_pause_2,option2,en,Sometimes,Sometimes,Rarely
905,67776,07daf7ee-f6d7-4b50-bc60-5fa3ad50a409,f,24-null,2.402739726,3/5/21 22:36,scared1,angry4,Scared_1_pause_2,option1,en,Sometimes,Sometimes,Rarely
906,67776,07daf7ee-f6d7-4b50-bc60-5fa3ad50a409,f,25-null,2.402739726,3/5/21 22:36,scared2,happy6,Scared_2_pause_2,option1,en,Sometimes,Sometimes,Rarely
907,67776,07daf7ee-f6d7-4b50-bc60-5fa3ad50a409,f,26-null,2.402739726,3/5/21 22:36,scared4,happy3,Scared_1_pause_2,option1,en,Sometimes,Sometimes,Rarely
908,67776,07daf7ee-f6d7-4b50-bc60-5fa3ad50a409,f,27-null,2.402739726,3/5/21 22:36,sad5,angry2,Sad_1_pause_2,option1,en,Sometimes,Sometimes,Rarely
909,67776,07daf7ee-f6d7-4b50-bc60-5fa3ad50a409,f,28-null,2.402739726,3/5/21 22:36,angry5,sad3,Angry_1_pause_2,option1,en,Sometimes,Sometimes,Rarely
910,67776,07daf7ee-f6d7-4b50-bc60-5fa3ad50a409,f,29-null,2.402739726,3/5/21 22:36,happy1,angry4,Angry_2_pause_2,option2,en,Sometimes,Sometimes,Rarely
911,67776,07daf7ee-f6d7-4b50-bc60-5fa3ad50a409,f,30-null,2.402739726,3/5/21 22:36,angry1,happy1,Happy_1_pause_2,option2,en,Sometimes,Sometimes,Rarely
912,67776,07daf7ee-f6d7-4b50-bc60-5fa3ad50a409,f,31-null,2.402739726,3/5/21 22:36,happy5,sad4,Happy_1_pause_2,option1,en,Sometimes,Sometimes,Rarely
913,67776,07daf7ee-f6d7-4b50-bc60-5fa3ad50a409,f,32-null,2.402739726,3/5/21 22:36,angry3,scared2,Angry_1_pause_2,option1,en,Sometimes,Sometimes,Rarely
914,67776,07daf7ee-f6d7-4b50-bc60-5fa3ad50a409,f,33-null,2.402739726,3/5/21 22:36,sad5,angry6,Angry_1_pause_2,option2,en,Sometimes,Sometimes,Rarely
915,67776,07daf7ee-f6d7-4b50-bc60-5fa3ad50a409,f,34-null,2.402739726,3/5/21 22:36,scared6,happy3,Happy_2_pause_2,option2,en,Sometimes,Sometimes,Rarely
916,67805,42a52f49-3e0e-4639-9af3-66c84fddd2ff,f,11-null,2.208219178,3/6/21 14:34,angry4,scared4,Scared_2_pause_2,option1,en,Often,Rarely,Rarely
917,67805,42a52f49-3e0e-4639-9af3-66c84fddd2ff,f,12-null,2.208219178,3/6/21 14:34,angry3,happy5,Angry_2_pause_2,option1,en,Often,Rarely,Rarely
918,67805,42a52f49-3e0e-4639-9af3-66c84fddd2ff,f,13-null,2.208219178,3/6/21 14:34,angry1,sad3,Sad_2_pause_2,option2,en,Often,Rarely,Rarely
919,67805,42a52f49-3e0e-4639-9af3-66c84fddd2ff,f,14-null,2.208219178,3/6/21 14:34,sad4,happy3,Happy_2_pause_2,option2,en,Often,Rarely,Rarely
920,67805,42a52f49-3e0e-4639-9af3-66c84fddd2ff,f,16-null,2.208219178,3/6/21 14:34,sad2,angry1,Angry_1_pause_2,option1,en,Often,Rarely,Rarely
921,67805,42a52f49-3e0e-4639-9af3-66c84fddd2ff,f,17-null,2.208219178,3/6/21 14:34,angry6,sad5,Sad_1_pause_2,option2,en,Often,Rarely,Rarely
922,67805,42a52f49-3e0e-4639-9af3-66c84fddd2ff,f,18-null,2.208219178,3/6/21 14:34,scared1,happy4,Happy_1_pause_2,option2,en,Often,Rarely,Rarely
923,67805,42a52f49-3e0e-4639-9af3-66c84fddd2ff,f,19-null,2.208219178,3/6/21 14:34,scared2,happy1,Scared_1_pause_2,option1,en,Often,Rarely,Rarely
924,67805,42a52f49-3e0e-4639-9af3-66c84fddd2ff,f,20-null,2.208219178,3/6/21 14:34,sad4,scared5,Sad_2_pause_2,option2,en,Often,Rarely,Rarely
925,67805,42a52f49-3e0e-4639-9af3-66c84fddd2ff,f,21-null,2.208219178,3/6/21 14:34,angry6,scared3,Angry_2_pause_2,option2,en,Often,Rarely,Rarely
926,67805,42a52f49-3e0e-4639-9af3-66c84fddd2ff,f,22-null,2.208219178,3/6/21 14:34,angry3,happy1,Happy_1_pause_2,option2,en,Often,Rarely,Rarely
927,67805,42a52f49-3e0e-4639-9af3-66c84fddd2ff,f,23-null,2.208219178,3/6/21 14:34,happy6,scared4,Happy_2_pause_2,option1,en,Often,Rarely,Rarely
928,67805,42a52f49-3e0e-4639-9af3-66c84fddd2ff,f,24-null,2.208219178,3/6/21 14:34,sad6,happy5,Happy_2_pause_2,option2,en,Often,Rarely,Rarely
929,67805,42a52f49-3e0e-4639-9af3-66c84fddd2ff,f,25-null,2.208219178,3/6/21 14:34,scared6,sad3,Scared_1_pause_2,option1,en,Often,Rarely,Rarely
930,67805,42a52f49-3e0e-4639-9af3-66c84fddd2ff,f,26-null,2.208219178,3/6/21 14:34,angry5,happy2,Happy_1_pause_2,option2,en,Often,Rarely,Rarely
931,67805,42a52f49-3e0e-4639-9af3-66c84fddd2ff,f,27-null,2.208219178,3/6/21 14:34,scared6,angry5,Angry_1_pause_2,option2,en,Often,Rarely,Rarely
932,67805,42a52f49-3e0e-4639-9af3-66c84fddd2ff,f,28-null,2.208219178,3/6/21 14:34,scared3,sad1,Scared_2_pause_2,I_dont_know,en,Often,Rarely,Rarely
933,67805,42a52f49-3e0e-4639-9af3-66c84fddd2ff,f,29-null,2.208219178,3/6/21 14:34,happy2,sad1,Sad_2_pause_2,option2,en,Often,Rarely,Rarely
934,67805,42a52f49-3e0e-4639-9af3-66c84fddd2ff,f,30-null,2.208219178,3/6/21 14:34,happy6,sad2,Sad_1_pause_2,option2,en,Often,Rarely,Rarely
935,67805,42a52f49-3e0e-4639-9af3-66c84fddd2ff,f,31-null,2.208219178,3/6/21 14:34,sad5,angry4,Angry_1_pause_2,option2,en,Often,Rarely,Rarely
936,67805,42a52f49-3e0e-4639-9af3-66c84fddd2ff,f,32-null,2.208219178,3/6/21 14:34,scared2,sad6,Sad_1_pause_2,option2,en,Often,Rarely,Rarely
937,67805,42a52f49-3e0e-4639-9af3-66c84fddd2ff,f,33-null,2.208219178,3/6/21 14:34,scared1,happy3,Scared_2_pause_2,option1,en,Often,Rarely,Rarely
938,67805,42a52f49-3e0e-4639-9af3-66c84fddd2ff,f,34-null,2.208219178,3/6/21 14:34,angry2,happy4,Angry_2_pause_2,option1,en,Often,Rarely,Rarely
939,67811,5c00fa3b-2b98-4e24-8e48-c0b417f259eb,f,11-null,2.057534247,3/6/21 14:55,happy1,sad1,Sad_2_pause_2,option2,en cmn es,Often,Often,Sometimes
940,67811,5c00fa3b-2b98-4e24-8e48-c0b417f259eb,f,12-null,2.057534247,3/6/21 14:55,sad5,scared5,Sad_1_pause_2,option1,en cmn es,Often,Often,Sometimes
941,67811,5c00fa3b-2b98-4e24-8e48-c0b417f259eb,f,13-null,2.057534247,3/6/21 14:55,scared2,angry6,Scared_2_pause_2,option2,en cmn es,Often,Often,Sometimes
942,67811,5c00fa3b-2b98-4e24-8e48-c0b417f259eb,f,14-null,2.057534247,3/6/21 14:55,angry6,scared1,Angry_1_pause_2,option2,en cmn es,Often,Often,Sometimes
943,67811,5c00fa3b-2b98-4e24-8e48-c0b417f259eb,f,16-null,2.057534247,3/6/21 14:55,angry3,happy3,Angry_2_pause_2,option2,en cmn es,Often,Often,Sometimes
944,67811,5c00fa3b-2b98-4e24-8e48-c0b417f259eb,f,17-null,2.057534247,3/6/21 14:55,sad4,angry5,Angry_1_pause_2,option1,en cmn es,Often,Often,Sometimes
945,67811,5c00fa3b-2b98-4e24-8e48-c0b417f259eb,f,18-null,2.057534247,3/6/21 14:55,angry3,scared5,Scared_1_pause_2,option2,en cmn es,Often,Often,Sometimes
946,67811,5c00fa3b-2b98-4e24-8e48-c0b417f259eb,f,19-null,2.057534247,3/6/21 14:55,happy2,sad2,Sad_2_pause_2,option2,en cmn es,Often,Often,Sometimes
947,67811,5c00fa3b-2b98-4e24-8e48-c0b417f259eb,f,20-null,2.057534247,3/6/21 14:55,sad6,happy5,Happy_1_pause_2,option2,en cmn es,Often,Often,Sometimes
948,67811,5c00fa3b-2b98-4e24-8e48-c0b417f259eb,f,21-null,2.057534247,3/6/21 14:55,happy4,scared4,Happy_1_pause_2,I_dont_know,en cmn es,Often,Often,Sometimes
949,67811,5c00fa3b-2b98-4e24-8e48-c0b417f259eb,f,22-null,2.057534247,3/6/21 14:55,sad2,scared1,Scared_1_pause_2,option1,en cmn es,Often,Often,Sometimes
950,67811,5c00fa3b-2b98-4e24-8e48-c0b417f259eb,f,23-null,2.057534247,3/6/21 14:55,sad4,scared2,Sad_1_pause_2,I_dont_know,en cmn es,Often,Often,Sometimes
951,67811,5c00fa3b-2b98-4e24-8e48-c0b417f259eb,f,24-null,2.057534247,3/6/21 14:55,happy4,angry2,Angry_2_pause_2,I_dont_know,en cmn es,Often,Often,Sometimes
952,67811,5c00fa3b-2b98-4e24-8e48-c0b417f259eb,f,25-null,2.057534247,3/6/21 14:55,happy6,angry1,Happy_1_pause_2,I_dont_know,en cmn es,Often,Often,Sometimes
953,67811,5c00fa3b-2b98-4e24-8e48-c0b417f259eb,f,26-null,2.057534247,3/6/21 14:55,scared3,happy5,Scared_2_pause_2,option1,en cmn es,Often,Often,Sometimes
954,67811,5c00fa3b-2b98-4e24-8e48-c0b417f259eb,f,27-null,2.057534247,3/6/21 14:55,happy1,sad1,Happy_2_pause_2,option2,en cmn es,Often,Often,Sometimes
955,67811,5c00fa3b-2b98-4e24-8e48-c0b417f259eb,f,28-null,2.057534247,3/6/21 14:55,angry1,sad5,Angry_2_pause_2,option1,en cmn es,Often,Often,Sometimes
956,67811,5c00fa3b-2b98-4e24-8e48-c0b417f259eb,f,29-null,2.057534247,3/6/21 14:55,scared6,angry4,Angry_1_pause_2,option1,en cmn es,Often,Often,Sometimes
957,67811,5c00fa3b-2b98-4e24-8e48-c0b417f259eb,f,30-null,2.057534247,3/6/21 14:55,happy2,angry2,Happy_2_pause_2,I_dont_know,en cmn es,Often,Often,Sometimes
958,67811,5c00fa3b-2b98-4e24-8e48-c0b417f259eb,f,31-null,2.057534247,3/6/21 14:55,sad6,angry4,Sad_1_pause_2,I_dont_know,en cmn es,Often,Often,Sometimes
959,67811,5c00fa3b-2b98-4e24-8e48-c0b417f259eb,f,32-null,2.057534247,3/6/21 14:55,happy6,scared4,Scared_1_pause_2,option2,en cmn es,Often,Often,Sometimes
960,67811,5c00fa3b-2b98-4e24-8e48-c0b417f259eb,f,33-null,2.057534247,3/6/21 14:55,angry5,sad3,Sad_2_pause_2,option1,en cmn es,Often,Often,Sometimes
961,67811,5c00fa3b-2b98-4e24-8e48-c0b417f259eb,f,34-null,2.057534247,3/6/21 14:55,scared6,sad3,Scared_2_pause_2,option1,en cmn es,Often,Often,Sometimes
962,67879,6ac180b6-588d-4587-8675-2c937715f76f,m,11-null,2.375342466,3/6/21 22:07,happy3,sad6,Sad_1_pause_2,option2,en,Often,Sometimes,Rarely
963,67879,6ac180b6-588d-4587-8675-2c937715f76f,m,12-null,2.375342466,3/6/21 22:07,happy6,sad3,Happy_1_pause_2,option1,en,Often,Sometimes,Rarely
964,67879,6ac180b6-588d-4587-8675-2c937715f76f,m,13-null,2.375342466,3/6/21 22:07,angry6,scared5,Angry_1_pause_2,option1,en,Often,Sometimes,Rarely
965,67879,6ac180b6-588d-4587-8675-2c937715f76f,m,14-null,2.375342466,3/6/21 22:07,happy6,angry4,Angry_2_pause_2,option2,en,Often,Sometimes,Rarely
966,67879,6ac180b6-588d-4587-8675-2c937715f76f,m,16-null,2.375342466,3/6/21 22:07,angry2,happy5,Angry_1_pause_2,option1,en,Often,Sometimes,Rarely
967,67879,6ac180b6-588d-4587-8675-2c937715f76f,m,17-null,2.375342466,3/6/21 22:07,sad4,scared6,Sad_2_pause_2,option1,en,Often,Sometimes,Rarely
968,67879,6ac180b6-588d-4587-8675-2c937715f76f,m,18-null,2.375342466,3/6/21 22:07,scared2,sad3,Sad_2_pause_2,option2,en,Often,Sometimes,Rarely
969,67879,6ac180b6-588d-4587-8675-2c937715f76f,m,19-null,2.375342466,3/6/21 22:07,sad1,angry4,Sad_1_pause_2,option1,en,Often,Sometimes,Rarely
970,67879,6ac180b6-588d-4587-8675-2c937715f76f,m,20-null,2.375342466,3/6/21 22:07,scared3,happy4,Scared_2_pause_2,option1,en,Often,Sometimes,Rarely
971,67879,6ac180b6-588d-4587-8675-2c937715f76f,m,21-null,2.375342466,3/6/21 22:07,angry5,sad1,Angry_2_pause_2,option1,en,Often,Sometimes,Rarely
972,67879,6ac180b6-588d-4587-8675-2c937715f76f,m,22-null,2.375342466,3/6/21 22:07,angry3,happy3,Happy_2_pause_2,option2,en,Often,Sometimes,Rarely
973,67879,6ac180b6-588d-4587-8675-2c937715f76f,m,23-null,2.375342466,3/6/21 22:07,angry6,scared1,Scared_1_pause_2,option2,en,Often,Sometimes,Rarely
974,67879,6ac180b6-588d-4587-8675-2c937715f76f,m,24-null,2.375342466,3/6/21 22:07,angry1,scared4,Angry_1_pause_2,option1,en,Often,Sometimes,Rarely
975,67879,6ac180b6-588d-4587-8675-2c937715f76f,m,25-null,2.375342466,3/6/21 22:07,happy2,sad4,Happy_2_pause_2,option1,en,Often,Sometimes,Rarely
976,67879,6ac180b6-588d-4587-8675-2c937715f76f,m,26-null,2.375342466,3/6/21 22:07,scared1,happy1,Happy_1_pause_2,option2,en,Often,Sometimes,Rarely
977,67879,6ac180b6-588d-4587-8675-2c937715f76f,m,27-null,2.375342466,3/6/21 22:07,scared2,happy1,Scared_1_pause_2,option1,en,Often,Sometimes,Rarely
978,67879,6ac180b6-588d-4587-8675-2c937715f76f,m,28-null,2.375342466,3/6/21 22:07,sad2,scared6,Scared_2_pause_2,option2,en,Often,Sometimes,Rarely
979,67879,6ac180b6-588d-4587-8675-2c937715f76f,m,29-null,2.375342466,3/6/21 22:07,happy4,scared3,Happy_1_pause_2,option1,en,Often,Sometimes,Rarely
980,67879,6ac180b6-588d-4587-8675-2c937715f76f,m,30-null,2.375342466,3/6/21 22:07,angry1,scared5,Scared_1_pause_2,option2,en,Often,Sometimes,Rarely
981,67879,6ac180b6-588d-4587-8675-2c937715f76f,m,31-null,2.375342466,3/6/21 22:07,angry3,sad6,Angry_2_pause_2,option1,en,Often,Sometimes,Rarely
982,67879,6ac180b6-588d-4587-8675-2c937715f76f,m,32-null,2.375342466,3/6/21 22:07,sad5,scared4,Scared_2_pause_2,option2,en,Often,Sometimes,Rarely
983,67879,6ac180b6-588d-4587-8675-2c937715f76f,m,33-null,2.375342466,3/6/21 22:07,angry5,happy5,Happy_2_pause_2,option2,en,Often,Sometimes,Rarely
984,67879,6ac180b6-588d-4587-8675-2c937715f76f,m,34-null,2.375342466,3/6/21 22:07,happy2,sad2,Sad_1_pause_2,option2,en,Often,Sometimes,Rarely
985,67903,312979e2-3f27-4d5c-a8a3-3070f444950c,f,11-null,2.128767123,3/7/21 14:15,angry1,happy4,Happy_1_pause_2,option2,en,Often,Sometimes,Rarely
986,67903,312979e2-3f27-4d5c-a8a3-3070f444950c,f,12-null,2.128767123,3/7/21 14:15,happy2,sad3,Sad_1_pause_2,option2,en,Often,Sometimes,Rarely
987,67903,312979e2-3f27-4d5c-a8a3-3070f444950c,f,13-null,2.128767123,3/7/21 14:15,angry4,scared1,Angry_1_pause_2,option2,en,Often,Sometimes,Rarely
988,67903,312979e2-3f27-4d5c-a8a3-3070f444950c,f,14-null,2.128767123,3/7/21 14:15,scared1,sad2,Scared_1_pause_2,option2,en,Often,Sometimes,Rarely
989,67903,312979e2-3f27-4d5c-a8a3-3070f444950c,f,16-null,2.128767123,3/7/21 14:15,happy5,sad1,Happy_2_pause_2,option1,en,Often,Sometimes,Rarely
990,67903,312979e2-3f27-4d5c-a8a3-3070f444950c,f,17-null,2.128767123,3/7/21 14:15,scared5,sad1,Sad_2_pause_2,option2,en,Often,Sometimes,Rarely
991,67903,312979e2-3f27-4d5c-a8a3-3070f444950c,f,18-null,2.128767123,3/7/21 14:15,sad4,angry4,Sad_1_pause_2,option1,en,Often,Sometimes,Rarely
992,67903,312979e2-3f27-4d5c-a8a3-3070f444950c,f,19-null,2.128767123,3/7/21 14:15,scared6,happy4,Scared_2_pause_2,option1,en,Often,Sometimes,Rarely
993,67903,312979e2-3f27-4d5c-a8a3-3070f444950c,f,20-null,2.128767123,3/7/21 14:15,sad6,scared2,Sad_2_pause_2,option1,en,Often,Sometimes,Rarely
994,67903,312979e2-3f27-4d5c-a8a3-3070f444950c,f,21-null,2.128767123,3/7/21 14:15,angry2,happy3,Happy_2_pause_2,option2,en,Often,Sometimes,Rarely
995,67903,312979e2-3f27-4d5c-a8a3-3070f444950c,f,22-null,2.128767123,3/7/21 14:15,angry2,happy3,Angry_2_pause_2,option1,en,Often,Sometimes,Rarely
996,67903,312979e2-3f27-4d5c-a8a3-3070f444950c,f,23-null,2.128767123,3/7/21 14:15,scared3,happy1,Happy_1_pause_2,option2,en,Often,Sometimes,Rarely
997,67903,312979e2-3f27-4d5c-a8a3-3070f444950c,f,24-null,2.128767123,3/7/21 14:15,scared3,happy1,Scared_2_pause_2,option2,en,Often,Sometimes,Rarely
998,67903,312979e2-3f27-4d5c-a8a3-3070f444950c,f,25-null,2.128767123,3/7/21 14:15,angry5,scared4,Scared_1_pause_2,option1,en,Often,Sometimes,Rarely
999,67903,312979e2-3f27-4d5c-a8a3-3070f444950c,f,26-null,2.128767123,3/7/21 14:15,angry6,sad5,Sad_2_pause_2,option2,en,Often,Sometimes,Rarely
1000,67903,312979e2-3f27-4d5c-a8a3-3070f444950c,f,27-null,2.128767123,3/7/21 14:15,happy2,sad6,Happy_1_pause_2,option1,en,Often,Sometimes,Rarely
1001,67903,312979e2-3f27-4d5c-a8a3-3070f444950c,f,28-null,2.128767123,3/7/21 14:15,scared5,angry3,Scared_1_pause_2,option1,en,Often,Sometimes,Rarely
1002,67903,312979e2-3f27-4d5c-a8a3-3070f444950c,f,29-null,2.128767123,3/7/21 14:15,happy5,angry6,Angry_2_pause_2,option2,en,Often,Sometimes,Rarely
1003,67903,312979e2-3f27-4d5c-a8a3-3070f444950c,f,30-null,2.128767123,3/7/21 14:15,sad5,scared2,Scared_2_pause_2,option2,en,Often,Sometimes,Rarely
1004,67903,312979e2-3f27-4d5c-a8a3-3070f444950c,f,31-null,2.128767123,3/7/21 14:15,scared4,angry1,Angry_2_pause_2,option1,en,Often,Sometimes,Rarely
1005,67903,312979e2-3f27-4d5c-a8a3-3070f444950c,f,32-null,2.128767123,3/7/21 14:15,sad4,angry3,Angry_1_pause_2,option2,en,Often,Sometimes,Rarely
1006,67903,312979e2-3f27-4d5c-a8a3-3070f444950c,f,33-null,2.128767123,3/7/21 14:15,happy6,sad2,Sad_1_pause_2,option2,en,Often,Sometimes,Rarely
1007,67903,312979e2-3f27-4d5c-a8a3-3070f444950c,f,34-null,2.128767123,3/7/21 14:15,sad3,angry5,Angry_1_pause_2,option2,en,Often,Sometimes,Rarely
1008,67944,99b0799a-c406-4bcf-902f-e5b94a7d8c86,f,11-null,2.123287671,3/8/21 0:30,angry5,scared3,Scared_2_pause_2,option1,en it,Always,Often,Rarely
1009,67944,99b0799a-c406-4bcf-902f-e5b94a7d8c86,f,12-null,2.123287671,3/8/21 0:30,happy2,sad2,Happy_2_pause_2,option1,en it,Always,Often,Rarely
1010,67944,99b0799a-c406-4bcf-902f-e5b94a7d8c86,f,13-null,2.123287671,3/8/21 0:30,sad3,angry6,Sad_1_pause_2,option1,en it,Always,Often,Rarely
1011,67944,99b0799a-c406-4bcf-902f-e5b94a7d8c86,f,14-null,2.123287671,3/8/21 0:30,happy5,angry6,Angry_2_pause_2,option2,en it,Always,Often,Rarely
1012,67944,99b0799a-c406-4bcf-902f-e5b94a7d8c86,f,16-null,2.123287671,3/8/21 0:30,scared4,sad5,Scared_2_pause_2,option2,en it,Always,Often,Rarely
1013,67944,99b0799a-c406-4bcf-902f-e5b94a7d8c86,f,17-null,2.123287671,3/8/21 0:30,scared1,happy3,Scared_1_pause_2,option1,en it,Always,Often,Rarely
1014,67944,99b0799a-c406-4bcf-902f-e5b94a7d8c86,f,18-null,2.123287671,3/8/21 0:30,scared4,sad1,Sad_2_pause_2,option1,en it,Always,Often,Rarely
1015,67944,99b0799a-c406-4bcf-902f-e5b94a7d8c86,f,19-null,2.123287671,3/8/21 0:30,angry1,sad3,Angry_1_pause_2,option1,en it,Always,Often,Rarely
1016,67944,99b0799a-c406-4bcf-902f-e5b94a7d8c86,f,20-null,2.123287671,3/8/21 0:30,scared1,happy5,Happy_1_pause_2,option1,en it,Always,Often,Rarely
1017,67944,99b0799a-c406-4bcf-902f-e5b94a7d8c86,f,21-null,2.123287671,3/8/21 0:30,happy6,angry5,Angry_1_pause_2,option2,en it,Always,Often,Rarely
1018,67944,99b0799a-c406-4bcf-902f-e5b94a7d8c86,f,22-null,2.123287671,3/8/21 0:30,angry4,scared2,Angry_2_pause_2,option2,en it,Always,Often,Rarely
1019,67944,99b0799a-c406-4bcf-902f-e5b94a7d8c86,f,23-null,2.123287671,3/8/21 0:30,scared6,sad5,Sad_2_pause_2,option2,en it,Always,Often,Rarely
1020,67944,99b0799a-c406-4bcf-902f-e5b94a7d8c86,f,24-null,2.123287671,3/8/21 0:30,happy2,sad2,Sad_1_pause_2,option2,en it,Always,Often,Rarely
1021,67944,99b0799a-c406-4bcf-902f-e5b94a7d8c86,f,25-null,2.123287671,3/8/21 0:30,sad6,angry3,Angry_1_pause_2,option1,en it,Always,Often,Rarely
1022,67944,99b0799a-c406-4bcf-902f-e5b94a7d8c86,f,26-null,2.123287671,3/8/21 0:30,scared6,happy4,Scared_1_pause_2,option1,en it,Always,Often,Rarely
1023,67944,99b0799a-c406-4bcf-902f-e5b94a7d8c86,f,27-null,2.123287671,3/8/21 0:30,happy6,angry4,Happy_1_pause_2,option2,en it,Always,Often,Rarely
1024,67944,99b0799a-c406-4bcf-902f-e5b94a7d8c86,f,28-null,2.123287671,3/8/21 0:30,happy4,scared5,Happy_2_pause_2,option1,en it,Always,Often,Rarely
1025,67944,99b0799a-c406-4bcf-902f-e5b94a7d8c86,f,29-null,2.123287671,3/8/21 0:30,angry2,happy1,Happy_1_pause_2,option1,en it,Always,Often,Rarely
1026,67944,99b0799a-c406-4bcf-902f-e5b94a7d8c86,f,30-null,2.123287671,3/8/21 0:30,happy3,sad1,Happy_2_pause_2,option1,en it,Always,Often,Rarely
1027,67944,99b0799a-c406-4bcf-902f-e5b94a7d8c86,f,31-null,2.123287671,3/8/21 0:30,sad4,happy1,Sad_2_pause_2,option2,en it,Always,Often,Rarely
1028,67944,99b0799a-c406-4bcf-902f-e5b94a7d8c86,f,32-null,2.123287671,3/8/21 0:30,angry3,scared5,Scared_2_pause_2,option2,en it,Always,Often,Rarely
1029,67944,99b0799a-c406-4bcf-902f-e5b94a7d8c86,f,33-null,2.123287671,3/8/21 0:30,angry2,scared3,Angry_2_pause_2,option2,en it,Always,Often,Rarely
1030,67944,99b0799a-c406-4bcf-902f-e5b94a7d8c86,f,34-null,2.123287671,3/8/21 0:30,scared2,sad4,Scared_1_pause_2,option1,en it,Always,Often,Rarely
1031,67978,04bc17af-825d-4c9e-acec-bc3fdf90276d,m,11-null,2.542465753,3/8/21 14:57,sad5,happy5,Sad_1_pause_2,option1,en,Sometimes,Rarely,Rarely
1032,67978,04bc17af-825d-4c9e-acec-bc3fdf90276d,m,12-null,2.542465753,3/8/21 14:57,sad1,scared2,Sad_2_pause_2,option1,en,Sometimes,Rarely,Rarely
1033,67978,04bc17af-825d-4c9e-acec-bc3fdf90276d,m,13-null,2.542465753,3/8/21 14:57,scared3,happy1,Happy_1_pause_2,option2,en,Sometimes,Rarely,Rarely
1034,67978,04bc17af-825d-4c9e-acec-bc3fdf90276d,m,14-null,2.542465753,3/8/21 14:57,happy2,sad1,Happy_1_pause_2,option1,en,Sometimes,Rarely,Rarely
1035,67978,04bc17af-825d-4c9e-acec-bc3fdf90276d,m,16-null,2.542465753,3/8/21 14:57,scared6,angry1,Scared_1_pause_2,option1,en,Sometimes,Rarely,Rarely
1036,67978,04bc17af-825d-4c9e-acec-bc3fdf90276d,m,17-null,2.542465753,3/8/21 14:57,sad6,happy3,Happy_2_pause_2,option2,en,Sometimes,Rarely,Rarely
1037,67978,04bc17af-825d-4c9e-acec-bc3fdf90276d,m,18-null,2.542465753,3/8/21 14:57,happy4,scared1,Scared_2_pause_2,option2,en,Sometimes,Rarely,Rarely
1038,67978,04bc17af-825d-4c9e-acec-bc3fdf90276d,m,19-null,2.542465753,3/8/21 14:57,sad4,scared3,Scared_2_pause_2,option1,en,Sometimes,Rarely,Rarely
1039,67978,04bc17af-825d-4c9e-acec-bc3fdf90276d,m,20-null,2.542465753,3/8/21 14:57,sad5,scared4,Scared_2_pause_2,option1,en,Sometimes,Rarely,Rarely
1040,67978,04bc17af-825d-4c9e-acec-bc3fdf90276d,m,21-null,2.542465753,3/8/21 14:57,angry6,happy6,Happy_2_pause_2,option2,en,Sometimes,Rarely,Rarely
1041,67978,04bc17af-825d-4c9e-acec-bc3fdf90276d,m,22-null,2.542465753,3/8/21 14:57,sad3,angry1,Angry_1_pause_2,option1,en,Sometimes,Rarely,Rarely
1042,67978,04bc17af-825d-4c9e-acec-bc3fdf90276d,m,23-null,2.542465753,3/8/21 14:57,angry3,scared5,Scared_1_pause_2,option2,en,Sometimes,Rarely,Rarely
1043,67978,04bc17af-825d-4c9e-acec-bc3fdf90276d,m,24-null,2.542465753,3/8/21 14:57,sad4,angry5,Sad_2_pause_2,option1,en,Sometimes,Rarely,Rarely
1044,67978,04bc17af-825d-4c9e-acec-bc3fdf90276d,m,25-null,2.542465753,3/8/21 14:57,sad2,scared1,Sad_1_pause_2,option1,en,Sometimes,Rarely,Rarely
1045,67978,04bc17af-825d-4c9e-acec-bc3fdf90276d,m,26-null,2.542465753,3/8/21 14:57,angry4,happy4,Happy_1_pause_2,option2,en,Sometimes,Rarely,Rarely
1046,67978,04bc17af-825d-4c9e-acec-bc3fdf90276d,m,27-null,2.542465753,3/8/21 14:57,happy5,scared6,Happy_2_pause_2,option1,en,Sometimes,Rarely,Rarely
1047,67978,04bc17af-825d-4c9e-acec-bc3fdf90276d,m,28-null,2.542465753,3/8/21 14:57,angry3,happy1,Angry_1_pause_2,option1,en,Sometimes,Rarely,Rarely
1048,67978,04bc17af-825d-4c9e-acec-bc3fdf90276d,m,29-null,2.542465753,3/8/21 14:57,happy2,sad6,Sad_2_pause_2,option2,en,Sometimes,Rarely,Rarely
1049,67978,04bc17af-825d-4c9e-acec-bc3fdf90276d,m,30-null,2.542465753,3/8/21 14:57,angry2,sad2,Angry_2_pause_2,option2,en,Sometimes,Rarely,Rarely
1050,67978,04bc17af-825d-4c9e-acec-bc3fdf90276d,m,31-null,2.542465753,3/8/21 14:57,scared5,angry4,Angry_2_pause_2,option1,en,Sometimes,Rarely,Rarely
1051,67978,04bc17af-825d-4c9e-acec-bc3fdf90276d,m,32-null,2.542465753,3/8/21 14:57,happy6,angry5,Angry_1_pause_2,option2,en,Sometimes,Rarely,Rarely
1052,67978,04bc17af-825d-4c9e-acec-bc3fdf90276d,m,33-null,2.542465753,3/8/21 14:57,scared4,angry6,Angry_2_pause_2,I_dont_know,en,Sometimes,Rarely,Rarely
1053,67978,04bc17af-825d-4c9e-acec-bc3fdf90276d,m,34-null,2.542465753,3/8/21 14:57,sad3,angry2,Sad_1_pause_2,I_dont_know,en,Sometimes,Rarely,Rarely
1054,71326,5c15e710-81ec-456f-b4e5-3cdbcc40d0ae,f,11-null,2.632876712,3/17/21 23:42,angry6,scared2,Angry_1_pause_2,option1,en es,Sometimes,Often,Often
1055,71326,5c15e710-81ec-456f-b4e5-3cdbcc40d0ae,f,12-null,2.632876712,3/17/21 23:42,sad3,happy1,Sad_2_pause_2,option1,en es,Sometimes,Often,Often
1056,71326,5c15e710-81ec-456f-b4e5-3cdbcc40d0ae,f,13-null,2.632876712,3/17/21 23:42,sad4,scared5,Sad_1_pause_2,option1,en es,Sometimes,Often,Often
1057,71326,5c15e710-81ec-456f-b4e5-3cdbcc40d0ae,f,14-null,2.632876712,3/17/21 23:42,scared2,happy5,Scared_2_pause_2,option1,en es,Sometimes,Often,Often
1058,71326,5c15e710-81ec-456f-b4e5-3cdbcc40d0ae,f,16-null,2.632876712,3/17/21 23:42,scared3,sad5,Scared_1_pause_2,option1,en es,Sometimes,Often,Often
1059,71326,5c15e710-81ec-456f-b4e5-3cdbcc40d0ae,f,17-null,2.632876712,3/17/21 23:42,angry5,happy6,Angry_1_pause_2,option1,en es,Sometimes,Often,Often
1060,71326,5c15e710-81ec-456f-b4e5-3cdbcc40d0ae,f,18-null,2.632876712,3/17/21 23:42,angry6,sad5,Sad_1_pause_2,option2,en es,Sometimes,Often,Often
1061,71326,5c15e710-81ec-456f-b4e5-3cdbcc40d0ae,f,19-null,2.632876712,3/17/21 23:42,angry3,happy6,Happy_2_pause_2,option2,en es,Sometimes,Often,Often
1062,71326,5c15e710-81ec-456f-b4e5-3cdbcc40d0ae,f,20-null,2.632876712,3/17/21 23:42,angry4,scared6,Scared_1_pause_2,option2,en es,Sometimes,Often,Often
1063,71326,5c15e710-81ec-456f-b4e5-3cdbcc40d0ae,f,21-null,2.632876712,3/17/21 23:42,happy2,sad4,Happy_1_pause_2,option1,en es,Sometimes,Often,Often
1064,71326,5c15e710-81ec-456f-b4e5-3cdbcc40d0ae,f,22-null,2.632876712,3/17/21 23:42,angry4,scared4,Angry_2_pause_2,option1,en es,Sometimes,Often,Often
1065,71326,5c15e710-81ec-456f-b4e5-3cdbcc40d0ae,f,23-null,2.632876712,3/17/21 23:42,angry3,sad1,Angry_1_pause_2,option1,en es,Sometimes,Often,Often
1066,71326,5c15e710-81ec-456f-b4e5-3cdbcc40d0ae,f,24-null,2.632876712,3/17/21 23:42,happy4,scared4,Scared_2_pause_2,option2,en es,Sometimes,Often,Often
1067,71326,5c15e710-81ec-456f-b4e5-3cdbcc40d0ae,f,25-null,2.632876712,3/17/21 23:42,sad1,scared1,Sad_2_pause_2,option1,en es,Sometimes,Often,Often
1068,71326,5c15e710-81ec-456f-b4e5-3cdbcc40d0ae,f,26-null,2.632876712,3/17/21 23:42,scared1,angry1,Scared_1_pause_2,option2,en es,Sometimes,Often,Often
1069,71326,5c15e710-81ec-456f-b4e5-3cdbcc40d0ae,f,27-null,2.632876712,3/17/21 23:42,sad6,scared5,Scared_2_pause_2,option2,en es,Sometimes,Often,Often
1070,71326,5c15e710-81ec-456f-b4e5-3cdbcc40d0ae,f,28-null,2.632876712,3/17/21 23:42,happy1,scared3,Happy_2_pause_2,option1,en es,Sometimes,Often,Often
1071,71326,5c15e710-81ec-456f-b4e5-3cdbcc40d0ae,f,29-null,2.632876712,3/17/21 23:42,angry2,happy3,Angry_2_pause_2,option1,en es,Sometimes,Often,Often
1072,71326,5c15e710-81ec-456f-b4e5-3cdbcc40d0ae,f,30-null,2.632876712,3/17/21 23:42,sad2,happy2,Sad_2_pause_2,option1,en es,Sometimes,Often,Often
1073,71326,5c15e710-81ec-456f-b4e5-3cdbcc40d0ae,f,31-null,2.632876712,3/17/21 23:42,angry1,sad3,Angry_2_pause_2,option1,en es,Sometimes,Often,Often
1074,71326,5c15e710-81ec-456f-b4e5-3cdbcc40d0ae,f,32-null,2.632876712,3/17/21 23:42,scared6,happy5,Happy_1_pause_2,option2,en es,Sometimes,Often,Often
1075,71326,5c15e710-81ec-456f-b4e5-3cdbcc40d0ae,f,33-null,2.632876712,3/17/21 23:42,sad6,angry5,Sad_1_pause_2,option1,en es,Sometimes,Often,Often
1076,71326,5c15e710-81ec-456f-b4e5-3cdbcc40d0ae,f,34-null,2.632876712,3/17/21 23:42,happy3,sad2,Happy_1_pause_2,option1,en es,Sometimes,Often,Often
1077,71352,35137837-906b-4d4b-8217-a9d392ed178f,f,11-null,2.797260274,3/18/21 16:03,scared3,angry5,Scared_2_pause_2,option1,en,Sometimes,Sometimes,Sometimes
1078,71352,35137837-906b-4d4b-8217-a9d392ed178f,f,12-null,2.797260274,3/18/21 16:03,happy4,angry3,Happy_1_pause_2,option1,en,Sometimes,Sometimes,Sometimes
1079,71352,35137837-906b-4d4b-8217-a9d392ed178f,f,13-null,2.797260274,3/18/21 16:03,happy3,angry2,Happy_2_pause_2,option1,en,Sometimes,Sometimes,Sometimes
1080,71352,35137837-906b-4d4b-8217-a9d392ed178f,f,14-null,2.797260274,3/18/21 16:03,angry6,scared4,Angry_2_pause_2,option1,en,Sometimes,Sometimes,Sometimes
1081,71352,35137837-906b-4d4b-8217-a9d392ed178f,f,16-null,2.797260274,3/18/21 16:03,sad4,scared1,Sad_2_pause_2,option1,en,Sometimes,Sometimes,Sometimes
1082,71352,35137837-906b-4d4b-8217-a9d392ed178f,f,17-null,2.797260274,3/18/21 16:03,happy3,sad1,Sad_1_pause_2,option2,en,Sometimes,Sometimes,Sometimes
1083,71352,35137837-906b-4d4b-8217-a9d392ed178f,f,18-null,2.797260274,3/18/21 16:03,happy2,scared6,Happy_2_pause_2,option1,en,Sometimes,Sometimes,Sometimes
1084,71352,35137837-906b-4d4b-8217-a9d392ed178f,f,19-null,2.797260274,3/18/21 16:03,sad2,happy6,Happy_1_pause_2,option2,en,Sometimes,Sometimes,Sometimes
1085,71352,35137837-906b-4d4b-8217-a9d392ed178f,f,20-null,2.797260274,3/18/21 16:03,sad6,happy1,Happy_2_pause_2,option2,en,Sometimes,Sometimes,Sometimes
1086,71352,35137837-906b-4d4b-8217-a9d392ed178f,f,21-null,2.797260274,3/18/21 16:03,scared6,sad1,Scared_1_pause_2,option1,en,Sometimes,Sometimes,Sometimes
1087,71352,35137837-906b-4d4b-8217-a9d392ed178f,f,22-null,2.797260274,3/18/21 16:03,angry6,scared2,Scared_1_pause_2,option2,en,Sometimes,Sometimes,Sometimes
1088,71352,35137837-906b-4d4b-8217-a9d392ed178f,f,23-null,2.797260274,3/18/21 16:03,angry1,happy1,Angry_1_pause_2,option1,en,Sometimes,Sometimes,Sometimes
1089,71352,35137837-906b-4d4b-8217-a9d392ed178f,f,24-null,2.797260274,3/18/21 16:03,happy6,scared1,Scared_2_pause_2,option2,en,Sometimes,Sometimes,Sometimes
1090,71352,35137837-906b-4d4b-8217-a9d392ed178f,f,25-null,2.797260274,3/18/21 16:03,sad5,angry4,Angry_1_pause_2,option2,en,Sometimes,Sometimes,Sometimes
1091,71352,35137837-906b-4d4b-8217-a9d392ed178f,f,26-null,2.797260274,3/18/21 16:03,angry3,scared3,Angry_1_pause_2,option1,en,Sometimes,Sometimes,Sometimes
1092,71352,35137837-906b-4d4b-8217-a9d392ed178f,f,27-null,2.797260274,3/18/21 16:03,angry2,happy5,Angry_2_pause_2,option1,en,Sometimes,Sometimes,Sometimes
1093,71352,35137837-906b-4d4b-8217-a9d392ed178f,f,28-null,2.797260274,3/18/21 16:03,sad4,angry5,Angry_2_pause_2,option2,en,Sometimes,Sometimes,Sometimes
1094,71352,35137837-906b-4d4b-8217-a9d392ed178f,f,29-null,2.797260274,3/18/21 16:03,scared4,sad3,Scared_1_pause_2,option1,en,Sometimes,Sometimes,Sometimes
1095,71352,35137837-906b-4d4b-8217-a9d392ed178f,f,30-null,2.797260274,3/18/21 16:03,scared2,sad2,Sad_2_pause_2,option2,en,Sometimes,Sometimes,Sometimes
1096,71352,35137837-906b-4d4b-8217-a9d392ed178f,f,31-null,2.797260274,3/18/21 16:03,happy2,scared5,Scared_2_pause_2,option2,en,Sometimes,Sometimes,Sometimes
1097,71352,35137837-906b-4d4b-8217-a9d392ed178f,f,32-null,2.797260274,3/18/21 16:03,sad5,angry4,Sad_1_pause_2,option1,en,Sometimes,Sometimes,Sometimes
1098,71352,35137837-906b-4d4b-8217-a9d392ed178f,f,33-null,2.797260274,3/18/21 16:03,happy4,sad3,Sad_2_pause_2,option2,en,Sometimes,Sometimes,Sometimes
1099,71352,35137837-906b-4d4b-8217-a9d392ed178f,f,34-null,2.797260274,3/18/21 16:03,happy5,scared5,Happy_1_pause_2,option1,en,Sometimes,Sometimes,Sometimes