,subid,uuid,gender,test_trial,age_in_years,option1,option2,trial_audio,selected_image,lang,parent_mask,peer_mask,own_mask
1,58475,d95b0a0d-1c2a-4553-96d3-45f766b812cc,m,11-null,3.457534247,sad2_2,scared4,Scared_1_pause_2,option2,en ja,Often,Sometimes,Often
2,58475,d95b0a0d-1c2a-4553-96d3-45f766b812cc,m,12-null,3.457534247,sad5,happy2,Sad_2_pause_2,option1,en ja,Often,Sometimes,Often
3,58475,d95b0a0d-1c2a-4553-96d3-45f766b812cc,m,13-null,3.457534247,happy2,angry5_2,Happy_2_pause_2,option1,en ja,Often,Sometimes,Often
4,58475,d95b0a0d-1c2a-4553-96d3-45f766b812cc,m,14-null,3.457534247,happy5,scared6,Happy_2_pause_2,option1,en ja,Often,Sometimes,Often
5,58475,d95b0a0d-1c2a-4553-96d3-45f766b812cc,m,16-null,3.457534247,angry2,sad4,Sad_2_pause_2,option2,en ja,Often,Sometimes,Often
6,58475,d95b0a0d-1c2a-4553-96d3-45f766b812cc,m,17-null,3.457534247,scared1,sad6,Scared_2_pause_2,option1,en ja,Often,Sometimes,Often
7,58475,d95b0a0d-1c2a-4553-96d3-45f766b812cc,m,18-null,3.457534247,happy3_2,angry4,Happy_1_pause_2,option1,en ja,Often,Sometimes,Often
8,58475,d95b0a0d-1c2a-4553-96d3-45f766b812cc,m,19-null,3.457534247,scared5,happy5,Scared_1_pause_2,option1,en ja,Often,Sometimes,Often
9,58475,d95b0a0d-1c2a-4553-96d3-45f766b812cc,m,20-null,3.457534247,happy3_2,angry6,Angry_1_pause_2,option2,en ja,Often,Sometimes,Often
10,58475,d95b0a0d-1c2a-4553-96d3-45f766b812cc,m,21-null,3.457534247,scared5,angry3,Angry_2_pause_2,option2,en ja,Often,Sometimes,Often
11,58475,d95b0a0d-1c2a-4553-96d3-45f766b812cc,m,22-null,3.457534247,scared6,angry6,Scared_1_pause_2,option1,en ja,Often,Sometimes,Often
12,58475,d95b0a0d-1c2a-4553-96d3-45f766b812cc,m,23-null,3.457534247,happy4,scared2,Happy_1_pause_2,option1,en ja,Often,Sometimes,Often
13,58475,d95b0a0d-1c2a-4553-96d3-45f766b812cc,m,24-null,3.457534247,happy4,angry4,Angry_1_pause_2,option2,en ja,Often,Sometimes,Often
14,58475,d95b0a0d-1c2a-4553-96d3-45f766b812cc,m,25-null,3.457534247,sad2_2,scared3,Sad_1_pause_2,option1,en ja,Often,Sometimes,Often
15,58475,d95b0a0d-1c2a-4553-96d3-45f766b812cc,m,26-null,3.457534247,scared2,angry1_2,Scared_2_pause_2,option1,en ja,Often,Sometimes,Often
16,58475,d95b0a0d-1c2a-4553-96d3-45f766b812cc,m,27-null,3.457534247,happy6,sad1_2,Sad_1_pause_2,option2,en ja,Often,Sometimes,Often
17,58475,d95b0a0d-1c2a-4553-96d3-45f766b812cc,m,28-null,3.457534247,happy1,sad1_2,Happy_1_pause_2,option1,en ja,Often,Sometimes,Often
18,58475,d95b0a0d-1c2a-4553-96d3-45f766b812cc,m,29-null,3.457534247,angry3,sad6,Sad_1_pause_2,option2,en ja,Often,Sometimes,Often
19,58475,d95b0a0d-1c2a-4553-96d3-45f766b812cc,m,30-null,3.457534247,sad3,scared4,Sad_2_pause_2,option1,en ja,Often,Sometimes,Often
20,58475,d95b0a0d-1c2a-4553-96d3-45f766b812cc,m,31-null,3.457534247,angry5_2,sad4,Angry_1_pause_2,option1,en ja,Often,Sometimes,Often
21,58475,d95b0a0d-1c2a-4553-96d3-45f766b812cc,m,32-null,3.457534247,happy6,sad5,Happy_2_pause_2,option1,en ja,Often,Sometimes,Often
22,58475,d95b0a0d-1c2a-4553-96d3-45f766b812cc,m,33-null,3.457534247,scared1,angry1_2,Angry_2_pause_2,option2,en ja,Often,Sometimes,Often
23,58475,d95b0a0d-1c2a-4553-96d3-45f766b812cc,m,34-null,3.457534247,happy1,scared3,Scared_2_pause_2,option2,en ja,Often,Sometimes,Often
24,58562,ce490007-4e23-495a-a7d1-5a999f7b855e,m,11-null,3.978082192,happy6,sad5,Happy_2_pause_2,option2,en fr,Often,Often,Often
25,58562,ce490007-4e23-495a-a7d1-5a999f7b855e,m,12-null,3.978082192,angry1_2,sad4,Sad_2_pause_2,option2,en fr,Often,Often,Often
26,58562,ce490007-4e23-495a-a7d1-5a999f7b855e,m,13-null,3.978082192,happy3_2,angry3,Angry_2_pause_2,option2,en fr,Often,Often,Often
27,58562,ce490007-4e23-495a-a7d1-5a999f7b855e,m,14-null,3.978082192,scared5,angry6,Angry_2_pause_2,option2,en fr,Often,Often,Often
28,58562,ce490007-4e23-495a-a7d1-5a999f7b855e,m,16-null,3.978082192,angry3,scared4,Scared_2_pause_2,option2,en fr,Often,Often,Often
29,58562,ce490007-4e23-495a-a7d1-5a999f7b855e,m,17-null,3.978082192,sad1_2,angry1_2,Angry_1_pause_2,option2,en fr,Often,Often,Often
30,58562,ce490007-4e23-495a-a7d1-5a999f7b855e,m,18-null,3.978082192,scared6,sad4,Scared_1_pause_2,option1,en fr,Often,Often,Often
31,58562,ce490007-4e23-495a-a7d1-5a999f7b855e,m,19-null,3.978082192,sad3,angry5_2,Sad_1_pause_2,option1,en fr,Often,Often,Often
32,58562,ce490007-4e23-495a-a7d1-5a999f7b855e,m,20-null,3.978082192,happy2,sad2_2,Sad_2_pause_2,option2,en fr,Often,Often,Often
33,58562,ce490007-4e23-495a-a7d1-5a999f7b855e,m,21-null,3.978082192,happy1,scared2,Happy_1_pause_2,option1,en fr,Often,Often,Often
34,58562,ce490007-4e23-495a-a7d1-5a999f7b855e,m,22-null,3.978082192,sad6,scared6,Sad_1_pause_2,option1,en fr,Often,Often,Often
35,58562,ce490007-4e23-495a-a7d1-5a999f7b855e,m,23-null,3.978082192,sad5,scared3,Sad_2_pause_2,option1,en fr,Often,Often,Often
36,58562,ce490007-4e23-495a-a7d1-5a999f7b855e,m,24-null,3.978082192,sad1_2,happy4,Sad_1_pause_2,option1,en fr,Often,Often,Often
37,58562,ce490007-4e23-495a-a7d1-5a999f7b855e,m,25-null,3.978082192,angry4,scared1,Scared_2_pause_2,option2,en fr,Often,Often,Often
38,58562,ce490007-4e23-495a-a7d1-5a999f7b855e,m,26-null,3.978082192,happy3_2,scared4,Happy_1_pause_2,option1,en fr,Often,Often,Often
39,58562,ce490007-4e23-495a-a7d1-5a999f7b855e,m,27-null,3.978082192,scared1,angry5_2,Angry_1_pause_2,option1,en fr,Often,Often,Often
40,58562,ce490007-4e23-495a-a7d1-5a999f7b855e,m,28-null,3.978082192,happy5,angry2,Angry_2_pause_2,option2,en fr,Often,Often,Often
41,58562,ce490007-4e23-495a-a7d1-5a999f7b855e,m,29-null,3.978082192,sad2_2,scared3,Scared_1_pause_2,option1,en fr,Often,Often,Often
42,58562,ce490007-4e23-495a-a7d1-5a999f7b855e,m,30-null,3.978082192,angry4,sad3,Angry_1_pause_2,option1,en fr,Often,Often,Often
43,58562,ce490007-4e23-495a-a7d1-5a999f7b855e,m,31-null,3.978082192,sad6,happy5,Happy_1_pause_2,option2,en fr,Often,Often,Often
44,58562,ce490007-4e23-495a-a7d1-5a999f7b855e,m,32-null,3.978082192,happy1,scared5,Scared_2_pause_2,option2,en fr,Often,Often,Often
45,58562,ce490007-4e23-495a-a7d1-5a999f7b855e,m,33-null,3.978082192,happy4,angry6,Happy_2_pause_2,option1,en fr,Often,Often,Often
46,58562,ce490007-4e23-495a-a7d1-5a999f7b855e,m,34-null,3.978082192,scared2,happy6,Scared_1_pause_2,option1,en fr,Often,Often,Often
47,58564,74543757-500e-47cb-a376-28a98b5ca447,m,11-null,3.947945205,angry5_2,sad2_2,Sad_1_pause_2,option2,en,Sometimes,Sometimes,Sometimes
48,58564,74543757-500e-47cb-a376-28a98b5ca447,m,12-null,3.947945205,happy5,angry1_2,Happy_1_pause_2,option1,en,Sometimes,Sometimes,Sometimes
49,58564,74543757-500e-47cb-a376-28a98b5ca447,m,13-null,3.947945205,happy1,sad6,Sad_2_pause_2,option2,en,Sometimes,Sometimes,Sometimes
50,58564,74543757-500e-47cb-a376-28a98b5ca447,m,14-null,3.947945205,angry6,sad4,Sad_2_pause_2,option2,en,Sometimes,Sometimes,Sometimes
51,58564,74543757-500e-47cb-a376-28a98b5ca447,m,16-null,3.947945205,happy6,angry4,Happy_2_pause_2,option1,en,Sometimes,Sometimes,Sometimes
52,58564,74543757-500e-47cb-a376-28a98b5ca447,m,17-null,3.947945205,angry2,scared1,Scared_2_pause_2,option2,en,Sometimes,Sometimes,Sometimes
53,58564,74543757-500e-47cb-a376-28a98b5ca447,m,18-null,3.947945205,scared5,sad3,Sad_1_pause_2,option2,en,Sometimes,Sometimes,Sometimes
54,58564,74543757-500e-47cb-a376-28a98b5ca447,m,19-null,3.947945205,happy3_2,scared3,Scared_1_pause_2,option2,en,Sometimes,Sometimes,Sometimes
55,58564,74543757-500e-47cb-a376-28a98b5ca447,m,20-null,3.947945205,sad1_2,scared5,Scared_2_pause_2,option1,en,Sometimes,Sometimes,Sometimes
56,58564,74543757-500e-47cb-a376-28a98b5ca447,m,21-null,3.947945205,angry5_2,scared3,Angry_1_pause_2,option1,en,Sometimes,Sometimes,Sometimes
57,58564,74543757-500e-47cb-a376-28a98b5ca447,m,22-null,3.947945205,angry2,happy2,Angry_2_pause_2,option1,en,Sometimes,Sometimes,Sometimes
58,58564,74543757-500e-47cb-a376-28a98b5ca447,m,23-null,3.947945205,sad2_2,happy1,Happy_1_pause_2,option2,en,Sometimes,Sometimes,Sometimes
59,58564,74543757-500e-47cb-a376-28a98b5ca447,m,24-null,3.947945205,sad1_2,happy6,Sad_1_pause_2,option1,en,Sometimes,Sometimes,Sometimes
60,58564,74543757-500e-47cb-a376-28a98b5ca447,m,25-null,3.947945205,happy3_2,sad3,Happy_2_pause_2,option1,en,Sometimes,Sometimes,Sometimes
61,58564,74543757-500e-47cb-a376-28a98b5ca447,m,26-null,3.947945205,angry3,sad4,Angry_1_pause_2,option1,en,Sometimes,Sometimes,Sometimes
62,58564,74543757-500e-47cb-a376-28a98b5ca447,m,27-null,3.947945205,scared1,sad5,Sad_2_pause_2,option2,en,Sometimes,Sometimes,Sometimes
63,58564,74543757-500e-47cb-a376-28a98b5ca447,m,28-null,3.947945205,scared6,happy4,Scared_1_pause_2,option1,en,Sometimes,Sometimes,Sometimes
64,58564,74543757-500e-47cb-a376-28a98b5ca447,m,29-null,3.947945205,angry6,happy5,Angry_2_pause_2,option1,en,Sometimes,Sometimes,Sometimes
65,58564,74543757-500e-47cb-a376-28a98b5ca447,m,30-null,3.947945205,happy4,scared4,Happy_2_pause_2,option1,en,Sometimes,Sometimes,Sometimes
66,58564,74543757-500e-47cb-a376-28a98b5ca447,m,31-null,3.947945205,angry4,sad6,Angry_2_pause_2,option1,en,Sometimes,Sometimes,Sometimes
67,58564,74543757-500e-47cb-a376-28a98b5ca447,m,32-null,3.947945205,sad5,scared2,Scared_2_pause_2,option2,en,Sometimes,Sometimes,Sometimes
68,58564,74543757-500e-47cb-a376-28a98b5ca447,m,33-null,3.947945205,scared6,happy2,Happy_1_pause_2,option2,en,Sometimes,Sometimes,Sometimes
69,58564,74543757-500e-47cb-a376-28a98b5ca447,m,34-null,3.947945205,angry3,scared4,Scared_1_pause_2,option2,en,Sometimes,Sometimes,Sometimes
70,58570,af3b1345-c073-43ce-9a9b-b7fa10a97316,m,11-null,2.704109589,angry4,sad1_2,Sad_2_pause_2,option1,en,Often,Sometimes,Rarely
71,58570,af3b1345-c073-43ce-9a9b-b7fa10a97316,m,12-null,2.704109589,happy3_2,sad4,Sad_2_pause_2,option2,en,Often,Sometimes,Rarely
72,58570,af3b1345-c073-43ce-9a9b-b7fa10a97316,m,13-null,2.704109589,happy6,angry6,Angry_1_pause_2,option2,en,Often,Sometimes,Rarely
73,58570,af3b1345-c073-43ce-9a9b-b7fa10a97316,m,14-null,2.704109589,scared1,happy2,Scared_1_pause_2,option1,en,Often,Sometimes,Rarely
74,58570,af3b1345-c073-43ce-9a9b-b7fa10a97316,m,16-null,2.704109589,scared2,sad2_2,Scared_1_pause_2,option1,en,Often,Sometimes,Rarely
75,58570,af3b1345-c073-43ce-9a9b-b7fa10a97316,m,17-null,2.704109589,happy4,scared3,Happy_2_pause_2,option1,en,Often,Sometimes,Rarely
76,58570,af3b1345-c073-43ce-9a9b-b7fa10a97316,m,18-null,2.704109589,happy2,angry6,Happy_2_pause_2,option1,en,Often,Sometimes,Rarely
77,58570,af3b1345-c073-43ce-9a9b-b7fa10a97316,m,19-null,2.704109589,angry5_2,sad4,Angry_2_pause_2,option1,en,Often,Sometimes,Rarely
78,58570,af3b1345-c073-43ce-9a9b-b7fa10a97316,m,20-null,2.704109589,happy1,angry1_2,Happy_1_pause_2,option1,en,Often,Sometimes,Rarely
79,58570,af3b1345-c073-43ce-9a9b-b7fa10a97316,m,21-null,2.704109589,angry4,scared4,Angry_1_pause_2,option1,en,Often,Sometimes,Rarely
80,58570,af3b1345-c073-43ce-9a9b-b7fa10a97316,m,22-null,2.704109589,angry1_2,sad3,Angry_2_pause_2,I_dont_know,en,Often,Sometimes,Rarely
81,58570,af3b1345-c073-43ce-9a9b-b7fa10a97316,m,23-null,2.704109589,happy4,sad3,Sad_1_pause_2,option2,en,Often,Sometimes,Rarely
82,58570,af3b1345-c073-43ce-9a9b-b7fa10a97316,m,24-null,2.704109589,scared6,happy3_2,Happy_2_pause_2,option2,en,Often,Sometimes,Rarely
83,58570,af3b1345-c073-43ce-9a9b-b7fa10a97316,m,25-null,2.704109589,sad1_2,scared4,Scared_2_pause_2,I_dont_know,en,Often,Sometimes,Rarely
84,58570,af3b1345-c073-43ce-9a9b-b7fa10a97316,m,26-null,2.704109589,scared3,angry5_2,Scared_2_pause_2,option1,en,Often,Sometimes,Rarely
85,58570,af3b1345-c073-43ce-9a9b-b7fa10a97316,m,27-null,2.704109589,happy6,sad6,Happy_1_pause_2,option1,en,Often,Sometimes,Rarely
86,58570,af3b1345-c073-43ce-9a9b-b7fa10a97316,m,28-null,2.704109589,angry2,scared2,Angry_1_pause_2,option2,en,Often,Sometimes,Rarely
87,58570,af3b1345-c073-43ce-9a9b-b7fa10a97316,m,29-null,2.704109589,angry3,happy1,Angry_2_pause_2,option1,en,Often,Sometimes,Rarely
88,58570,af3b1345-c073-43ce-9a9b-b7fa10a97316,m,30-null,2.704109589,sad2_2,scared5,Sad_2_pause_2,option2,en,Often,Sometimes,Rarely
89,58570,af3b1345-c073-43ce-9a9b-b7fa10a97316,m,31-null,2.704109589,scared5,happy5,Scared_1_pause_2,option2,en,Often,Sometimes,Rarely
90,58570,af3b1345-c073-43ce-9a9b-b7fa10a97316,m,32-null,2.704109589,scared1,sad6,Sad_1_pause_2,option2,en,Often,Sometimes,Rarely
91,58570,af3b1345-c073-43ce-9a9b-b7fa10a97316,m,33-null,2.704109589,angry3,sad5,Sad_1_pause_2,option2,en,Often,Sometimes,Rarely
92,58570,af3b1345-c073-43ce-9a9b-b7fa10a97316,m,34-null,2.704109589,happy5,sad5,Happy_1_pause_2,option1,en,Often,Sometimes,Rarely
93,58616,34784a80-d60b-4f67-89d9-8c06da87a8ff,m,11-null,4.252054795,angry4,sad3,Angry_1_pause_2,option1,en,Often,Often,Often
94,58616,34784a80-d60b-4f67-89d9-8c06da87a8ff,m,12-null,4.252054795,happy4,sad5,Happy_2_pause_2,option1,en,Often,Often,Often
95,58616,34784a80-d60b-4f67-89d9-8c06da87a8ff,m,13-null,4.252054795,sad5,scared3,Sad_2_pause_2,option2,en,Often,Often,Often
96,58616,34784a80-d60b-4f67-89d9-8c06da87a8ff,m,14-null,4.252054795,happy1,sad2_2,Sad_1_pause_2,option2,en,Often,Often,Often
97,58616,34784a80-d60b-4f67-89d9-8c06da87a8ff,m,16-null,4.252054795,angry3,scared1,Scared_2_pause_2,option2,en,Often,Often,Often
98,58616,34784a80-d60b-4f67-89d9-8c06da87a8ff,m,17-null,4.252054795,angry2,scared4,Angry_2_pause_2,option1,en,Often,Often,Often
99,58616,34784a80-d60b-4f67-89d9-8c06da87a8ff,m,18-null,4.252054795,sad1_2,happy3_2,Sad_2_pause_2,option1,en,Often,Often,Often
100,58616,34784a80-d60b-4f67-89d9-8c06da87a8ff,m,19-null,4.252054795,angry5_2,happy2,Angry_1_pause_2,option1,en,Often,Often,Often
101,58616,34784a80-d60b-4f67-89d9-8c06da87a8ff,m,20-null,4.252054795,happy2,angry6,Happy_1_pause_2,option1,en,Often,Often,Often
102,58616,34784a80-d60b-4f67-89d9-8c06da87a8ff,m,21-null,4.252054795,scared4,sad4,Scared_1_pause_2,option1,en,Often,Often,Often
103,58616,34784a80-d60b-4f67-89d9-8c06da87a8ff,m,22-null,4.252054795,angry4,scared2,Scared_2_pause_2,option2,en,Often,Often,Often
104,58616,34784a80-d60b-4f67-89d9-8c06da87a8ff,m,23-null,4.252054795,sad3,angry1_2,Sad_1_pause_2,option1,en,Often,Often,Often
105,58616,34784a80-d60b-4f67-89d9-8c06da87a8ff,m,24-null,4.252054795,scared5,happy3_2,Happy_2_pause_2,option2,en,Often,Often,Often
106,58616,34784a80-d60b-4f67-89d9-8c06da87a8ff,m,25-null,4.252054795,sad1_2,scared6,Scared_1_pause_2,option2,en,Often,Often,Often
107,58616,34784a80-d60b-4f67-89d9-8c06da87a8ff,m,26-null,4.252054795,happy6,angry3,Angry_2_pause_2,option2,en,Often,Often,Often
108,58616,34784a80-d60b-4f67-89d9-8c06da87a8ff,m,27-null,4.252054795,angry1_2,sad6,Angry_1_pause_2,option1,en,Often,Often,Often
109,58616,34784a80-d60b-4f67-89d9-8c06da87a8ff,m,28-null,4.252054795,scared3,happy4,Scared_1_pause_2,option1,en,Often,Often,Often
110,58616,34784a80-d60b-4f67-89d9-8c06da87a8ff,m,29-null,4.252054795,happy1,angry2,Happy_1_pause_2,option1,en,Often,Often,Often
111,58616,34784a80-d60b-4f67-89d9-8c06da87a8ff,m,30-null,4.252054795,happy5,sad2_2,Happy_1_pause_2,option1,en,Often,Often,Often
112,58616,34784a80-d60b-4f67-89d9-8c06da87a8ff,m,31-null,4.252054795,scared2,angry6,Angry_2_pause_2,option2,en,Often,Often,Often
113,58616,34784a80-d60b-4f67-89d9-8c06da87a8ff,m,32-null,4.252054795,sad4,angry5_2,Sad_2_pause_2,option1,en,Often,Often,Often
114,58616,34784a80-d60b-4f67-89d9-8c06da87a8ff,m,33-null,4.252054795,scared1,sad6,Sad_1_pause_2,option2,en,Often,Often,Often
115,58616,34784a80-d60b-4f67-89d9-8c06da87a8ff,m,34-null,4.252054795,scared5,happy5,Scared_2_pause_2,option1,en,Often,Often,Often
116,58661,c99aa76e-6258-4289-b05a-5b6c19622944,f,11-null,3.030136986,happy3_2,angry1_2,Angry_1_pause_2,option2,en,Sometimes,Sometimes,Sometimes
117,58661,c99aa76e-6258-4289-b05a-5b6c19622944,f,12-null,3.030136986,angry3,sad6,Angry_2_pause_2,option1,en,Sometimes,Sometimes,Sometimes
118,58661,c99aa76e-6258-4289-b05a-5b6c19622944,f,13-null,3.030136986,scared3,sad5,Scared_2_pause_2,option1,en,Sometimes,Sometimes,Sometimes
119,58661,c99aa76e-6258-4289-b05a-5b6c19622944,f,14-null,3.030136986,angry5_2,happy4,Angry_2_pause_2,option1,en,Sometimes,Sometimes,Sometimes
120,58661,c99aa76e-6258-4289-b05a-5b6c19622944,f,16-null,3.030136986,sad4,scared4,Scared_1_pause_2,option2,en,Sometimes,Sometimes,Sometimes
121,58661,c99aa76e-6258-4289-b05a-5b6c19622944,f,17-null,3.030136986,sad1_2,angry2,Angry_1_pause_2,option2,en,Sometimes,Sometimes,Sometimes
122,58661,c99aa76e-6258-4289-b05a-5b6c19622944,f,18-null,3.030136986,sad2_2,happy3_2,Happy_1_pause_2,option2,en,Sometimes,Sometimes,Sometimes
123,58661,c99aa76e-6258-4289-b05a-5b6c19622944,f,19-null,3.030136986,angry4,scared5,Scared_2_pause_2,option1,en,Sometimes,Sometimes,Sometimes
124,58661,c99aa76e-6258-4289-b05a-5b6c19622944,f,20-null,3.030136986,happy4,angry3,Happy_2_pause_2,option1,en,Sometimes,Sometimes,Sometimes
125,58661,c99aa76e-6258-4289-b05a-5b6c19622944,f,21-null,3.030136986,sad3,scared1,Sad_2_pause_2,option1,en,Sometimes,Sometimes,Sometimes
126,58661,c99aa76e-6258-4289-b05a-5b6c19622944,f,22-null,3.030136986,happy2,scared2,Scared_2_pause_2,option2,en,Sometimes,Sometimes,Sometimes
127,58661,c99aa76e-6258-4289-b05a-5b6c19622944,f,23-null,3.030136986,scared6,angry5_2,Scared_1_pause_2,option1,en,Sometimes,Sometimes,Sometimes
128,58661,c99aa76e-6258-4289-b05a-5b6c19622944,f,24-null,3.030136986,happy1,sad3,Happy_2_pause_2,option1,en,Sometimes,Sometimes,Sometimes
129,58661,c99aa76e-6258-4289-b05a-5b6c19622944,f,25-null,3.030136986,angry6,scared6,Angry_2_pause_2,option1,en,Sometimes,Sometimes,Sometimes
130,58661,c99aa76e-6258-4289-b05a-5b6c19622944,f,26-null,3.030136986,angry4,scared3,Angry_1_pause_2,option1,en,Sometimes,Sometimes,Sometimes
131,58661,c99aa76e-6258-4289-b05a-5b6c19622944,f,27-null,3.030136986,sad6,angry6,Sad_1_pause_2,option1,en,Sometimes,Sometimes,Sometimes
132,58661,c99aa76e-6258-4289-b05a-5b6c19622944,f,28-null,3.030136986,happy5,scared1,Scared_1_pause_2,option2,en,Sometimes,Sometimes,Sometimes
133,58661,c99aa76e-6258-4289-b05a-5b6c19622944,f,29-null,3.030136986,happy5,angry1_2,Happy_1_pause_2,option1,en,Sometimes,Sometimes,Sometimes
134,58661,c99aa76e-6258-4289-b05a-5b6c19622944,f,30-null,3.030136986,happy2,scared5,Happy_2_pause_2,option1,en,Sometimes,Sometimes,Sometimes
135,58661,c99aa76e-6258-4289-b05a-5b6c19622944,f,31-null,3.030136986,happy6,scared4,Happy_1_pause_2,option1,en,Sometimes,Sometimes,Sometimes
136,58661,c99aa76e-6258-4289-b05a-5b6c19622944,f,32-null,3.030136986,scared2,sad1_2,Sad_2_pause_2,option2,en,Sometimes,Sometimes,Sometimes
137,58661,c99aa76e-6258-4289-b05a-5b6c19622944,f,33-null,3.030136986,happy1,sad5,Sad_2_pause_2,option1,en,Sometimes,Sometimes,Sometimes
138,58661,c99aa76e-6258-4289-b05a-5b6c19622944,f,34-null,3.030136986,sad4,happy6,Sad_1_pause_2,option1,en,Sometimes,Sometimes,Sometimes
139,58679,9d4308e7-b4e2-4700-b46b-d374a1792585,m,11-null,3.405479452,sad6,scared3,Sad_1_pause_2,option1,en,Often,Sometimes,Often
140,58679,9d4308e7-b4e2-4700-b46b-d374a1792585,m,12-null,3.405479452,scared6,sad6,Scared_1_pause_2,option1,en,Often,Sometimes,Often
141,58679,9d4308e7-b4e2-4700-b46b-d374a1792585,m,13-null,3.405479452,happy3_2,angry1_2,Angry_1_pause_2,option2,en,Often,Sometimes,Often
142,58679,9d4308e7-b4e2-4700-b46b-d374a1792585,m,14-null,3.405479452,scared5,angry5_2,Scared_1_pause_2,option1,en,Often,Sometimes,Often
143,58679,9d4308e7-b4e2-4700-b46b-d374a1792585,m,16-null,3.405479452,happy5,sad3,Sad_2_pause_2,option2,en,Often,Sometimes,Often
144,58679,9d4308e7-b4e2-4700-b46b-d374a1792585,m,17-null,3.405479452,scared4,angry3,Angry_1_pause_2,option2,en,Often,Sometimes,Often
145,58679,9d4308e7-b4e2-4700-b46b-d374a1792585,m,18-null,3.405479452,happy2,sad2_2,Happy_1_pause_2,option1,en,Often,Sometimes,Often
146,58679,9d4308e7-b4e2-4700-b46b-d374a1792585,m,19-null,3.405479452,happy1,scared2,Scared_2_pause_2,option2,en,Often,Sometimes,Often
147,58679,9d4308e7-b4e2-4700-b46b-d374a1792585,m,20-null,3.405479452,happy4,angry4,Angry_2_pause_2,option2,en,Often,Sometimes,Often
148,58679,9d4308e7-b4e2-4700-b46b-d374a1792585,m,21-null,3.405479452,sad2_2,angry3,Sad_2_pause_2,option1,en,Often,Sometimes,Often
149,58679,9d4308e7-b4e2-4700-b46b-d374a1792585,m,22-null,3.405479452,scared4,happy6,Scared_2_pause_2,option1,en,Often,Sometimes,Often
150,58679,9d4308e7-b4e2-4700-b46b-d374a1792585,m,23-null,3.405479452,scared5,sad5,Sad_1_pause_2,option2,en,Often,Sometimes,Often
151,58679,9d4308e7-b4e2-4700-b46b-d374a1792585,m,24-null,3.405479452,scared6,happy5,Happy_2_pause_2,option2,en,Often,Sometimes,Often
152,58679,9d4308e7-b4e2-4700-b46b-d374a1792585,m,25-null,3.405479452,happy6,scared1,Happy_2_pause_2,option1,en,Often,Sometimes,Often
153,58679,9d4308e7-b4e2-4700-b46b-d374a1792585,m,26-null,3.405479452,angry1_2,sad1_2,Sad_1_pause_2,option2,en,Often,Sometimes,Often
154,58679,9d4308e7-b4e2-4700-b46b-d374a1792585,m,27-null,3.405479452,sad5,angry6,Angry_1_pause_2,option2,en,Often,Sometimes,Often
155,58679,9d4308e7-b4e2-4700-b46b-d374a1792585,m,28-null,3.405479452,angry4,happy3_2,Happy_1_pause_2,option2,en,Often,Sometimes,Often
156,58679,9d4308e7-b4e2-4700-b46b-d374a1792585,m,29-null,3.405479452,angry2,sad3,Angry_2_pause_2,option1,en,Often,Sometimes,Often
157,58679,9d4308e7-b4e2-4700-b46b-d374a1792585,m,30-null,3.405479452,scared1,sad1_2,Scared_1_pause_2,option1,en,Often,Sometimes,Often
158,58679,9d4308e7-b4e2-4700-b46b-d374a1792585,m,31-null,3.405479452,scared2,angry5_2,Angry_2_pause_2,option2,en,Often,Sometimes,Often
159,58679,9d4308e7-b4e2-4700-b46b-d374a1792585,m,32-null,3.405479452,angry6,scared3,Scared_2_pause_2,option2,en,Often,Sometimes,Often
160,58679,9d4308e7-b4e2-4700-b46b-d374a1792585,m,33-null,3.405479452,happy4,sad4,Happy_2_pause_2,option1,en,Often,Sometimes,Often
161,58679,9d4308e7-b4e2-4700-b46b-d374a1792585,m,34-null,3.405479452,happy1,angry2,Happy_1_pause_2,option1,en,Often,Sometimes,Often
162,58704,09a8b048-e0f9-4415-97bd-6e090de97c90,f,11-null,4.328767123,happy6,angry4,Angry_2_pause_2,option2,en,Sometimes,Sometimes,Sometimes
163,58704,09a8b048-e0f9-4415-97bd-6e090de97c90,f,12-null,4.328767123,scared6,sad4,Scared_1_pause_2,option1,en,Sometimes,Sometimes,Sometimes
164,58704,09a8b048-e0f9-4415-97bd-6e090de97c90,f,13-null,4.328767123,angry6,scared1,Angry_1_pause_2,option1,en,Sometimes,Sometimes,Sometimes
165,58704,09a8b048-e0f9-4415-97bd-6e090de97c90,f,14-null,4.328767123,scared2,happy2,Happy_2_pause_2,option2,en,Sometimes,Sometimes,Sometimes
166,58704,09a8b048-e0f9-4415-97bd-6e090de97c90,f,16-null,4.328767123,sad6,scared3,Sad_2_pause_2,option1,en,Sometimes,Sometimes,Sometimes
167,58704,09a8b048-e0f9-4415-97bd-6e090de97c90,f,17-null,4.328767123,happy3_2,sad2_2,Happy_2_pause_2,option1,en,Sometimes,Sometimes,Sometimes
168,58704,09a8b048-e0f9-4415-97bd-6e090de97c90,f,18-null,4.328767123,scared1,angry3,Scared_2_pause_2,option1,en,Sometimes,Sometimes,Sometimes
169,58704,09a8b048-e0f9-4415-97bd-6e090de97c90,f,19-null,4.328767123,sad2_2,happy5,Sad_2_pause_2,option1,en,Sometimes,Sometimes,Sometimes
170,58704,09a8b048-e0f9-4415-97bd-6e090de97c90,f,20-null,4.328767123,sad3,happy4,Sad_2_pause_2,option1,en,Sometimes,Sometimes,Sometimes
171,58704,09a8b048-e0f9-4415-97bd-6e090de97c90,f,21-null,4.328767123,sad5,scared2,Scared_1_pause_2,option2,en,Sometimes,Sometimes,Sometimes
172,58704,09a8b048-e0f9-4415-97bd-6e090de97c90,f,22-null,4.328767123,happy3_2,angry1_2,Angry_1_pause_2,option2,en,Sometimes,Sometimes,Sometimes
173,58704,09a8b048-e0f9-4415-97bd-6e090de97c90,f,23-null,4.328767123,angry3,scared6,Angry_1_pause_2,option1,en,Sometimes,Sometimes,Sometimes
174,58704,09a8b048-e0f9-4415-97bd-6e090de97c90,f,24-null,4.328767123,happy1,scared5,Scared_1_pause_2,option2,en,Sometimes,Sometimes,Sometimes
175,58704,09a8b048-e0f9-4415-97bd-6e090de97c90,f,25-null,4.328767123,scared4,sad1_2,Sad_1_pause_2,option2,en,Sometimes,Sometimes,Sometimes
176,58704,09a8b048-e0f9-4415-97bd-6e090de97c90,f,26-null,4.328767123,angry4,happy1,Happy_1_pause_2,option2,en,Sometimes,Sometimes,Sometimes
177,58704,09a8b048-e0f9-4415-97bd-6e090de97c90,f,27-null,4.328767123,happy4,scared5,Happy_1_pause_2,option1,en,Sometimes,Sometimes,Sometimes
178,58704,09a8b048-e0f9-4415-97bd-6e090de97c90,f,28-null,4.328767123,angry1_2,sad4,Sad_1_pause_2,option2,en,Sometimes,Sometimes,Sometimes
179,58704,09a8b048-e0f9-4415-97bd-6e090de97c90,f,29-null,4.328767123,happy6,sad6,Happy_2_pause_2,option1,en,Sometimes,Sometimes,Sometimes
180,58704,09a8b048-e0f9-4415-97bd-6e090de97c90,f,30-null,4.328767123,sad5,angry6,Sad_1_pause_2,option1,en,Sometimes,Sometimes,Sometimes
181,58704,09a8b048-e0f9-4415-97bd-6e090de97c90,f,31-null,4.328767123,happy5,angry2,Happy_1_pause_2,option1,en,Sometimes,Sometimes,Sometimes
182,58704,09a8b048-e0f9-4415-97bd-6e090de97c90,f,32-null,4.328767123,angry5_2,scared4,Scared_2_pause_2,option2,en,Sometimes,Sometimes,Sometimes
183,58704,09a8b048-e0f9-4415-97bd-6e090de97c90,f,33-null,4.328767123,happy2,scared3,Scared_2_pause_2,option2,en,Sometimes,Sometimes,Sometimes
184,58704,09a8b048-e0f9-4415-97bd-6e090de97c90,f,34-null,4.328767123,sad1_2,angry2,Angry_2_pause_2,option2,en,Sometimes,Sometimes,Sometimes
185,58720,56616bce-7313-4262-a47a-d8f7e623b7e5,f,11-null,4.857534247,sad2_2,angry5_2,Sad_1_pause_2,option1,en,Often,Often,Often
186,58720,56616bce-7313-4262-a47a-d8f7e623b7e5,f,12-null,4.857534247,happy1,angry4,Happy_2_pause_2,option1,en,Often,Often,Often
187,58720,56616bce-7313-4262-a47a-d8f7e623b7e5,f,13-null,4.857534247,angry3,happy4,Angry_2_pause_2,option1,en,Often,Often,Often
188,58720,56616bce-7313-4262-a47a-d8f7e623b7e5,f,14-null,4.857534247,happy2,scared5,Scared_2_pause_2,option2,en,Often,Often,Often
189,58720,56616bce-7313-4262-a47a-d8f7e623b7e5,f,16-null,4.857534247,scared2,angry4,Angry_1_pause_2,option2,en,Often,Often,Often
190,58720,56616bce-7313-4262-a47a-d8f7e623b7e5,f,17-null,4.857534247,scared6,angry6,Angry_1_pause_2,option2,en,Often,Often,Often
191,58720,56616bce-7313-4262-a47a-d8f7e623b7e5,f,18-null,4.857534247,sad5,angry1_2,Sad_1_pause_2,option1,en,Often,Often,Often
192,58720,56616bce-7313-4262-a47a-d8f7e623b7e5,f,19-null,4.857534247,happy6,angry5_2,Angry_1_pause_2,option2,en,Often,Often,Often
193,58720,56616bce-7313-4262-a47a-d8f7e623b7e5,f,20-null,4.857534247,scared4,sad4,Sad_1_pause_2,option2,en,Often,Often,Often
194,58720,56616bce-7313-4262-a47a-d8f7e623b7e5,f,21-null,4.857534247,angry6,scared2,Scared_1_pause_2,option2,en,Often,Often,Often
195,58720,56616bce-7313-4262-a47a-d8f7e623b7e5,f,22-null,4.857534247,sad3,angry1_2,Angry_2_pause_2,option2,en,Often,Often,Often
196,58720,56616bce-7313-4262-a47a-d8f7e623b7e5,f,23-null,4.857534247,angry3,happy3_2,Happy_1_pause_2,option2,en,Often,Often,Often
197,58720,56616bce-7313-4262-a47a-d8f7e623b7e5,f,24-null,4.857534247,happy3_2,sad1_2,Sad_2_pause_2,option2,en,Often,Often,Often
198,58720,56616bce-7313-4262-a47a-d8f7e623b7e5,f,25-null,4.857534247,angry2,scared1,Scared_1_pause_2,option2,en,Often,Often,Often
199,58720,56616bce-7313-4262-a47a-d8f7e623b7e5,f,26-null,4.857534247,happy6,scared3,Happy_2_pause_2,option1,en,Often,Often,Often
200,58720,56616bce-7313-4262-a47a-d8f7e623b7e5,f,27-null,4.857534247,sad6,scared1,Sad_2_pause_2,option1,en,Often,Often,Often
201,58720,56616bce-7313-4262-a47a-d8f7e623b7e5,f,28-null,4.857534247,happy5,scared5,Happy_1_pause_2,option1,en,Often,Often,Often
202,58720,56616bce-7313-4262-a47a-d8f7e623b7e5,f,29-null,4.857534247,sad3,happy1,Sad_2_pause_2,option1,en,Often,Often,Often
203,58720,56616bce-7313-4262-a47a-d8f7e623b7e5,f,30-null,4.857534247,happy2,sad5,Happy_1_pause_2,option1,en,Often,Often,Often
204,58720,56616bce-7313-4262-a47a-d8f7e623b7e5,f,31-null,4.857534247,scared4,sad4,Scared_1_pause_2,option1,en,Often,Often,Often
205,58720,56616bce-7313-4262-a47a-d8f7e623b7e5,f,32-null,4.857534247,sad2_2,happy4,Happy_2_pause_2,option2,en,Often,Often,Often
206,58720,56616bce-7313-4262-a47a-d8f7e623b7e5,f,33-null,4.857534247,scared3,sad6,Scared_2_pause_2,option1,en,Often,Often,Often
207,58720,56616bce-7313-4262-a47a-d8f7e623b7e5,f,34-null,4.857534247,angry2,sad1_2,Angry_2_pause_2,option1,en,Often,Often,Often
208,58722,63f8814b-43b1-4a9b-b70a-358abd4c925c,m,11-null,2.632876712,happy3_2,scared4,Happy_2_pause_2,option1,en,Sometimes,Rarely,Rarely
209,58722,63f8814b-43b1-4a9b-b70a-358abd4c925c,m,12-null,2.632876712,sad6,scared4,Scared_1_pause_2,option1,en,Sometimes,Rarely,Rarely
210,58722,63f8814b-43b1-4a9b-b70a-358abd4c925c,m,13-null,2.632876712,angry6,sad2_2,Sad_2_pause_2,option2,en,Sometimes,Rarely,Rarely
211,58722,63f8814b-43b1-4a9b-b70a-358abd4c925c,m,14-null,2.632876712,angry4,scared6,Angry_2_pause_2,option1,en,Sometimes,Rarely,Rarely
212,58722,63f8814b-43b1-4a9b-b70a-358abd4c925c,m,16-null,2.632876712,happy5,sad5,Happy_1_pause_2,option1,en,Sometimes,Rarely,Rarely
213,58722,63f8814b-43b1-4a9b-b70a-358abd4c925c,m,17-null,2.632876712,scared2,sad5,Sad_2_pause_2,option2,en,Sometimes,Rarely,Rarely
214,58722,63f8814b-43b1-4a9b-b70a-358abd4c925c,m,18-null,2.632876712,scared1,angry4,Scared_2_pause_2,option2,en,Sometimes,Rarely,Rarely
215,58722,63f8814b-43b1-4a9b-b70a-358abd4c925c,m,19-null,2.632876712,happy1,scared3,Happy_1_pause_2,option1,en,Sometimes,Rarely,Rarely
216,58722,63f8814b-43b1-4a9b-b70a-358abd4c925c,m,20-null,2.632876712,angry3,sad3,Angry_1_pause_2,option1,en,Sometimes,Rarely,Rarely
217,58722,63f8814b-43b1-4a9b-b70a-358abd4c925c,m,21-null,2.632876712,sad4,angry2,Angry_1_pause_2,option2,en,Sometimes,Rarely,Rarely
218,58722,63f8814b-43b1-4a9b-b70a-358abd4c925c,m,22-null,2.632876712,angry1_2,happy3_2,Angry_2_pause_2,option1,en,Sometimes,Rarely,Rarely
219,58722,63f8814b-43b1-4a9b-b70a-358abd4c925c,m,23-null,2.632876712,angry6,happy1,Angry_2_pause_2,option1,en,Sometimes,Rarely,Rarely
220,58722,63f8814b-43b1-4a9b-b70a-358abd4c925c,m,24-null,2.632876712,happy6,angry1_2,Happy_1_pause_2,option1,en,Sometimes,Rarely,Rarely
221,58722,63f8814b-43b1-4a9b-b70a-358abd4c925c,m,25-null,2.632876712,angry2,happy2,Happy_2_pause_2,option1,en,Sometimes,Rarely,Rarely
222,58722,63f8814b-43b1-4a9b-b70a-358abd4c925c,m,26-null,2.632876712,scared1,angry5_2,Angry_1_pause_2,option2,en,Sometimes,Rarely,Rarely
223,58722,63f8814b-43b1-4a9b-b70a-358abd4c925c,m,27-null,2.632876712,sad1_2,scared6,Scared_2_pause_2,option2,en,Sometimes,Rarely,Rarely
224,58722,63f8814b-43b1-4a9b-b70a-358abd4c925c,m,28-null,2.632876712,happy6,scared2,Scared_1_pause_2,option2,en,Sometimes,Rarely,Rarely
225,58722,63f8814b-43b1-4a9b-b70a-358abd4c925c,m,29-null,2.632876712,scared5,sad3,Sad_1_pause_2,option2,en,Sometimes,Rarely,Rarely
226,58722,63f8814b-43b1-4a9b-b70a-358abd4c925c,m,30-null,2.632876712,sad4,angry5_2,Sad_2_pause_2,option1,en,Sometimes,Rarely,Rarely
227,58722,63f8814b-43b1-4a9b-b70a-358abd4c925c,m,31-null,2.632876712,scared3,angry3,Scared_2_pause_2,option1,en,Sometimes,Rarely,Rarely
228,58722,63f8814b-43b1-4a9b-b70a-358abd4c925c,m,32-null,2.632876712,sad2_2,happy4,Happy_2_pause_2,option2,en,Sometimes,Rarely,Rarely
229,58722,63f8814b-43b1-4a9b-b70a-358abd4c925c,m,33-null,2.632876712,sad1_2,happy5,Sad_1_pause_2,I_dont_know,en,Sometimes,Rarely,Rarely
230,58722,63f8814b-43b1-4a9b-b70a-358abd4c925c,m,34-null,2.632876712,sad6,happy2,Sad_1_pause_2,option1,en,Sometimes,Rarely,Rarely
231,58727,6636b771-e2c3-46b4-8516-e2d563030e58,f,11-null,3.471232877,angry3,happy3_2,Happy_2_pause_2,option2,en,Rarely,Rarely,Never
232,58727,6636b771-e2c3-46b4-8516-e2d563030e58,f,12-null,3.471232877,angry2,scared2,Angry_2_pause_2,option1,en,Rarely,Rarely,Never
233,58727,6636b771-e2c3-46b4-8516-e2d563030e58,f,13-null,3.471232877,scared5,happy5,Scared_2_pause_2,option1,en,Rarely,Rarely,Never
234,58727,6636b771-e2c3-46b4-8516-e2d563030e58,f,14-null,3.471232877,sad6,happy1,Happy_1_pause_2,option2,en,Rarely,Rarely,Never
235,58727,6636b771-e2c3-46b4-8516-e2d563030e58,f,16-null,3.471232877,scared1,sad3,Sad_2_pause_2,option2,en,Rarely,Rarely,Never
236,58727,6636b771-e2c3-46b4-8516-e2d563030e58,f,17-null,3.471232877,scared1,angry6,Scared_1_pause_2,option1,en,Rarely,Rarely,Never
237,58727,6636b771-e2c3-46b4-8516-e2d563030e58,f,18-null,3.471232877,angry1_2,sad3,Angry_2_pause_2,option1,en,Rarely,Rarely,Never
238,58727,6636b771-e2c3-46b4-8516-e2d563030e58,f,19-null,3.471232877,angry5_2,sad1_2,Sad_1_pause_2,option2,en,Rarely,Rarely,Never
239,58727,6636b771-e2c3-46b4-8516-e2d563030e58,f,20-null,3.471232877,sad1_2,happy5,Happy_1_pause_2,option2,en,Rarely,Rarely,Never
240,58727,6636b771-e2c3-46b4-8516-e2d563030e58,f,21-null,3.471232877,scared2,happy3_2,Scared_1_pause_2,option1,en,Rarely,Rarely,Never
241,58727,6636b771-e2c3-46b4-8516-e2d563030e58,f,22-null,3.471232877,scared6,sad4,Scared_1_pause_2,option1,en,Rarely,Rarely,Never
242,58727,6636b771-e2c3-46b4-8516-e2d563030e58,f,23-null,3.471232877,happy2,angry1_2,Happy_2_pause_2,option1,en,Rarely,Rarely,Never
243,58727,6636b771-e2c3-46b4-8516-e2d563030e58,f,24-null,3.471232877,scared4,angry4,Angry_1_pause_2,option2,en,Rarely,Rarely,Never
244,58727,6636b771-e2c3-46b4-8516-e2d563030e58,f,25-null,3.471232877,scared3,angry4,Scared_2_pause_2,option1,en,Rarely,Rarely,Never
245,58727,6636b771-e2c3-46b4-8516-e2d563030e58,f,26-null,3.471232877,scared6,sad5,Sad_1_pause_2,option2,en,Rarely,Rarely,Never
246,58727,6636b771-e2c3-46b4-8516-e2d563030e58,f,27-null,3.471232877,happy4,sad2_2,Sad_2_pause_2,option2,en,Rarely,Rarely,Never
247,58727,6636b771-e2c3-46b4-8516-e2d563030e58,f,28-null,3.471232877,angry6,happy1,Angry_2_pause_2,option1,en,Rarely,Rarely,Never
248,58727,6636b771-e2c3-46b4-8516-e2d563030e58,f,29-null,3.471232877,angry3,sad5,Angry_1_pause_2,option1,en,Rarely,Rarely,Never
249,58727,6636b771-e2c3-46b4-8516-e2d563030e58,f,30-null,3.471232877,sad6,angry2,Sad_1_pause_2,option1,en,Rarely,Rarely,Never
250,58727,6636b771-e2c3-46b4-8516-e2d563030e58,f,31-null,3.471232877,happy6,scared3,Happy_2_pause_2,option1,en,Rarely,Rarely,Never
251,58727,6636b771-e2c3-46b4-8516-e2d563030e58,f,32-null,3.471232877,angry5_2,happy6,Angry_1_pause_2,option1,en,Rarely,Rarely,Never
252,58727,6636b771-e2c3-46b4-8516-e2d563030e58,f,33-null,3.471232877,sad2_2,scared4,Scared_2_pause_2,option2,en,Rarely,Rarely,Never
253,58727,6636b771-e2c3-46b4-8516-e2d563030e58,f,34-null,3.471232877,happy2,sad4,Sad_2_pause_2,option2,en,Rarely,Rarely,Never
254,58743,46db5e74-449b-4a7d-b3ee-6d65d5877826,m,11-null,4.698630137,happy3_2,angry1_2,Happy_2_pause_2,option1,en ml,Often,Often,Always
255,58743,46db5e74-449b-4a7d-b3ee-6d65d5877826,m,12-null,4.698630137,happy3_2,angry6,Angry_2_pause_2,option2,en ml,Often,Often,Always
256,58743,46db5e74-449b-4a7d-b3ee-6d65d5877826,m,13-null,4.698630137,angry6,scared4,Scared_2_pause_2,option2,en ml,Often,Often,Always
257,58743,46db5e74-449b-4a7d-b3ee-6d65d5877826,m,14-null,4.698630137,sad3,scared5,Scared_1_pause_2,option2,en ml,Often,Often,Always
258,58743,46db5e74-449b-4a7d-b3ee-6d65d5877826,m,16-null,4.698630137,scared5,sad5,Sad_1_pause_2,option2,en ml,Often,Often,Always
259,58743,46db5e74-449b-4a7d-b3ee-6d65d5877826,m,17-null,4.698630137,scared3,happy2,Scared_1_pause_2,option1,en ml,Often,Often,Always
260,58743,46db5e74-449b-4a7d-b3ee-6d65d5877826,m,18-null,4.698630137,sad6,angry1_2,Angry_2_pause_2,option2,en ml,Often,Often,Always
261,58743,46db5e74-449b-4a7d-b3ee-6d65d5877826,m,19-null,4.698630137,happy1,sad2_2,Sad_2_pause_2,option2,en ml,Often,Often,Always
262,58743,46db5e74-449b-4a7d-b3ee-6d65d5877826,m,20-null,4.698630137,sad4,happy1,Happy_1_pause_2,option2,en ml,Often,Often,Always
263,58743,46db5e74-449b-4a7d-b3ee-6d65d5877826,m,21-null,4.698630137,sad3,angry2,Sad_1_pause_2,option1,en ml,Often,Often,Always
264,58743,46db5e74-449b-4a7d-b3ee-6d65d5877826,m,22-null,4.698630137,angry4,happy6,Angry_1_pause_2,option1,en ml,Often,Often,Always
265,58743,46db5e74-449b-4a7d-b3ee-6d65d5877826,m,23-null,4.698630137,happy6,angry5_2,Happy_2_pause_2,option1,en ml,Often,Often,Always
266,58743,46db5e74-449b-4a7d-b3ee-6d65d5877826,m,24-null,4.698630137,happy5,scared6,Happy_1_pause_2,option1,en ml,Often,Often,Always
267,58743,46db5e74-449b-4a7d-b3ee-6d65d5877826,m,25-null,4.698630137,happy4,scared2,Happy_1_pause_2,option1,en ml,Often,Often,Always
268,58743,46db5e74-449b-4a7d-b3ee-6d65d5877826,m,26-null,4.698630137,scared6,happy5,Scared_2_pause_2,option1,en ml,Often,Often,Always
269,58743,46db5e74-449b-4a7d-b3ee-6d65d5877826,m,27-null,4.698630137,angry5_2,sad1_2,Angry_1_pause_2,option1,en ml,Often,Often,Always
270,58743,46db5e74-449b-4a7d-b3ee-6d65d5877826,m,28-null,4.698630137,sad4,angry4,Sad_2_pause_2,option1,en ml,Often,Often,Always
271,58743,46db5e74-449b-4a7d-b3ee-6d65d5877826,m,29-null,4.698630137,scared3,angry3,Angry_2_pause_2,option2,en ml,Often,Often,Always
272,58743,46db5e74-449b-4a7d-b3ee-6d65d5877826,m,30-null,4.698630137,sad2_2,happy2,Happy_2_pause_2,option2,en ml,Often,Often,Always
273,58743,46db5e74-449b-4a7d-b3ee-6d65d5877826,m,31-null,4.698630137,scared1,sad1_2,Sad_1_pause_2,option2,en ml,Often,Often,Always
274,58743,46db5e74-449b-4a7d-b3ee-6d65d5877826,m,32-null,4.698630137,scared2,angry3,Scared_2_pause_2,option1,en ml,Often,Often,Always
275,58743,46db5e74-449b-4a7d-b3ee-6d65d5877826,m,33-null,4.698630137,angry2,scared4,Angry_1_pause_2,option1,en ml,Often,Often,Always
276,58743,46db5e74-449b-4a7d-b3ee-6d65d5877826,m,34-null,4.698630137,sad5,scared1,Scared_1_pause_2,option2,en ml,Often,Often,Always
277,58765,a08416a3-1d06-4d88-a6c6-f53fce8f3948,m,11-null,2.789041096,scared5,angry5_2,Angry_2_pause_2,option2,en,Often,Sometimes,Sometimes
278,58765,a08416a3-1d06-4d88-a6c6-f53fce8f3948,m,12-null,2.789041096,scared2,happy3_2,Scared_1_pause_2,option1,en,Often,Sometimes,Sometimes
279,58765,a08416a3-1d06-4d88-a6c6-f53fce8f3948,m,13-null,2.789041096,scared6,sad3,Scared_2_pause_2,option1,en,Often,Sometimes,Sometimes
280,58765,a08416a3-1d06-4d88-a6c6-f53fce8f3948,m,14-null,2.789041096,scared4,sad5,Sad_1_pause_2,option1,en,Often,Sometimes,Sometimes
281,58765,a08416a3-1d06-4d88-a6c6-f53fce8f3948,m,16-null,2.789041096,scared3,angry2,Scared_2_pause_2,option2,en,Often,Sometimes,Sometimes
282,58765,a08416a3-1d06-4d88-a6c6-f53fce8f3948,m,17-null,2.789041096,scared3,angry6,Angry_1_pause_2,option1,en,Often,Sometimes,Sometimes
283,58765,a08416a3-1d06-4d88-a6c6-f53fce8f3948,m,18-null,2.789041096,angry2,happy1,Angry_1_pause_2,option1,en,Often,Sometimes,Sometimes
284,58765,a08416a3-1d06-4d88-a6c6-f53fce8f3948,m,19-null,2.789041096,scared1,sad4,Scared_1_pause_2,option1,en,Often,Sometimes,Sometimes
285,58765,a08416a3-1d06-4d88-a6c6-f53fce8f3948,m,20-null,2.789041096,angry3,sad6,Angry_2_pause_2,option1,en,Often,Sometimes,Sometimes
286,58765,a08416a3-1d06-4d88-a6c6-f53fce8f3948,m,21-null,2.789041096,sad6,angry5_2,Sad_1_pause_2,option1,en,Often,Sometimes,Sometimes
287,58765,a08416a3-1d06-4d88-a6c6-f53fce8f3948,m,22-null,2.789041096,sad5,angry4,Angry_1_pause_2,option2,en,Often,Sometimes,Sometimes
288,58765,a08416a3-1d06-4d88-a6c6-f53fce8f3948,m,23-null,2.789041096,scared2,sad2_2,Sad_1_pause_2,option2,en,Often,Sometimes,Sometimes
289,58765,a08416a3-1d06-4d88-a6c6-f53fce8f3948,m,24-null,2.789041096,scared1,happy1,Happy_2_pause_2,option2,en,Often,Sometimes,Sometimes
290,58765,a08416a3-1d06-4d88-a6c6-f53fce8f3948,m,25-null,2.789041096,sad4,happy6,Sad_2_pause_2,option1,en,Often,Sometimes,Sometimes
291,58765,a08416a3-1d06-4d88-a6c6-f53fce8f3948,m,26-null,2.789041096,sad3,happy5,Sad_2_pause_2,option1,en,Often,Sometimes,Sometimes
292,58765,a08416a3-1d06-4d88-a6c6-f53fce8f3948,m,27-null,2.789041096,happy5,angry4,Happy_1_pause_2,option1,en,Often,Sometimes,Sometimes
293,58765,a08416a3-1d06-4d88-a6c6-f53fce8f3948,m,28-null,2.789041096,happy6,angry3,Happy_1_pause_2,option1,en,Often,Sometimes,Sometimes
294,58765,a08416a3-1d06-4d88-a6c6-f53fce8f3948,m,29-null,2.789041096,angry1_2,happy2,Angry_2_pause_2,I_dont_know,en,Often,Sometimes,Sometimes
295,58765,a08416a3-1d06-4d88-a6c6-f53fce8f3948,m,30-null,2.789041096,angry1_2,sad1_2,Sad_2_pause_2,I_dont_know,en,Often,Sometimes,Sometimes
296,58765,a08416a3-1d06-4d88-a6c6-f53fce8f3948,m,31-null,2.789041096,happy4,scared5,Scared_1_pause_2,option2,en,Often,Sometimes,Sometimes
297,58765,a08416a3-1d06-4d88-a6c6-f53fce8f3948,m,32-null,2.789041096,sad2_2,happy2,Happy_2_pause_2,option2,en,Often,Sometimes,Sometimes
298,58765,a08416a3-1d06-4d88-a6c6-f53fce8f3948,m,33-null,2.789041096,scared6,happy4,Happy_1_pause_2,option2,en,Often,Sometimes,Sometimes
299,58765,a08416a3-1d06-4d88-a6c6-f53fce8f3948,m,34-null,2.789041096,scared4,angry6,Scared_2_pause_2,option1,en,Often,Sometimes,Sometimes
300,58772,1ee011f8-5657-49c8-bcae-092568beaff2,f,11-null,4.117808219,sad4,happy3_2,Sad_1_pause_2,option1,en,Often,Sometimes,Sometimes
301,58772,1ee011f8-5657-49c8-bcae-092568beaff2,f,12-null,4.117808219,happy3_2,sad3,Happy_1_pause_2,option1,en,Often,Sometimes,Sometimes
302,58772,1ee011f8-5657-49c8-bcae-092568beaff2,f,13-null,4.117808219,scared2,angry2,Angry_1_pause_2,option2,en,Often,Sometimes,Sometimes
303,58772,1ee011f8-5657-49c8-bcae-092568beaff2,f,14-null,4.117808219,happy5,sad5,Happy_1_pause_2,option1,en,Often,Sometimes,Sometimes
304,58772,1ee011f8-5657-49c8-bcae-092568beaff2,f,16-null,4.117808219,scared6,sad5,Sad_1_pause_2,option2,en,Often,Sometimes,Sometimes
305,58772,1ee011f8-5657-49c8-bcae-092568beaff2,f,17-null,4.117808219,angry2,sad6,Sad_2_pause_2,option2,en,Often,Sometimes,Sometimes
306,58772,1ee011f8-5657-49c8-bcae-092568beaff2,f,18-null,4.117808219,happy4,angry1_2,Angry_2_pause_2,option2,en,Often,Sometimes,Sometimes
307,58772,1ee011f8-5657-49c8-bcae-092568beaff2,f,19-null,4.117808219,happy4,angry6,Happy_2_pause_2,option1,en,Often,Sometimes,Sometimes
308,58772,1ee011f8-5657-49c8-bcae-092568beaff2,f,20-null,4.117808219,scared2,happy1,Scared_2_pause_2,option1,en,Often,Sometimes,Sometimes
309,58772,1ee011f8-5657-49c8-bcae-092568beaff2,f,21-null,4.117808219,happy2,scared1,Happy_2_pause_2,option1,en,Often,Sometimes,Sometimes
310,58772,1ee011f8-5657-49c8-bcae-092568beaff2,f,22-null,4.117808219,sad3,angry1_2,Sad_1_pause_2,option1,en,Often,Sometimes,Sometimes
311,58772,1ee011f8-5657-49c8-bcae-092568beaff2,f,23-null,4.117808219,scared5,angry3,Angry_1_pause_2,option2,en,Often,Sometimes,Sometimes
312,58772,1ee011f8-5657-49c8-bcae-092568beaff2,f,24-null,4.117808219,angry4,happy6,Happy_2_pause_2,option2,en,Often,Sometimes,Sometimes
313,58772,1ee011f8-5657-49c8-bcae-092568beaff2,f,25-null,4.117808219,angry3,scared3,Scared_1_pause_2,option2,en,Often,Sometimes,Sometimes
314,58772,1ee011f8-5657-49c8-bcae-092568beaff2,f,26-null,4.117808219,angry4,sad1_2,Angry_2_pause_2,option1,en,Often,Sometimes,Sometimes
315,58772,1ee011f8-5657-49c8-bcae-092568beaff2,f,27-null,4.117808219,happy5,scared6,Scared_2_pause_2,option2,en,Often,Sometimes,Sometimes
316,58772,1ee011f8-5657-49c8-bcae-092568beaff2,f,28-null,4.117808219,happy2,sad2_2,Sad_2_pause_2,option2,en,Often,Sometimes,Sometimes
317,58772,1ee011f8-5657-49c8-bcae-092568beaff2,f,29-null,4.117808219,sad1_2,scared3,Sad_2_pause_2,I_dont_know,en,Often,Sometimes,Sometimes
318,58772,1ee011f8-5657-49c8-bcae-092568beaff2,f,30-null,4.117808219,happy1,scared4,Happy_1_pause_2,option1,en,Often,Sometimes,Sometimes
319,58772,1ee011f8-5657-49c8-bcae-092568beaff2,f,31-null,4.117808219,scared4,sad6,Scared_2_pause_2,option1,en,Often,Sometimes,Sometimes
320,58772,1ee011f8-5657-49c8-bcae-092568beaff2,f,32-null,4.117808219,scared1,sad4,Scared_1_pause_2,option1,en,Often,Sometimes,Sometimes
321,58772,1ee011f8-5657-49c8-bcae-092568beaff2,f,33-null,4.117808219,scared5,angry5_2,Scared_1_pause_2,option1,en,Often,Sometimes,Sometimes
322,58772,1ee011f8-5657-49c8-bcae-092568beaff2,f,34-null,4.117808219,angry5_2,sad2_2,Angry_2_pause_2,option1,en,Often,Sometimes,Sometimes
323,58819,46dcdc4d-0959-4794-bdf9-57173a9f6037,na,11-null,4.42739726,sad6,scared3,Scared_2_pause_2,option2,en ko es,Often,Often,Rarely
324,58819,46dcdc4d-0959-4794-bdf9-57173a9f6037,na,12-null,4.42739726,happy5,angry4,Happy_2_pause_2,option1,en ko es,Often,Often,Rarely
325,58819,46dcdc4d-0959-4794-bdf9-57173a9f6037,na,13-null,4.42739726,angry1_2,scared4,Angry_2_pause_2,option2,en ko es,Often,Often,Rarely
326,58819,46dcdc4d-0959-4794-bdf9-57173a9f6037,na,14-null,4.42739726,angry4,scared2,Angry_1_pause_2,option2,en ko es,Often,Often,Rarely
327,58819,46dcdc4d-0959-4794-bdf9-57173a9f6037,na,16-null,4.42739726,sad5,happy6,Happy_1_pause_2,option1,en ko es,Often,Often,Rarely
328,58819,46dcdc4d-0959-4794-bdf9-57173a9f6037,na,17-null,4.42739726,happy5,sad4,Sad_1_pause_2,option1,en ko es,Often,Often,Rarely
329,58819,46dcdc4d-0959-4794-bdf9-57173a9f6037,na,18-null,4.42739726,sad3,angry5_2,Sad_2_pause_2,option2,en ko es,Often,Often,Rarely
330,58819,46dcdc4d-0959-4794-bdf9-57173a9f6037,na,19-null,4.42739726,angry2,sad1_2,Angry_1_pause_2,option1,en ko es,Often,Often,Rarely
331,58819,46dcdc4d-0959-4794-bdf9-57173a9f6037,na,20-null,4.42739726,sad2_2,happy2,Happy_1_pause_2,option1,en ko es,Often,Often,Rarely
332,58819,46dcdc4d-0959-4794-bdf9-57173a9f6037,na,21-null,4.42739726,happy3_2,sad1_2,Sad_2_pause_2,option1,en ko es,Often,Often,Rarely
333,58819,46dcdc4d-0959-4794-bdf9-57173a9f6037,na,22-null,4.42739726,scared3,happy3_2,Happy_2_pause_2,option1,en ko es,Often,Often,Rarely
334,58819,46dcdc4d-0959-4794-bdf9-57173a9f6037,na,23-null,4.42739726,happy6,scared6,Scared_2_pause_2,option1,en ko es,Often,Often,Rarely
335,58819,46dcdc4d-0959-4794-bdf9-57173a9f6037,na,24-null,4.42739726,scared1,sad4,Scared_2_pause_2,option1,en ko es,Often,Often,Rarely
336,58819,46dcdc4d-0959-4794-bdf9-57173a9f6037,na,25-null,4.42739726,angry3,happy4,Angry_2_pause_2,option2,en ko es,Often,Often,Rarely
337,58819,46dcdc4d-0959-4794-bdf9-57173a9f6037,na,26-null,4.42739726,sad2_2,scared1,Sad_1_pause_2,option2,en ko es,Often,Often,Rarely
338,58819,46dcdc4d-0959-4794-bdf9-57173a9f6037,na,27-null,4.42739726,scared4,happy1,Scared_1_pause_2,option2,en ko es,Often,Often,Rarely
339,58819,46dcdc4d-0959-4794-bdf9-57173a9f6037,na,28-null,4.42739726,scared5,happy1,Happy_1_pause_2,I_dont_know,en ko es,Often,Often,Rarely
340,58819,46dcdc4d-0959-4794-bdf9-57173a9f6037,na,29-null,4.42739726,angry6,scared2,Scared_1_pause_2,I_dont_know,en ko es,Often,Often,Rarely
341,58819,46dcdc4d-0959-4794-bdf9-57173a9f6037,na,30-null,4.42739726,scared6,sad5,Sad_2_pause_2,option2,en ko es,Often,Often,Rarely
342,58819,46dcdc4d-0959-4794-bdf9-57173a9f6037,na,31-null,4.42739726,sad3,angry5_2,Angry_2_pause_2,I_dont_know,en ko es,Often,Often,Rarely
343,58819,46dcdc4d-0959-4794-bdf9-57173a9f6037,na,32-null,4.42739726,angry2,happy4,Happy_2_pause_2,I_dont_know,en ko es,Often,Often,Rarely
344,58819,46dcdc4d-0959-4794-bdf9-57173a9f6037,na,33-null,4.42739726,scared5,angry3,Scared_1_pause_2,I_dont_know,en ko es,Often,Often,Rarely
345,58819,46dcdc4d-0959-4794-bdf9-57173a9f6037,na,34-null,4.42739726,happy2,angry6,Angry_1_pause_2,I_dont_know,en ko es,Often,Often,Rarely
346,58825,3051572c-1d05-4ff1-9d2d-cd6154f49182,na,11-null,2.876712329,scared5,happy5,Scared_2_pause_2,option1,en fr cmn es,Often,Often,Often
347,58825,3051572c-1d05-4ff1-9d2d-cd6154f49182,na,12-null,2.876712329,happy6,scared3,Scared_1_pause_2,option2,en fr cmn es,Often,Often,Often
348,58825,3051572c-1d05-4ff1-9d2d-cd6154f49182,na,13-null,2.876712329,scared6,angry6,Angry_2_pause_2,option2,en fr cmn es,Often,Often,Often
349,58825,3051572c-1d05-4ff1-9d2d-cd6154f49182,na,14-null,2.876712329,sad6,happy4,Sad_1_pause_2,option1,en fr cmn es,Often,Often,Often
350,58825,3051572c-1d05-4ff1-9d2d-cd6154f49182,na,16-null,2.876712329,angry1_2,happy1,Angry_1_pause_2,option1,en fr cmn es,Often,Often,Often
351,58825,3051572c-1d05-4ff1-9d2d-cd6154f49182,na,17-null,2.876712329,angry2,scared2,Scared_1_pause_2,option2,en fr cmn es,Often,Often,Often
352,58825,3051572c-1d05-4ff1-9d2d-cd6154f49182,na,18-null,2.876712329,happy2,angry6,Happy_1_pause_2,option1,en fr cmn es,Often,Often,Often
353,58825,3051572c-1d05-4ff1-9d2d-cd6154f49182,na,19-null,2.876712329,sad5,angry2,Angry_2_pause_2,option2,en fr cmn es,Often,Often,Often
354,58825,3051572c-1d05-4ff1-9d2d-cd6154f49182,na,20-null,2.876712329,sad2_2,angry1_2,Sad_2_pause_2,option2,en fr cmn es,Often,Often,Often
355,58825,3051572c-1d05-4ff1-9d2d-cd6154f49182,na,21-null,2.876712329,scared4,sad3,Scared_1_pause_2,option1,en fr cmn es,Often,Often,Often
356,58825,3051572c-1d05-4ff1-9d2d-cd6154f49182,na,22-null,2.876712329,sad3,scared2,Sad_2_pause_2,option1,en fr cmn es,Often,Often,Often
357,58825,3051572c-1d05-4ff1-9d2d-cd6154f49182,na,23-null,2.876712329,scared6,sad2_2,Scared_2_pause_2,option1,en fr cmn es,Often,Often,Often
358,58825,3051572c-1d05-4ff1-9d2d-cd6154f49182,na,24-null,2.876712329,happy1,scared1,Happy_1_pause_2,option1,en fr cmn es,Often,Often,Often
359,58825,3051572c-1d05-4ff1-9d2d-cd6154f49182,na,25-null,2.876712329,scared1,angry3,Scared_2_pause_2,option1,en fr cmn es,Often,Often,Often
360,58825,3051572c-1d05-4ff1-9d2d-cd6154f49182,na,26-null,2.876712329,happy3_2,angry3,Angry_1_pause_2,option2,en fr cmn es,Often,Often,Often
361,58825,3051572c-1d05-4ff1-9d2d-cd6154f49182,na,27-null,2.876712329,angry5_2,sad1_2,Angry_2_pause_2,option1,en fr cmn es,Often,Often,Often
362,58825,3051572c-1d05-4ff1-9d2d-cd6154f49182,na,28-null,2.876712329,sad4,scared5,Sad_1_pause_2,I_dont_know,en fr cmn es,Often,Often,Often
363,58825,3051572c-1d05-4ff1-9d2d-cd6154f49182,na,29-null,2.876712329,sad1_2,angry5_2,Sad_1_pause_2,option1,en fr cmn es,Often,Often,Often
364,58825,3051572c-1d05-4ff1-9d2d-cd6154f49182,na,30-null,2.876712329,scared3,happy5,Happy_2_pause_2,option2,en fr cmn es,Often,Often,Often
365,58825,3051572c-1d05-4ff1-9d2d-cd6154f49182,na,31-null,2.876712329,angry4,happy4,Happy_2_pause_2,option1,en fr cmn es,Often,Often,Often
366,58825,3051572c-1d05-4ff1-9d2d-cd6154f49182,na,32-null,2.876712329,sad6,happy3_2,Happy_2_pause_2,option2,en fr cmn es,Often,Often,Often
367,58825,3051572c-1d05-4ff1-9d2d-cd6154f49182,na,33-null,2.876712329,angry4,scared4,Angry_1_pause_2,option1,en fr cmn es,Often,Often,Often
368,58825,3051572c-1d05-4ff1-9d2d-cd6154f49182,na,34-null,2.876712329,happy2,sad5,Sad_2_pause_2,option2,en fr cmn es,Often,Often,Often
369,58907,e60cf381-9133-4b11-986e-0c2f539c44ff,f,11-null,4.728767123,angry4,happy1,Angry_1_pause_2,option1,en,Often,Rarely,Sometimes
370,58907,e60cf381-9133-4b11-986e-0c2f539c44ff,f,12-null,4.728767123,sad1_2,scared6,Sad_1_pause_2,option1,en,Often,Rarely,Sometimes
371,58907,e60cf381-9133-4b11-986e-0c2f539c44ff,f,13-null,4.728767123,scared4,angry5_2,Scared_2_pause_2,option1,en,Often,Rarely,Sometimes
372,58907,e60cf381-9133-4b11-986e-0c2f539c44ff,f,14-null,4.728767123,angry3,sad2_2,Sad_2_pause_2,option2,en,Often,Rarely,Sometimes
373,58907,e60cf381-9133-4b11-986e-0c2f539c44ff,f,16-null,4.728767123,sad3,happy2,Sad_2_pause_2,option1,en,Often,Rarely,Sometimes
374,58907,e60cf381-9133-4b11-986e-0c2f539c44ff,f,17-null,4.728767123,scared5,sad5,Scared_2_pause_2,option1,en,Often,Rarely,Sometimes
375,58907,e60cf381-9133-4b11-986e-0c2f539c44ff,f,18-null,4.728767123,happy6,scared3,Happy_2_pause_2,option1,en,Often,Rarely,Sometimes
376,58907,e60cf381-9133-4b11-986e-0c2f539c44ff,f,19-null,4.728767123,angry2,sad4,Sad_1_pause_2,option2,en,Often,Rarely,Sometimes
377,58907,e60cf381-9133-4b11-986e-0c2f539c44ff,f,20-null,4.728767123,scared2,angry6,Scared_2_pause_2,option1,en,Often,Rarely,Sometimes
378,58907,e60cf381-9133-4b11-986e-0c2f539c44ff,f,21-null,4.728767123,happy1,angry1_2,Happy_2_pause_2,option1,en,Often,Rarely,Sometimes
379,58907,e60cf381-9133-4b11-986e-0c2f539c44ff,f,22-null,4.728767123,angry2,sad2_2,Angry_2_pause_2,option1,en,Often,Rarely,Sometimes
380,58907,e60cf381-9133-4b11-986e-0c2f539c44ff,f,23-null,4.728767123,happy2,angry4,Happy_1_pause_2,option1,en,Often,Rarely,Sometimes
381,58907,e60cf381-9133-4b11-986e-0c2f539c44ff,f,24-null,4.728767123,angry3,scared4,Angry_1_pause_2,option1,en,Often,Rarely,Sometimes
382,58907,e60cf381-9133-4b11-986e-0c2f539c44ff,f,25-null,4.728767123,happy5,angry1_2,Angry_2_pause_2,option2,en,Often,Rarely,Sometimes
383,58907,e60cf381-9133-4b11-986e-0c2f539c44ff,f,26-null,4.728767123,happy4,scared6,Scared_1_pause_2,option2,en,Often,Rarely,Sometimes
384,58907,e60cf381-9133-4b11-986e-0c2f539c44ff,f,27-null,4.728767123,sad1_2,scared3,Scared_1_pause_2,option2,en,Often,Rarely,Sometimes
385,58907,e60cf381-9133-4b11-986e-0c2f539c44ff,f,28-null,4.728767123,sad5,scared1,Sad_2_pause_2,option1,en,Often,Rarely,Sometimes
386,58907,e60cf381-9133-4b11-986e-0c2f539c44ff,f,29-null,4.728767123,scared2,happy3_2,Happy_1_pause_2,option2,en,Often,Rarely,Sometimes
387,58907,e60cf381-9133-4b11-986e-0c2f539c44ff,f,30-null,4.728767123,happy5,sad3,Happy_1_pause_2,option1,en,Often,Rarely,Sometimes
388,58907,e60cf381-9133-4b11-986e-0c2f539c44ff,f,31-null,4.728767123,scared1,happy3_2,Scared_1_pause_2,option1,en,Often,Rarely,Sometimes
389,58907,e60cf381-9133-4b11-986e-0c2f539c44ff,f,32-null,4.728767123,sad4,happy4,Happy_2_pause_2,option2,en,Often,Rarely,Sometimes
390,58907,e60cf381-9133-4b11-986e-0c2f539c44ff,f,33-null,4.728767123,sad6,angry5_2,Angry_2_pause_2,option2,en,Often,Rarely,Sometimes
391,58907,e60cf381-9133-4b11-986e-0c2f539c44ff,f,34-null,4.728767123,angry6,scared5,Angry_1_pause_2,option1,en,Often,Rarely,Sometimes
392,58987,178c99d1-0ee5-4f48-a2c9-09abea03695e,f,11-null,3.849315068,scared1,angry6,Angry_1_pause_2,option2,en,Always,Often,Often
393,58987,178c99d1-0ee5-4f48-a2c9-09abea03695e,f,12-null,3.849315068,happy1,scared5,Happy_1_pause_2,option1,en,Always,Often,Often
394,58987,178c99d1-0ee5-4f48-a2c9-09abea03695e,f,13-null,3.849315068,scared3,sad5,Scared_2_pause_2,option1,en,Always,Often,Often
395,58987,178c99d1-0ee5-4f48-a2c9-09abea03695e,f,14-null,3.849315068,happy5,scared2,Scared_2_pause_2,option2,en,Always,Often,Often
396,58987,178c99d1-0ee5-4f48-a2c9-09abea03695e,f,16-null,3.849315068,scared2,angry3,Angry_2_pause_2,option2,en,Always,Often,Often
397,58987,178c99d1-0ee5-4f48-a2c9-09abea03695e,f,17-null,3.849315068,sad4,happy6,Happy_2_pause_2,option2,en,Always,Often,Often
398,58987,178c99d1-0ee5-4f48-a2c9-09abea03695e,f,18-null,3.849315068,happy2,angry5_2,Happy_1_pause_2,option1,en,Always,Often,Often
399,58987,178c99d1-0ee5-4f48-a2c9-09abea03695e,f,19-null,3.849315068,angry6,scared5,Scared_1_pause_2,option2,en,Always,Often,Often
400,58987,178c99d1-0ee5-4f48-a2c9-09abea03695e,f,20-null,3.849315068,sad1_2,angry1_2,Angry_2_pause_2,option2,en,Always,Often,Often
401,58987,178c99d1-0ee5-4f48-a2c9-09abea03695e,f,21-null,3.849315068,happy2,sad6,Sad_2_pause_2,option2,en,Always,Often,Often
402,58987,178c99d1-0ee5-4f48-a2c9-09abea03695e,f,22-null,3.849315068,scared4,angry3,Scared_2_pause_2,option1,en,Always,Often,Often
403,58987,178c99d1-0ee5-4f48-a2c9-09abea03695e,f,23-null,3.849315068,happy3_2,angry1_2,Happy_2_pause_2,option1,en,Always,Often,Often
404,58987,178c99d1-0ee5-4f48-a2c9-09abea03695e,f,24-null,3.849315068,angry2,sad3,Sad_1_pause_2,option2,en,Always,Often,Often
405,58987,178c99d1-0ee5-4f48-a2c9-09abea03695e,f,25-null,3.849315068,angry4,sad1_2,Sad_1_pause_2,option2,en,Always,Often,Often
406,58987,178c99d1-0ee5-4f48-a2c9-09abea03695e,f,26-null,3.849315068,happy6,angry5_2,Angry_1_pause_2,option2,en,Always,Often,Often
407,58987,178c99d1-0ee5-4f48-a2c9-09abea03695e,f,27-null,3.849315068,sad2_2,happy1,Sad_1_pause_2,option1,en,Always,Often,Often
408,58987,178c99d1-0ee5-4f48-a2c9-09abea03695e,f,28-null,3.849315068,sad3,angry4,Angry_1_pause_2,option2,en,Always,Often,Often
409,58987,178c99d1-0ee5-4f48-a2c9-09abea03695e,f,29-null,3.849315068,sad5,scared4,Sad_2_pause_2,option1,en,Always,Often,Often
410,58987,178c99d1-0ee5-4f48-a2c9-09abea03695e,f,30-null,3.849315068,scared6,sad2_2,Scared_1_pause_2,option1,en,Always,Often,Often
411,58987,178c99d1-0ee5-4f48-a2c9-09abea03695e,f,31-null,3.849315068,sad6,happy5,Happy_2_pause_2,option2,en,Always,Often,Often
412,58987,178c99d1-0ee5-4f48-a2c9-09abea03695e,f,32-null,3.849315068,happy3_2,angry2,Angry_2_pause_2,option2,en,Always,Often,Often
413,58987,178c99d1-0ee5-4f48-a2c9-09abea03695e,f,33-null,3.849315068,scared6,sad4,Sad_2_pause_2,option2,en,Always,Often,Often
414,58987,178c99d1-0ee5-4f48-a2c9-09abea03695e,f,34-null,3.849315068,happy4,scared3,Happy_1_pause_2,option1,en,Always,Often,Often
415,58993,a796c26b-192d-467a-8789-423c64d8508d,m,11-null,2.312328767,angry3,scared1,Scared_1_pause_2,option1,en,Often,Often,Rarely
416,58993,a796c26b-192d-467a-8789-423c64d8508d,m,12-null,2.312328767,scared5,angry1_2,Angry_1_pause_2,option1,en,Often,Often,Rarely
417,58993,a796c26b-192d-467a-8789-423c64d8508d,m,13-null,2.312328767,sad6,scared2,Scared_2_pause_2,option2,en,Often,Often,Rarely
418,58993,a796c26b-192d-467a-8789-423c64d8508d,m,14-null,2.312328767,scared5,happy5,Scared_2_pause_2,option1,en,Often,Often,Rarely
419,58993,a796c26b-192d-467a-8789-423c64d8508d,m,16-null,2.312328767,angry4,happy4,Angry_2_pause_2,option1,en,Often,Often,Rarely
420,58993,a796c26b-192d-467a-8789-423c64d8508d,m,17-null,2.312328767,happy2,scared6,Happy_2_pause_2,option1,en,Often,Often,Rarely
421,58993,a796c26b-192d-467a-8789-423c64d8508d,m,18-null,2.312328767,sad1_2,happy6,Sad_1_pause_2,option1,en,Often,Often,Rarely
422,58993,a796c26b-192d-467a-8789-423c64d8508d,m,19-null,2.312328767,happy3_2,sad1_2,Happy_2_pause_2,option1,en,Often,Often,Rarely
423,58993,a796c26b-192d-467a-8789-423c64d8508d,m,20-null,2.312328767,happy5,angry5_2,Happy_1_pause_2,option1,en,Often,Often,Rarely
424,58993,a796c26b-192d-467a-8789-423c64d8508d,m,21-null,2.312328767,angry4,sad6,Sad_2_pause_2,option2,en,Often,Often,Rarely
425,58993,a796c26b-192d-467a-8789-423c64d8508d,m,22-null,2.312328767,angry2,sad3,Angry_2_pause_2,option1,en,Often,Often,Rarely
426,58993,a796c26b-192d-467a-8789-423c64d8508d,m,23-null,2.312328767,angry5_2,happy3_2,Angry_1_pause_2,option1,en,Often,Often,Rarely
427,58993,a796c26b-192d-467a-8789-423c64d8508d,m,24-null,2.312328767,scared4,angry6,Scared_1_pause_2,option1,en,Often,Often,Rarely
428,58993,a796c26b-192d-467a-8789-423c64d8508d,m,25-null,2.312328767,scared1,sad2_2,Sad_1_pause_2,option1,en,Often,Often,Rarely
429,58993,a796c26b-192d-467a-8789-423c64d8508d,m,26-null,2.312328767,angry3,scared4,Angry_1_pause_2,option1,en,Often,Often,Rarely
430,58993,a796c26b-192d-467a-8789-423c64d8508d,m,27-null,2.312328767,angry2,happy4,Happy_1_pause_2,option2,en,Often,Often,Rarely
431,58993,a796c26b-192d-467a-8789-423c64d8508d,m,28-null,2.312328767,scared2,sad5,Sad_2_pause_2,option2,en,Often,Often,Rarely
432,58993,a796c26b-192d-467a-8789-423c64d8508d,m,29-null,2.312328767,sad2_2,angry6,Angry_2_pause_2,I_dont_know,en,Often,Often,Rarely
433,58993,a796c26b-192d-467a-8789-423c64d8508d,m,30-null,2.312328767,happy1,scared3,Happy_2_pause_2,option1,en,Often,Often,Rarely
434,58993,a796c26b-192d-467a-8789-423c64d8508d,m,31-null,2.312328767,sad5,scared6,Scared_1_pause_2,option2,en,Often,Often,Rarely
435,58993,a796c26b-192d-467a-8789-423c64d8508d,m,32-null,2.312328767,happy2,scared3,Scared_2_pause_2,option2,en,Often,Often,Rarely
436,58993,a796c26b-192d-467a-8789-423c64d8508d,m,33-null,2.312328767,happy1,sad4,Sad_2_pause_2,option2,en,Often,Often,Rarely
437,58993,a796c26b-192d-467a-8789-423c64d8508d,m,34-null,2.312328767,angry1_2,sad3,Sad_1_pause_2,option2,en,Often,Often,Rarely
438,58998,9ff25b29-4935-4296-8e24-2bd6241b3fd2,m,11-null,4.750684932,scared3,happy2,Happy_1_pause_2,option2,en,Sometimes,Always,Sometimes
439,58998,9ff25b29-4935-4296-8e24-2bd6241b3fd2,m,12-null,4.750684932,happy6,scared4,Happy_2_pause_2,option1,en,Sometimes,Always,Sometimes
440,58998,9ff25b29-4935-4296-8e24-2bd6241b3fd2,m,13-null,4.750684932,angry5_2,happy5,Angry_1_pause_2,option1,en,Sometimes,Always,Sometimes
441,58998,9ff25b29-4935-4296-8e24-2bd6241b3fd2,m,14-null,4.750684932,happy4,sad2_2,Happy_1_pause_2,option1,en,Sometimes,Always,Sometimes
442,58998,9ff25b29-4935-4296-8e24-2bd6241b3fd2,m,16-null,4.750684932,sad4,scared3,Scared_1_pause_2,option2,en,Sometimes,Always,Sometimes
443,58998,9ff25b29-4935-4296-8e24-2bd6241b3fd2,m,17-null,4.750684932,angry2,scared1,Angry_2_pause_2,option1,en,Sometimes,Always,Sometimes
444,58998,9ff25b29-4935-4296-8e24-2bd6241b3fd2,m,18-null,4.750684932,scared5,sad1_2,Sad_1_pause_2,option2,en,Sometimes,Always,Sometimes
445,58998,9ff25b29-4935-4296-8e24-2bd6241b3fd2,m,19-null,4.750684932,happy1,sad1_2,Happy_2_pause_2,option1,en,Sometimes,Always,Sometimes
446,58998,9ff25b29-4935-4296-8e24-2bd6241b3fd2,m,20-null,4.750684932,scared6,angry6,Scared_2_pause_2,option1,en,Sometimes,Always,Sometimes
447,58998,9ff25b29-4935-4296-8e24-2bd6241b3fd2,m,21-null,4.750684932,sad3,scared1,Scared_1_pause_2,option2,en,Sometimes,Always,Sometimes
448,58998,9ff25b29-4935-4296-8e24-2bd6241b3fd2,m,22-null,4.750684932,angry2,sad2_2,Sad_2_pause_2,option2,en,Sometimes,Always,Sometimes
449,58998,9ff25b29-4935-4296-8e24-2bd6241b3fd2,m,23-null,4.750684932,sad6,angry4,Angry_1_pause_2,option2,en,Sometimes,Always,Sometimes
450,58998,9ff25b29-4935-4296-8e24-2bd6241b3fd2,m,24-null,4.750684932,angry1_2,scared5,Scared_1_pause_2,option2,en,Sometimes,Always,Sometimes
451,58998,9ff25b29-4935-4296-8e24-2bd6241b3fd2,m,25-null,4.750684932,angry3,happy5,Happy_2_pause_2,option2,en,Sometimes,Always,Sometimes
452,58998,9ff25b29-4935-4296-8e24-2bd6241b3fd2,m,26-null,4.750684932,sad6,happy3_2,Sad_1_pause_2,option1,en,Sometimes,Always,Sometimes
453,58998,9ff25b29-4935-4296-8e24-2bd6241b3fd2,m,27-null,4.750684932,happy2,scared4,Scared_2_pause_2,option2,en,Sometimes,Always,Sometimes
454,58998,9ff25b29-4935-4296-8e24-2bd6241b3fd2,m,28-null,4.750684932,sad3,angry5_2,Sad_2_pause_2,option1,en,Sometimes,Always,Sometimes
455,58998,9ff25b29-4935-4296-8e24-2bd6241b3fd2,m,29-null,4.750684932,scared2,sad4,Sad_2_pause_2,option2,en,Sometimes,Always,Sometimes
456,58998,9ff25b29-4935-4296-8e24-2bd6241b3fd2,m,30-null,4.750684932,scared6,angry6,Angry_2_pause_2,option2,en,Sometimes,Always,Sometimes
457,58998,9ff25b29-4935-4296-8e24-2bd6241b3fd2,m,31-null,4.750684932,happy4,angry1_2,Angry_2_pause_2,option2,en,Sometimes,Always,Sometimes
458,58998,9ff25b29-4935-4296-8e24-2bd6241b3fd2,m,32-null,4.750684932,angry3,sad5,Angry_1_pause_2,option1,en,Sometimes,Always,Sometimes
459,58998,9ff25b29-4935-4296-8e24-2bd6241b3fd2,m,33-null,4.750684932,happy3_2,angry4,Happy_1_pause_2,option1,en,Sometimes,Always,Sometimes
460,58998,9ff25b29-4935-4296-8e24-2bd6241b3fd2,m,34-null,4.750684932,scared2,happy1,Scared_2_pause_2,option1,en,Sometimes,Always,Sometimes
461,59000,853f06e6-569d-468f-a9e3-e27d75ce4920,f,11-null,3.830136986,angry5_2,happy1,Happy_1_pause_2,option2,en,Always,Rarely,Always
462,59000,853f06e6-569d-468f-a9e3-e27d75ce4920,f,12-null,3.830136986,happy1,scared4,Scared_2_pause_2,option2,en,Always,Rarely,Always
463,59000,853f06e6-569d-468f-a9e3-e27d75ce4920,f,13-null,3.830136986,sad3,happy6,Sad_1_pause_2,option1,en,Always,Rarely,Always
464,59000,853f06e6-569d-468f-a9e3-e27d75ce4920,f,14-null,3.830136986,sad3,angry1_2,Angry_2_pause_2,option2,en,Always,Rarely,Always
465,59000,853f06e6-569d-468f-a9e3-e27d75ce4920,f,16-null,3.830136986,sad1_2,scared6,Scared_1_pause_2,option2,en,Always,Rarely,Always
466,59000,853f06e6-569d-468f-a9e3-e27d75ce4920,f,17-null,3.830136986,scared1,angry5_2,Angry_2_pause_2,option2,en,Always,Rarely,Always
467,59000,853f06e6-569d-468f-a9e3-e27d75ce4920,f,18-null,3.830136986,sad4,happy3_2,Happy_1_pause_2,option2,en,Always,Rarely,Always
468,59000,853f06e6-569d-468f-a9e3-e27d75ce4920,f,19-null,3.830136986,sad6,scared2,Scared_2_pause_2,option2,en,Always,Rarely,Always
469,59000,853f06e6-569d-468f-a9e3-e27d75ce4920,f,20-null,3.830136986,scared1,angry4,Scared_1_pause_2,option1,en,Always,Rarely,Always
470,59000,853f06e6-569d-468f-a9e3-e27d75ce4920,f,21-null,3.830136986,happy6,sad5,Happy_2_pause_2,option1,en,Always,Rarely,Always
471,59000,853f06e6-569d-468f-a9e3-e27d75ce4920,f,22-null,3.830136986,scared5,happy5,Scared_1_pause_2,option1,en,Always,Rarely,Always
472,59000,853f06e6-569d-468f-a9e3-e27d75ce4920,f,23-null,3.830136986,sad2_2,scared5,Sad_2_pause_2,option1,en,Always,Rarely,Always
473,59000,853f06e6-569d-468f-a9e3-e27d75ce4920,f,24-null,3.830136986,scared3,angry4,Angry_1_pause_2,option2,en,Always,Rarely,Always
474,59000,853f06e6-569d-468f-a9e3-e27d75ce4920,f,25-null,3.830136986,sad1_2,scared6,Sad_2_pause_2,option1,en,Always,Rarely,Always
475,59000,853f06e6-569d-468f-a9e3-e27d75ce4920,f,26-null,3.830136986,happy2,angry2,Angry_2_pause_2,option2,en,Always,Rarely,Always
476,59000,853f06e6-569d-468f-a9e3-e27d75ce4920,f,27-null,3.830136986,scared2,happy4,Happy_2_pause_2,option2,en,Always,Rarely,Always
477,59000,853f06e6-569d-468f-a9e3-e27d75ce4920,f,28-null,3.830136986,happy2,angry1_2,Happy_1_pause_2,option1,en,Always,Rarely,Always
478,59000,853f06e6-569d-468f-a9e3-e27d75ce4920,f,29-null,3.830136986,sad6,angry3,Sad_2_pause_2,option1,en,Always,Rarely,Always
479,59000,853f06e6-569d-468f-a9e3-e27d75ce4920,f,30-null,3.830136986,sad5,angry2,Sad_1_pause_2,option1,en,Always,Rarely,Always
480,59000,853f06e6-569d-468f-a9e3-e27d75ce4920,f,31-null,3.830136986,angry6,sad2_2,Angry_1_pause_2,option1,en,Always,Rarely,Always
481,59000,853f06e6-569d-468f-a9e3-e27d75ce4920,f,32-null,3.830136986,scared3,angry6,Scared_2_pause_2,option1,en,Always,Rarely,Always
482,59000,853f06e6-569d-468f-a9e3-e27d75ce4920,f,33-null,3.830136986,sad4,happy4,Sad_1_pause_2,option1,en,Always,Rarely,Always
483,59000,853f06e6-569d-468f-a9e3-e27d75ce4920,f,34-null,3.830136986,scared4,happy5,Happy_2_pause_2,option2,en,Always,Rarely,Always
484,59002,6cefdeab-1551-4034-b4c0-faea126b821f,m,11-null,2.863013699,angry3,sad2_2,Sad_2_pause_2,option2,en nl,Often,Often,Often
485,59002,6cefdeab-1551-4034-b4c0-faea126b821f,m,12-null,2.863013699,angry1_2,sad1_2,Sad_1_pause_2,option2,en nl,Often,Often,Often
486,59002,6cefdeab-1551-4034-b4c0-faea126b821f,m,13-null,2.863013699,scared2,happy6,Scared_1_pause_2,option1,en nl,Often,Often,Often
487,59002,6cefdeab-1551-4034-b4c0-faea126b821f,m,14-null,2.863013699,scared3,sad3,Sad_2_pause_2,option2,en nl,Often,Often,Often
488,59002,6cefdeab-1551-4034-b4c0-faea126b821f,m,16-null,2.863013699,angry1_2,scared2,Angry_2_pause_2,I_dont_know,en nl,Often,Often,Often
489,59002,6cefdeab-1551-4034-b4c0-faea126b821f,m,17-null,2.863013699,scared1,happy6,Happy_1_pause_2,option2,en nl,Often,Often,Often
490,59002,6cefdeab-1551-4034-b4c0-faea126b821f,m,18-null,2.863013699,angry6,scared4,Angry_2_pause_2,option1,en nl,Often,Often,Often
491,59002,6cefdeab-1551-4034-b4c0-faea126b821f,m,19-null,2.863013699,angry5_2,scared5,Scared_1_pause_2,option1,en nl,Often,Often,Often
492,59002,6cefdeab-1551-4034-b4c0-faea126b821f,m,20-null,2.863013699,angry2,sad5,Angry_1_pause_2,option1,en nl,Often,Often,Often
493,59002,6cefdeab-1551-4034-b4c0-faea126b821f,m,21-null,2.863013699,happy1,sad5,Sad_2_pause_2,option2,en nl,Often,Often,Often
494,59002,6cefdeab-1551-4034-b4c0-faea126b821f,m,22-null,2.863013699,scared6,sad4,Scared_1_pause_2,option1,en nl,Often,Often,Often
495,59002,6cefdeab-1551-4034-b4c0-faea126b821f,m,23-null,2.863013699,happy5,sad3,Happy_1_pause_2,option1,en nl,Often,Often,Often
496,59002,6cefdeab-1551-4034-b4c0-faea126b821f,m,24-null,2.863013699,angry4,happy3_2,Happy_2_pause_2,option2,en nl,Often,Often,Often
497,59002,6cefdeab-1551-4034-b4c0-faea126b821f,m,25-null,2.863013699,scared4,sad1_2,Scared_2_pause_2,option1,en nl,Often,Often,Often
498,59002,6cefdeab-1551-4034-b4c0-faea126b821f,m,26-null,2.863013699,sad6,happy5,Sad_1_pause_2,option1,en nl,Often,Often,Often
499,59002,6cefdeab-1551-4034-b4c0-faea126b821f,m,27-null,2.863013699,happy1,angry6,Happy_2_pause_2,option1,en nl,Often,Often,Often
500,59002,6cefdeab-1551-4034-b4c0-faea126b821f,m,28-null,2.863013699,happy2,sad2_2,Happy_1_pause_2,I_dont_know,en nl,Often,Often,Often
501,59002,6cefdeab-1551-4034-b4c0-faea126b821f,m,29-null,2.863013699,sad4,scared6,Sad_1_pause_2,option1,en nl,Often,Often,Often
502,59002,6cefdeab-1551-4034-b4c0-faea126b821f,m,30-null,2.863013699,angry5_2,happy2,Angry_1_pause_2,option1,en nl,Often,Often,Often
503,59002,6cefdeab-1551-4034-b4c0-faea126b821f,m,31-null,2.863013699,angry4,happy3_2,Angry_1_pause_2,option2,en nl,Often,Often,Often
504,59002,6cefdeab-1551-4034-b4c0-faea126b821f,m,32-null,2.863013699,scared3,happy4,Scared_2_pause_2,option1,en nl,Often,Often,Often
505,59002,6cefdeab-1551-4034-b4c0-faea126b821f,m,33-null,2.863013699,happy4,scared5,Happy_2_pause_2,option1,en nl,Often,Often,Often
506,59002,6cefdeab-1551-4034-b4c0-faea126b821f,m,34-null,2.863013699,scared1,angry2,Scared_2_pause_2,option1,en nl,Often,Often,Often
507,59010,fe33dba6-d60c-44e2-a9e6-bab97397e425,f,11-null,3.257534247,scared2,angry1_2,Angry_2_pause_2,option2,en es,Always,Always,Often
508,59010,fe33dba6-d60c-44e2-a9e6-bab97397e425,f,12-null,3.257534247,happy2,scared3,Scared_2_pause_2,option2,en es,Always,Always,Often
509,59010,fe33dba6-d60c-44e2-a9e6-bab97397e425,f,13-null,3.257534247,sad5,scared2,Scared_1_pause_2,option2,en es,Always,Always,Often
510,59010,fe33dba6-d60c-44e2-a9e6-bab97397e425,f,14-null,3.257534247,happy1,sad3,Happy_1_pause_2,option1,en es,Always,Always,Often
511,59010,fe33dba6-d60c-44e2-a9e6-bab97397e425,f,16-null,3.257534247,sad4,scared5,Scared_2_pause_2,option2,en es,Always,Always,Often
512,59010,fe33dba6-d60c-44e2-a9e6-bab97397e425,f,17-null,3.257534247,sad2_2,happy3_2,Happy_2_pause_2,option2,en es,Always,Always,Often
513,59010,fe33dba6-d60c-44e2-a9e6-bab97397e425,f,18-null,3.257534247,happy5,angry6,Happy_1_pause_2,option1,en es,Always,Always,Often
514,59010,fe33dba6-d60c-44e2-a9e6-bab97397e425,f,19-null,3.257534247,sad4,scared5,Sad_1_pause_2,option1,en es,Always,Always,Often
515,59010,fe33dba6-d60c-44e2-a9e6-bab97397e425,f,20-null,3.257534247,happy4,scared3,Happy_2_pause_2,option1,en es,Always,Always,Often
516,59010,fe33dba6-d60c-44e2-a9e6-bab97397e425,f,21-null,3.257534247,angry5_2,scared1,Scared_2_pause_2,option2,en es,Always,Always,Often
517,59010,fe33dba6-d60c-44e2-a9e6-bab97397e425,f,22-null,3.257534247,angry3,happy5,Angry_1_pause_2,option1,en es,Always,Always,Often
518,59010,fe33dba6-d60c-44e2-a9e6-bab97397e425,f,23-null,3.257534247,sad1_2,angry5_2,Angry_2_pause_2,option2,en es,Always,Always,Often
519,59010,fe33dba6-d60c-44e2-a9e6-bab97397e425,f,24-null,3.257534247,happy6,angry2,Happy_2_pause_2,option1,en es,Always,Always,Often
520,59010,fe33dba6-d60c-44e2-a9e6-bab97397e425,f,25-null,3.257534247,angry3,sad6,Sad_2_pause_2,option2,en es,Always,Always,Often
521,59010,fe33dba6-d60c-44e2-a9e6-bab97397e425,f,26-null,3.257534247,scared1,happy2,Happy_1_pause_2,option2,en es,Always,Always,Often
522,59010,fe33dba6-d60c-44e2-a9e6-bab97397e425,f,27-null,3.257534247,scared4,angry4,Angry_1_pause_2,option2,en es,Always,Always,Often
523,59010,fe33dba6-d60c-44e2-a9e6-bab97397e425,f,28-null,3.257534247,sad2_2,happy3_2,Sad_1_pause_2,option1,en es,Always,Always,Often
524,59010,fe33dba6-d60c-44e2-a9e6-bab97397e425,f,29-null,3.257534247,angry1_2,sad5,Sad_2_pause_2,option2,en es,Always,Always,Often
525,59010,fe33dba6-d60c-44e2-a9e6-bab97397e425,f,30-null,3.257534247,angry6,sad6,Angry_1_pause_2,option1,en es,Always,Always,Often
526,59010,fe33dba6-d60c-44e2-a9e6-bab97397e425,f,31-null,3.257534247,angry2,happy4,Angry_2_pause_2,option1,en es,Always,Always,Often
527,59010,fe33dba6-d60c-44e2-a9e6-bab97397e425,f,32-null,3.257534247,sad1_2,scared6,Sad_2_pause_2,option2,en es,Always,Always,Often
528,59010,fe33dba6-d60c-44e2-a9e6-bab97397e425,f,33-null,3.257534247,happy1,scared6,Scared_1_pause_2,option2,en es,Always,Always,Often
529,59010,fe33dba6-d60c-44e2-a9e6-bab97397e425,f,34-null,3.257534247,happy6,sad3,Sad_1_pause_2,option2,en es,Always,Always,Often
530,59026,d2f49662-5fc7-4d78-aae3-9abeebc0838c,m,11-null,3.953424658,scared6,happy1,Happy_2_pause_2,option2,en,Often,Always,Always
531,59026,d2f49662-5fc7-4d78-aae3-9abeebc0838c,m,12-null,3.953424658,happy6,sad2_2,Sad_2_pause_2,option2,en,Often,Always,Always
532,59026,d2f49662-5fc7-4d78-aae3-9abeebc0838c,m,13-null,3.953424658,scared1,angry2,Scared_1_pause_2,option2,en,Often,Always,Always
533,59026,d2f49662-5fc7-4d78-aae3-9abeebc0838c,m,14-null,3.953424658,scared3,happy1,Scared_1_pause_2,option1,en,Often,Always,Always
534,59026,d2f49662-5fc7-4d78-aae3-9abeebc0838c,m,16-null,3.953424658,happy5,scared4,Scared_2_pause_2,option2,en,Often,Always,Always
535,59026,d2f49662-5fc7-4d78-aae3-9abeebc0838c,m,17-null,3.953424658,sad1_2,scared6,Scared_2_pause_2,option2,en,Often,Always,Always
536,59026,d2f49662-5fc7-4d78-aae3-9abeebc0838c,m,18-null,3.953424658,angry5_2,happy3_2,Angry_1_pause_2,option1,en,Often,Always,Always
537,59026,d2f49662-5fc7-4d78-aae3-9abeebc0838c,m,19-null,3.953424658,happy2,angry4,Happy_1_pause_2,option1,en,Often,Always,Always
538,59026,d2f49662-5fc7-4d78-aae3-9abeebc0838c,m,20-null,3.953424658,happy2,angry3,Angry_1_pause_2,option2,en,Often,Always,Always
539,59026,d2f49662-5fc7-4d78-aae3-9abeebc0838c,m,21-null,3.953424658,sad3,angry6,Angry_2_pause_2,option2,en,Often,Always,Always
540,59026,d2f49662-5fc7-4d78-aae3-9abeebc0838c,m,22-null,3.953424658,sad6,happy6,Happy_2_pause_2,option2,en,Often,Always,Always
541,59026,d2f49662-5fc7-4d78-aae3-9abeebc0838c,m,23-null,3.953424658,sad5,angry6,Sad_2_pause_2,option1,en,Often,Always,Always
542,59026,d2f49662-5fc7-4d78-aae3-9abeebc0838c,m,24-null,3.953424658,sad4,scared5,Scared_2_pause_2,option2,en,Often,Always,Always
543,59026,d2f49662-5fc7-4d78-aae3-9abeebc0838c,m,25-null,3.953424658,scared2,angry2,Angry_2_pause_2,option2,en,Often,Always,Always
544,59026,d2f49662-5fc7-4d78-aae3-9abeebc0838c,m,26-null,3.953424658,sad3,angry3,Sad_2_pause_2,option1,en,Often,Always,Always
545,59026,d2f49662-5fc7-4d78-aae3-9abeebc0838c,m,27-null,3.953424658,happy5,sad2_2,Happy_1_pause_2,option1,en,Often,Always,Always
546,59026,d2f49662-5fc7-4d78-aae3-9abeebc0838c,m,28-null,3.953424658,angry1_2,sad5,Angry_2_pause_2,option1,en,Often,Always,Always
547,59026,d2f49662-5fc7-4d78-aae3-9abeebc0838c,m,29-null,3.953424658,happy4,scared3,Happy_2_pause_2,option1,en,Often,Always,Always
548,59026,d2f49662-5fc7-4d78-aae3-9abeebc0838c,m,30-null,3.953424658,sad4,happy4,Sad_1_pause_2,option1,en,Often,Always,Always
549,59026,d2f49662-5fc7-4d78-aae3-9abeebc0838c,m,31-null,3.953424658,sad6,scared5,Sad_1_pause_2,option1,en,Often,Always,Always
550,59026,d2f49662-5fc7-4d78-aae3-9abeebc0838c,m,32-null,3.953424658,angry1_2,scared2,Scared_1_pause_2,option2,en,Often,Always,Always
551,59026,d2f49662-5fc7-4d78-aae3-9abeebc0838c,m,33-null,3.953424658,happy3_2,angry5_2,Happy_1_pause_2,option1,en,Often,Always,Always
552,59026,d2f49662-5fc7-4d78-aae3-9abeebc0838c,m,34-null,3.953424658,sad1_2,scared1,Sad_1_pause_2,option2,en,Often,Always,Always
553,59046,a5991d79-b382-4bdf-afc5-8b9997ab82e6,f,11-null,3.254794521,angry2,scared2,Scared_1_pause_2,option2,en,Always,Always,Often
554,59046,a5991d79-b382-4bdf-afc5-8b9997ab82e6,f,12-null,3.254794521,happy2,sad4,Sad_1_pause_2,option2,en,Always,Always,Often
555,59046,a5991d79-b382-4bdf-afc5-8b9997ab82e6,f,13-null,3.254794521,angry5_2,happy1,Happy_1_pause_2,option2,en,Always,Always,Often
556,59046,a5991d79-b382-4bdf-afc5-8b9997ab82e6,f,14-null,3.254794521,sad3,happy4,Sad_2_pause_2,option1,en,Always,Always,Often
557,59046,a5991d79-b382-4bdf-afc5-8b9997ab82e6,f,16-null,3.254794521,happy5,scared6,Happy_2_pause_2,option1,en,Always,Always,Often
558,59046,a5991d79-b382-4bdf-afc5-8b9997ab82e6,f,17-null,3.254794521,happy2,sad2_2,Happy_2_pause_2,option1,en,Always,Always,Often
559,59046,a5991d79-b382-4bdf-afc5-8b9997ab82e6,f,18-null,3.254794521,scared1,sad5,Scared_2_pause_2,option1,en,Always,Always,Often
560,59046,a5991d79-b382-4bdf-afc5-8b9997ab82e6,f,19-null,3.254794521,happy6,angry2,Angry_2_pause_2,option1,en,Always,Always,Often
561,59046,a5991d79-b382-4bdf-afc5-8b9997ab82e6,f,20-null,3.254794521,angry1_2,sad6,Sad_1_pause_2,option2,en,Always,Always,Often
562,59046,a5991d79-b382-4bdf-afc5-8b9997ab82e6,f,21-null,3.254794521,scared1,angry1_2,Angry_2_pause_2,option1,en,Always,Always,Often
563,59046,a5991d79-b382-4bdf-afc5-8b9997ab82e6,f,22-null,3.254794521,angry4,scared5,Angry_1_pause_2,option1,en,Always,Always,Often
564,59046,a5991d79-b382-4bdf-afc5-8b9997ab82e6,f,23-null,3.254794521,scared4,happy1,Scared_2_pause_2,option1,en,Always,Always,Often
565,59046,a5991d79-b382-4bdf-afc5-8b9997ab82e6,f,24-null,3.254794521,scared6,sad4,Scared_2_pause_2,option1,en,Always,Always,Often
566,59046,a5991d79-b382-4bdf-afc5-8b9997ab82e6,f,25-null,3.254794521,sad1_2,happy3_2,Happy_2_pause_2,option2,en,Always,Always,Often
567,59046,a5991d79-b382-4bdf-afc5-8b9997ab82e6,f,26-null,3.254794521,scared3,happy5,Scared_1_pause_2,option1,en,Always,Always,Often
568,59046,a5991d79-b382-4bdf-afc5-8b9997ab82e6,f,27-null,3.254794521,sad6,angry5_2,Angry_1_pause_2,option1,en,Always,Always,Often
569,59046,a5991d79-b382-4bdf-afc5-8b9997ab82e6,f,28-null,3.254794521,angry6,scared5,Scared_1_pause_2,option2,en,Always,Always,Often
570,59046,a5991d79-b382-4bdf-afc5-8b9997ab82e6,f,29-null,3.254794521,sad1_2,angry4,Sad_1_pause_2,option1,en,Always,Always,Often
571,59046,a5991d79-b382-4bdf-afc5-8b9997ab82e6,f,30-null,3.254794521,happy3_2,angry6,Angry_1_pause_2,option2,en,Always,Always,Often
572,59046,a5991d79-b382-4bdf-afc5-8b9997ab82e6,f,31-null,3.254794521,happy4,angry3,Happy_1_pause_2,option1,en,Always,Always,Often
573,59046,a5991d79-b382-4bdf-afc5-8b9997ab82e6,f,32-null,3.254794521,sad3,angry3,Angry_2_pause_2,option1,en,Always,Always,Often
574,59046,a5991d79-b382-4bdf-afc5-8b9997ab82e6,f,33-null,3.254794521,sad5,scared3,Sad_2_pause_2,option1,en,Always,Always,Often
575,59046,a5991d79-b382-4bdf-afc5-8b9997ab82e6,f,34-null,3.254794521,scared2,sad2_2,Sad_2_pause_2,option2,en,Always,Always,Often
576,59065,ab81f35b-2d40-416e-8530-bbb2ce7fe610,m,11-null,2.331506849,sad6,angry2,Sad_2_pause_2,option1,en,Often,Often,Often
577,59065,ab81f35b-2d40-416e-8530-bbb2ce7fe610,m,12-null,2.331506849,sad5,happy5,Happy_1_pause_2,option2,en,Often,Often,Often
578,59065,ab81f35b-2d40-416e-8530-bbb2ce7fe610,m,13-null,2.331506849,scared4,angry2,Angry_1_pause_2,option1,en,Often,Often,Often
579,59065,ab81f35b-2d40-416e-8530-bbb2ce7fe610,m,14-null,2.331506849,happy1,angry4,Angry_1_pause_2,option2,en,Often,Often,Often
580,59065,ab81f35b-2d40-416e-8530-bbb2ce7fe610,m,16-null,2.331506849,scared1,sad1_2,Sad_2_pause_2,option2,en,Often,Often,Often
581,59065,ab81f35b-2d40-416e-8530-bbb2ce7fe610,m,17-null,2.331506849,scared2,sad3,Sad_1_pause_2,option2,en,Often,Often,Often
582,59065,ab81f35b-2d40-416e-8530-bbb2ce7fe610,m,18-null,2.331506849,sad2_2,happy6,Sad_1_pause_2,option1,en,Often,Often,Often
583,59065,ab81f35b-2d40-416e-8530-bbb2ce7fe610,m,19-null,2.331506849,happy4,angry1_2,Angry_2_pause_2,option2,en,Often,Often,Often
584,59065,ab81f35b-2d40-416e-8530-bbb2ce7fe610,m,20-null,2.331506849,angry6,scared3,Scared_2_pause_2,option2,en,Often,Often,Often
585,59065,ab81f35b-2d40-416e-8530-bbb2ce7fe610,m,21-null,2.331506849,scared5,angry1_2,Scared_1_pause_2,option1,en,Often,Often,Often
586,59065,ab81f35b-2d40-416e-8530-bbb2ce7fe610,m,22-null,2.331506849,sad6,angry3,Angry_2_pause_2,option1,en,Often,Often,Often
587,59065,ab81f35b-2d40-416e-8530-bbb2ce7fe610,m,23-null,2.331506849,happy2,angry5_2,Happy_1_pause_2,option1,en,Often,Often,Often
588,59065,ab81f35b-2d40-416e-8530-bbb2ce7fe610,m,24-null,2.331506849,angry5_2,sad4,Angry_2_pause_2,option1,en,Often,Often,Often
589,59065,ab81f35b-2d40-416e-8530-bbb2ce7fe610,m,25-null,2.331506849,sad5,happy5,Sad_2_pause_2,option1,en,Often,Often,Often
590,59065,ab81f35b-2d40-416e-8530-bbb2ce7fe610,m,26-null,2.331506849,scared6,happy1,Happy_2_pause_2,option2,en,Often,Often,Often
591,59065,ab81f35b-2d40-416e-8530-bbb2ce7fe610,m,27-null,2.331506849,happy2,scared6,Scared_1_pause_2,option2,en,Often,Often,Often
592,59065,ab81f35b-2d40-416e-8530-bbb2ce7fe610,m,28-null,2.331506849,sad3,scared4,Scared_2_pause_2,option2,en,Often,Often,Often
593,59065,ab81f35b-2d40-416e-8530-bbb2ce7fe610,m,29-null,2.331506849,scared2,sad1_2,Scared_1_pause_2,option1,en,Often,Often,Often
594,59065,ab81f35b-2d40-416e-8530-bbb2ce7fe610,m,30-null,2.331506849,sad4,angry4,Sad_1_pause_2,option1,en,Often,Often,Often
595,59065,ab81f35b-2d40-416e-8530-bbb2ce7fe610,m,31-null,2.331506849,sad2_2,happy4,Happy_2_pause_2,option2,en,Often,Often,Often
596,59065,ab81f35b-2d40-416e-8530-bbb2ce7fe610,m,32-null,2.331506849,happy6,scared5,Happy_1_pause_2,option1,en,Often,Often,Often
597,59065,ab81f35b-2d40-416e-8530-bbb2ce7fe610,m,33-null,2.331506849,happy3_2,angry3,Happy_2_pause_2,option1,en,Often,Often,Often
598,59065,ab81f35b-2d40-416e-8530-bbb2ce7fe610,m,34-null,2.331506849,scared3,angry6,Angry_1_pause_2,option2,en,Often,Often,Often
599,59093,fb7cc8c5-5f1c-4097-ac13-8b50a5ec4458,m,11-null,4.632876712,sad5,scared4,Scared_1_pause_2,option2,en,Sometimes,Sometimes,Sometimes
600,59093,fb7cc8c5-5f1c-4097-ac13-8b50a5ec4458,m,12-null,4.632876712,happy2,angry2,Happy_1_pause_2,option1,en,Sometimes,Sometimes,Sometimes
601,59093,fb7cc8c5-5f1c-4097-ac13-8b50a5ec4458,m,13-null,4.632876712,sad4,scared6,Scared_2_pause_2,option2,en,Sometimes,Sometimes,Sometimes
602,59093,fb7cc8c5-5f1c-4097-ac13-8b50a5ec4458,m,14-null,4.632876712,scared6,angry3,Angry_2_pause_2,option2,en,Sometimes,Sometimes,Sometimes
603,59093,fb7cc8c5-5f1c-4097-ac13-8b50a5ec4458,m,16-null,4.632876712,sad3,angry3,Sad_1_pause_2,option1,en,Sometimes,Sometimes,Sometimes
604,59093,fb7cc8c5-5f1c-4097-ac13-8b50a5ec4458,m,17-null,4.632876712,sad4,scared1,Sad_2_pause_2,option1,en,Sometimes,Sometimes,Sometimes
605,59093,fb7cc8c5-5f1c-4097-ac13-8b50a5ec4458,m,18-null,4.632876712,scared3,sad5,Sad_1_pause_2,option2,en,Sometimes,Sometimes,Sometimes
606,59093,fb7cc8c5-5f1c-4097-ac13-8b50a5ec4458,m,19-null,4.632876712,angry6,sad3,Angry_2_pause_2,option1,en,Sometimes,Sometimes,Sometimes
607,59093,fb7cc8c5-5f1c-4097-ac13-8b50a5ec4458,m,20-null,4.632876712,sad1_2,angry5_2,Angry_1_pause_2,option2,en,Sometimes,Sometimes,Sometimes
608,59093,fb7cc8c5-5f1c-4097-ac13-8b50a5ec4458,m,21-null,4.632876712,scared4,angry2,Angry_2_pause_2,option2,en,Sometimes,Sometimes,Sometimes
609,59093,fb7cc8c5-5f1c-4097-ac13-8b50a5ec4458,m,22-null,4.632876712,happy6,scared5,Happy_2_pause_2,option1,en,Sometimes,Sometimes,Sometimes
610,59093,fb7cc8c5-5f1c-4097-ac13-8b50a5ec4458,m,23-null,4.632876712,sad6,happy4,Happy_2_pause_2,option2,en,Sometimes,Sometimes,Sometimes
611,59093,fb7cc8c5-5f1c-4097-ac13-8b50a5ec4458,m,24-null,4.632876712,happy1,angry1_2,Happy_1_pause_2,option1,en,Sometimes,Sometimes,Sometimes
612,59093,fb7cc8c5-5f1c-4097-ac13-8b50a5ec4458,m,25-null,4.632876712,scared5,happy3_2,Scared_2_pause_2,option1,en,Sometimes,Sometimes,Sometimes
613,59093,fb7cc8c5-5f1c-4097-ac13-8b50a5ec4458,m,26-null,4.632876712,scared2,happy5,Happy_1_pause_2,option2,en,Sometimes,Sometimes,Sometimes
614,59093,fb7cc8c5-5f1c-4097-ac13-8b50a5ec4458,m,27-null,4.632876712,sad2_2,happy3_2,Happy_2_pause_2,option2,en,Sometimes,Sometimes,Sometimes
615,59093,fb7cc8c5-5f1c-4097-ac13-8b50a5ec4458,m,28-null,4.632876712,sad1_2,angry6,Sad_1_pause_2,option1,en,Sometimes,Sometimes,Sometimes
616,59093,fb7cc8c5-5f1c-4097-ac13-8b50a5ec4458,m,29-null,4.632876712,angry1_2,happy2,Angry_1_pause_2,option1,en,Sometimes,Sometimes,Sometimes
617,59093,fb7cc8c5-5f1c-4097-ac13-8b50a5ec4458,m,30-null,4.632876712,happy4,angry4,Angry_1_pause_2,option2,en,Sometimes,Sometimes,Sometimes
618,59093,fb7cc8c5-5f1c-4097-ac13-8b50a5ec4458,m,31-null,4.632876712,happy1,sad6,Sad_2_pause_2,option2,en,Sometimes,Sometimes,Sometimes
619,59093,fb7cc8c5-5f1c-4097-ac13-8b50a5ec4458,m,32-null,4.632876712,happy5,scared3,Scared_2_pause_2,option2,en,Sometimes,Sometimes,Sometimes
620,59093,fb7cc8c5-5f1c-4097-ac13-8b50a5ec4458,m,33-null,4.632876712,happy6,sad2_2,Sad_2_pause_2,option2,en,Sometimes,Sometimes,Sometimes
621,59093,fb7cc8c5-5f1c-4097-ac13-8b50a5ec4458,m,34-null,4.632876712,scared2,angry4,Scared_1_pause_2,option1,en,Sometimes,Sometimes,Sometimes
622,59098,942c73db-1b8f-45e1-ba91-192119268c15,f,11-null,3.202739726,happy5,scared6,Scared_2_pause_2,option2,en,Often,Often,Often
623,59098,942c73db-1b8f-45e1-ba91-192119268c15,f,12-null,3.202739726,scared3,happy2,Happy_2_pause_2,option2,en,Often,Often,Often
624,59098,942c73db-1b8f-45e1-ba91-192119268c15,f,13-null,3.202739726,sad2_2,angry4,Sad_1_pause_2,option1,en,Often,Often,Often
625,59098,942c73db-1b8f-45e1-ba91-192119268c15,f,14-null,3.202739726,sad1_2,scared1,Sad_2_pause_2,option1,en,Often,Often,Often
626,59098,942c73db-1b8f-45e1-ba91-192119268c15,f,16-null,3.202739726,angry5_2,sad6,Sad_1_pause_2,option2,en,Often,Often,Often
627,59098,942c73db-1b8f-45e1-ba91-192119268c15,f,17-null,3.202739726,happy4,angry1_2,Happy_1_pause_2,option1,en,Often,Often,Often
628,59098,942c73db-1b8f-45e1-ba91-192119268c15,f,18-null,3.202739726,happy1,angry3,Happy_1_pause_2,option1,en,Often,Often,Often
629,59098,942c73db-1b8f-45e1-ba91-192119268c15,f,19-null,3.202739726,sad3,happy4,Sad_2_pause_2,option1,en,Often,Often,Often
630,59098,942c73db-1b8f-45e1-ba91-192119268c15,f,20-null,3.202739726,scared2,happy6,Scared_2_pause_2,option1,en,Often,Often,Often
631,59098,942c73db-1b8f-45e1-ba91-192119268c15,f,21-null,3.202739726,angry2,scared5,Scared_1_pause_2,option2,en,Often,Often,Often
632,59098,942c73db-1b8f-45e1-ba91-192119268c15,f,22-null,3.202739726,happy3_2,angry5_2,Angry_1_pause_2,option2,en,Often,Often,Often
633,59098,942c73db-1b8f-45e1-ba91-192119268c15,f,23-null,3.202739726,happy5,sad3,Happy_2_pause_2,option1,en,Often,Often,Often
634,59098,942c73db-1b8f-45e1-ba91-192119268c15,f,24-null,3.202739726,angry3,sad1_2,Angry_2_pause_2,option1,en,Often,Often,Often
635,59098,942c73db-1b8f-45e1-ba91-192119268c15,f,25-null,3.202739726,scared5,happy6,Happy_2_pause_2,option2,en,Often,Often,Often
636,59098,942c73db-1b8f-45e1-ba91-192119268c15,f,26-null,3.202739726,angry6,scared2,Angry_1_pause_2,option1,en,Often,Often,Often
637,59098,942c73db-1b8f-45e1-ba91-192119268c15,f,27-null,3.202739726,angry1_2,happy1,Angry_1_pause_2,option1,en,Often,Often,Often
638,59098,942c73db-1b8f-45e1-ba91-192119268c15,f,28-null,3.202739726,scared3,angry6,Scared_1_pause_2,option1,en,Often,Often,Often
639,59098,942c73db-1b8f-45e1-ba91-192119268c15,f,29-null,3.202739726,scared4,angry2,Angry_2_pause_2,option2,en,Often,Often,Often
640,59098,942c73db-1b8f-45e1-ba91-192119268c15,f,30-null,3.202739726,scared6,sad4,Sad_2_pause_2,option2,en,Often,Often,Often
641,59098,942c73db-1b8f-45e1-ba91-192119268c15,f,31-null,3.202739726,happy3_2,sad6,Happy_1_pause_2,option1,en,Often,Often,Often
642,59098,942c73db-1b8f-45e1-ba91-192119268c15,f,32-null,3.202739726,sad5,happy2,Sad_1_pause_2,option1,en,Often,Often,Often
643,59098,942c73db-1b8f-45e1-ba91-192119268c15,f,33-null,3.202739726,scared1,sad2_2,Scared_2_pause_2,option1,en,Often,Often,Often
644,59098,942c73db-1b8f-45e1-ba91-192119268c15,f,34-null,3.202739726,scared4,sad5,Scared_1_pause_2,option1,en,Often,Often,Often
645,59108,fc7106f4-2439-4d65-8402-7f514551d2be,f,11-null,3.38630137,angry6,sad1_2,Sad_1_pause_2,option2,en,Often,Sometimes,Sometimes
646,59108,fc7106f4-2439-4d65-8402-7f514551d2be,f,12-null,3.38630137,sad5,scared6,Scared_1_pause_2,option2,en,Often,Sometimes,Sometimes
647,59108,fc7106f4-2439-4d65-8402-7f514551d2be,f,13-null,3.38630137,happy4,scared2,Scared_2_pause_2,option2,en,Often,Sometimes,Sometimes
648,59108,fc7106f4-2439-4d65-8402-7f514551d2be,f,14-null,3.38630137,happy6,sad4,Sad_2_pause_2,option2,en,Often,Sometimes,Sometimes
649,59108,fc7106f4-2439-4d65-8402-7f514551d2be,f,16-null,3.38630137,happy2,scared4,Happy_1_pause_2,option1,en,Often,Sometimes,Sometimes
650,59108,fc7106f4-2439-4d65-8402-7f514551d2be,f,17-null,3.38630137,angry2,sad3,Sad_2_pause_2,option2,en,Often,Sometimes,Sometimes
651,59108,fc7106f4-2439-4d65-8402-7f514551d2be,f,18-null,3.38630137,sad6,angry2,Angry_2_pause_2,option2,en,Often,Sometimes,Sometimes
652,59108,fc7106f4-2439-4d65-8402-7f514551d2be,f,19-null,3.38630137,happy4,angry5_2,Happy_2_pause_2,option1,en,Often,Sometimes,Sometimes
653,59108,fc7106f4-2439-4d65-8402-7f514551d2be,f,20-null,3.38630137,scared3,angry3,Angry_2_pause_2,option2,en,Often,Sometimes,Sometimes
654,59108,fc7106f4-2439-4d65-8402-7f514551d2be,f,21-null,3.38630137,scared3,happy1,Scared_2_pause_2,option1,en,Often,Sometimes,Sometimes
655,59108,fc7106f4-2439-4d65-8402-7f514551d2be,f,22-null,3.38630137,happy5,angry5_2,Angry_1_pause_2,option2,en,Often,Sometimes,Sometimes
656,59108,fc7106f4-2439-4d65-8402-7f514551d2be,f,23-null,3.38630137,angry4,scared4,Scared_1_pause_2,option2,en,Often,Sometimes,Sometimes
657,59108,fc7106f4-2439-4d65-8402-7f514551d2be,f,24-null,3.38630137,scared5,angry3,Scared_2_pause_2,option1,en,Often,Sometimes,Sometimes
658,59108,fc7106f4-2439-4d65-8402-7f514551d2be,f,25-null,3.38630137,scared2,angry4,Angry_2_pause_2,option2,en,Often,Sometimes,Sometimes
659,59108,fc7106f4-2439-4d65-8402-7f514551d2be,f,26-null,3.38630137,happy6,scared6,Happy_2_pause_2,option1,en,Often,Sometimes,Sometimes
660,59108,fc7106f4-2439-4d65-8402-7f514551d2be,f,27-null,3.38630137,scared1,sad6,Sad_1_pause_2,option2,en,Often,Sometimes,Sometimes
661,59108,fc7106f4-2439-4d65-8402-7f514551d2be,f,28-null,3.38630137,sad2_2,scared1,Scared_1_pause_2,option2,en,Often,Sometimes,Sometimes
662,59108,fc7106f4-2439-4d65-8402-7f514551d2be,f,29-null,3.38630137,angry6,sad3,Angry_1_pause_2,option1,en,Often,Sometimes,Sometimes
663,59108,fc7106f4-2439-4d65-8402-7f514551d2be,f,30-null,3.38630137,angry1_2,happy2,Angry_1_pause_2,option1,en,Often,Sometimes,Sometimes
664,59108,fc7106f4-2439-4d65-8402-7f514551d2be,f,31-null,3.38630137,sad2_2,scared5,Sad_2_pause_2,option1,en,Often,Sometimes,Sometimes
665,59108,fc7106f4-2439-4d65-8402-7f514551d2be,f,32-null,3.38630137,happy1,sad1_2,Happy_1_pause_2,option1,en,Often,Sometimes,Sometimes
666,59108,fc7106f4-2439-4d65-8402-7f514551d2be,f,33-null,3.38630137,happy3_2,sad5,Sad_1_pause_2,option2,en,Often,Sometimes,Sometimes
667,59108,fc7106f4-2439-4d65-8402-7f514551d2be,f,34-null,3.38630137,happy5,angry1_2,Happy_1_pause_2,option1,en,Often,Sometimes,Sometimes
668,59149,7f4dc0d2-4b7c-4e53-9d9c-9a14dc549ba9,m,11-null,4.293150685,happy4,angry5_2,Happy_2_pause_2,option1,en,Often,Often,Often
669,59149,7f4dc0d2-4b7c-4e53-9d9c-9a14dc549ba9,m,12-null,4.293150685,scared4,happy1,Scared_1_pause_2,option1,en,Often,Often,Often
670,59149,7f4dc0d2-4b7c-4e53-9d9c-9a14dc549ba9,m,13-null,4.293150685,angry2,scared4,Angry_2_pause_2,option1,en,Often,Often,Often
671,59149,7f4dc0d2-4b7c-4e53-9d9c-9a14dc549ba9,m,14-null,4.293150685,angry4,sad1_2,Angry_2_pause_2,option1,en,Often,Often,Often
672,59149,7f4dc0d2-4b7c-4e53-9d9c-9a14dc549ba9,m,16-null,4.293150685,sad3,angry5_2,Angry_1_pause_2,option2,en,Often,Often,Often
673,59149,7f4dc0d2-4b7c-4e53-9d9c-9a14dc549ba9,m,17-null,4.293150685,happy3_2,angry1_2,Angry_1_pause_2,option2,en,Often,Often,Often
674,59149,7f4dc0d2-4b7c-4e53-9d9c-9a14dc549ba9,m,18-null,4.293150685,sad5,happy3_2,Happy_1_pause_2,option2,en,Often,Often,Often
675,59149,7f4dc0d2-4b7c-4e53-9d9c-9a14dc549ba9,m,19-null,4.293150685,sad2_2,happy2,Sad_1_pause_2,option1,en,Often,Often,Often
676,59149,7f4dc0d2-4b7c-4e53-9d9c-9a14dc549ba9,m,20-null,4.293150685,angry2,scared1,Scared_2_pause_2,option1,en,Often,Often,Often
677,59149,7f4dc0d2-4b7c-4e53-9d9c-9a14dc549ba9,m,21-null,4.293150685,scared3,sad1_2,Sad_1_pause_2,option2,en,Often,Often,Often
678,59149,7f4dc0d2-4b7c-4e53-9d9c-9a14dc549ba9,m,22-null,4.293150685,happy5,sad4,Happy_1_pause_2,option1,en,Often,Often,Often
679,59149,7f4dc0d2-4b7c-4e53-9d9c-9a14dc549ba9,m,23-null,4.293150685,scared3,sad2_2,Scared_1_pause_2,option2,en,Often,Often,Often
680,59149,7f4dc0d2-4b7c-4e53-9d9c-9a14dc549ba9,m,24-null,4.293150685,angry6,scared2,Angry_2_pause_2,option1,en,Often,Often,Often
681,59149,7f4dc0d2-4b7c-4e53-9d9c-9a14dc549ba9,m,25-null,4.293150685,happy5,sad3,Sad_2_pause_2,option2,en,Often,Often,Often
682,59149,7f4dc0d2-4b7c-4e53-9d9c-9a14dc549ba9,m,26-null,4.293150685,scared6,happy2,Happy_1_pause_2,option2,en,Often,Often,Often
683,59149,7f4dc0d2-4b7c-4e53-9d9c-9a14dc549ba9,m,27-null,4.293150685,sad6,scared6,Scared_1_pause_2,option2,en,Often,Often,Often
684,59149,7f4dc0d2-4b7c-4e53-9d9c-9a14dc549ba9,m,28-null,4.293150685,angry1_2,happy1,Happy_2_pause_2,option2,en,Often,Often,Often
685,59149,7f4dc0d2-4b7c-4e53-9d9c-9a14dc549ba9,m,29-null,4.293150685,scared2,angry3,Scared_2_pause_2,option1,en,Often,Often,Often
686,59149,7f4dc0d2-4b7c-4e53-9d9c-9a14dc549ba9,m,30-null,4.293150685,happy6,scared1,Happy_2_pause_2,option1,en,Often,Often,Often
687,59149,7f4dc0d2-4b7c-4e53-9d9c-9a14dc549ba9,m,31-null,4.293150685,angry4,sad6,Sad_1_pause_2,option2,en,Often,Often,Often
688,59149,7f4dc0d2-4b7c-4e53-9d9c-9a14dc549ba9,m,32-null,4.293150685,scared5,sad4,Sad_2_pause_2,option2,en,Often,Often,Often
689,59149,7f4dc0d2-4b7c-4e53-9d9c-9a14dc549ba9,m,33-null,4.293150685,happy6,angry3,Angry_1_pause_2,option2,en,Often,Often,Often
690,59149,7f4dc0d2-4b7c-4e53-9d9c-9a14dc549ba9,m,34-null,4.293150685,angry6,sad5,Sad_2_pause_2,option2,en,Often,Often,Often
691,59160,5cfce52e-2775-410d-bb50-68e90b6d46ba,f,11-null,4.917808219,happy5,scared3,Happy_2_pause_2,option1,,Often,Often,Often
692,59160,5cfce52e-2775-410d-bb50-68e90b6d46ba,f,12-null,4.917808219,angry2,sad5,Angry_1_pause_2,option1,,Often,Often,Often
693,59160,5cfce52e-2775-410d-bb50-68e90b6d46ba,f,13-null,4.917808219,scared5,sad3,Sad_2_pause_2,option2,,Often,Often,Often
694,59160,5cfce52e-2775-410d-bb50-68e90b6d46ba,f,14-null,4.917808219,happy2,sad4,Happy_1_pause_2,option1,,Often,Often,Often
695,59160,5cfce52e-2775-410d-bb50-68e90b6d46ba,f,16-null,4.917808219,angry5_2,sad4,Sad_2_pause_2,option2,,Often,Often,Often
696,59160,5cfce52e-2775-410d-bb50-68e90b6d46ba,f,17-null,4.917808219,angry5_2,scared6,Angry_1_pause_2,option1,,Often,Often,Often
697,59160,5cfce52e-2775-410d-bb50-68e90b6d46ba,f,18-null,4.917808219,sad1_2,happy2,Sad_1_pause_2,option1,,Often,Often,Often
698,59160,5cfce52e-2775-410d-bb50-68e90b6d46ba,f,19-null,4.917808219,angry3,scared1,Scared_1_pause_2,option2,,Often,Often,Often
699,59160,5cfce52e-2775-410d-bb50-68e90b6d46ba,f,20-null,4.917808219,scared4,angry1_2,Scared_2_pause_2,option1,,Often,Often,Often
700,59160,5cfce52e-2775-410d-bb50-68e90b6d46ba,f,21-null,4.917808219,angry4,sad5,Sad_1_pause_2,option2,,Often,Often,Often
701,59160,5cfce52e-2775-410d-bb50-68e90b6d46ba,f,22-null,4.917808219,scared6,sad3,Scared_2_pause_2,option1,,Often,Often,Often
702,59160,5cfce52e-2775-410d-bb50-68e90b6d46ba,f,23-null,4.917808219,angry2,happy3_2,Happy_1_pause_2,option2,,Often,Often,Often
703,59160,5cfce52e-2775-410d-bb50-68e90b6d46ba,f,24-null,4.917808219,scared2,happy5,Scared_2_pause_2,option1,,Often,Often,Often
704,59160,5cfce52e-2775-410d-bb50-68e90b6d46ba,f,25-null,4.917808219,angry6,happy3_2,Angry_1_pause_2,option1,,Often,Often,Often
705,59160,5cfce52e-2775-410d-bb50-68e90b6d46ba,f,26-null,4.917808219,angry4,sad6,Angry_2_pause_2,option1,,Often,Often,Often
706,59160,5cfce52e-2775-410d-bb50-68e90b6d46ba,f,27-null,4.917808219,happy4,scared1,Happy_2_pause_2,option1,,Often,Often,Often
707,59160,5cfce52e-2775-410d-bb50-68e90b6d46ba,f,28-null,4.917808219,sad1_2,happy6,Happy_2_pause_2,option2,,Often,Often,Often
708,59160,5cfce52e-2775-410d-bb50-68e90b6d46ba,f,29-null,4.917808219,scared4,angry3,Angry_2_pause_2,option2,,Often,Often,Often
709,59160,5cfce52e-2775-410d-bb50-68e90b6d46ba,f,30-null,4.917808219,scared2,sad6,Sad_2_pause_2,option2,,Often,Often,Often
710,59160,5cfce52e-2775-410d-bb50-68e90b6d46ba,f,31-null,4.917808219,sad2_2,scared3,Scared_1_pause_2,option2,,Often,Often,Often
711,59160,5cfce52e-2775-410d-bb50-68e90b6d46ba,f,32-null,4.917808219,angry1_2,happy6,Angry_2_pause_2,option1,,Often,Often,Often
712,59160,5cfce52e-2775-410d-bb50-68e90b6d46ba,f,33-null,4.917808219,angry6,happy1,Happy_1_pause_2,option2,,Often,Often,Often
713,59160,5cfce52e-2775-410d-bb50-68e90b6d46ba,f,34-null,4.917808219,happy1,scared5,Scared_1_pause_2,option2,,Often,Often,Often
714,59181,c2ab62ae-edae-4c42-a4bc-491dc033d283,m,11-null,3.175342466,angry3,happy5,Angry_1_pause_2,option1,,Sometimes,Sometimes,Sometimes
715,59181,c2ab62ae-edae-4c42-a4bc-491dc033d283,m,12-null,3.175342466,scared2,angry3,Scared_1_pause_2,option1,,Sometimes,Sometimes,Sometimes
716,59181,c2ab62ae-edae-4c42-a4bc-491dc033d283,m,13-null,3.175342466,scared5,sad6,Scared_2_pause_2,option1,,Sometimes,Sometimes,Sometimes
717,59181,c2ab62ae-edae-4c42-a4bc-491dc033d283,m,14-null,3.175342466,angry4,happy6,Happy_1_pause_2,option2,,Sometimes,Sometimes,Sometimes
718,59181,c2ab62ae-edae-4c42-a4bc-491dc033d283,m,16-null,3.175342466,angry5_2,happy3_2,Angry_1_pause_2,option1,,Sometimes,Sometimes,Sometimes
719,59181,c2ab62ae-edae-4c42-a4bc-491dc033d283,m,17-null,3.175342466,happy1,angry5_2,Happy_2_pause_2,option1,,Sometimes,Sometimes,Sometimes
720,59181,c2ab62ae-edae-4c42-a4bc-491dc033d283,m,18-null,3.175342466,scared6,happy2,Happy_1_pause_2,option1,,Sometimes,Sometimes,Sometimes
721,59181,c2ab62ae-edae-4c42-a4bc-491dc033d283,m,19-null,3.175342466,angry1_2,scared2,Angry_2_pause_2,option1,,Sometimes,Sometimes,Sometimes
722,59181,c2ab62ae-edae-4c42-a4bc-491dc033d283,m,20-null,3.175342466,sad5,angry6,Angry_2_pause_2,option2,,Sometimes,Sometimes,Sometimes
723,59181,c2ab62ae-edae-4c42-a4bc-491dc033d283,m,21-null,3.175342466,angry2,sad3,Angry_2_pause_2,option1,,Sometimes,Sometimes,Sometimes
724,59181,c2ab62ae-edae-4c42-a4bc-491dc033d283,m,22-null,3.175342466,sad5,happy6,Sad_2_pause_2,option1,,Sometimes,Sometimes,Sometimes
725,59181,c2ab62ae-edae-4c42-a4bc-491dc033d283,m,23-null,3.175342466,sad6,scared1,Sad_1_pause_2,option2,,Sometimes,Sometimes,Sometimes
726,59181,c2ab62ae-edae-4c42-a4bc-491dc033d283,m,24-null,3.175342466,sad2_2,angry1_2,Sad_1_pause_2,option1,,Sometimes,Sometimes,Sometimes
727,59181,c2ab62ae-edae-4c42-a4bc-491dc033d283,m,25-null,3.175342466,sad4,scared4,Sad_2_pause_2,option1,,Sometimes,Sometimes,Sometimes
728,59181,c2ab62ae-edae-4c42-a4bc-491dc033d283,m,26-null,3.175342466,angry2,sad1_2,Sad_1_pause_2,option2,,Sometimes,Sometimes,Sometimes
729,59181,c2ab62ae-edae-4c42-a4bc-491dc033d283,m,27-null,3.175342466,happy4,scared3,Happy_2_pause_2,option2,,Sometimes,Sometimes,Sometimes
730,59181,c2ab62ae-edae-4c42-a4bc-491dc033d283,m,28-null,3.175342466,happy2,scared4,Scared_1_pause_2,option2,,Sometimes,Sometimes,Sometimes
731,59181,c2ab62ae-edae-4c42-a4bc-491dc033d283,m,29-null,3.175342466,sad4,happy3_2,Happy_2_pause_2,option2,,Sometimes,Sometimes,Sometimes
732,59181,c2ab62ae-edae-4c42-a4bc-491dc033d283,m,30-null,3.175342466,angry4,scared5,Angry_1_pause_2,option1,,Sometimes,Sometimes,Sometimes
733,59181,c2ab62ae-edae-4c42-a4bc-491dc033d283,m,31-null,3.175342466,scared3,happy1,Scared_1_pause_2,option1,,Sometimes,Sometimes,Sometimes
734,59181,c2ab62ae-edae-4c42-a4bc-491dc033d283,m,32-null,3.175342466,scared6,angry6,Scared_2_pause_2,option1,,Sometimes,Sometimes,Sometimes
735,59181,c2ab62ae-edae-4c42-a4bc-491dc033d283,m,33-null,3.175342466,sad3,happy4,Sad_2_pause_2,option1,,Sometimes,Sometimes,Sometimes
736,59181,c2ab62ae-edae-4c42-a4bc-491dc033d283,m,34-null,3.175342466,happy5,sad1_2,Happy_1_pause_2,option1,,Sometimes,Sometimes,Sometimes
737,59255,4fbcfc38-6d1f-49e8-a213-643f6cb6028f,m,11-null,2.038356164,angry4,happy6,Angry_1_pause_2,option1,en,Sometimes,Sometimes,Sometimes
738,59255,4fbcfc38-6d1f-49e8-a213-643f6cb6028f,m,12-null,2.038356164,scared3,sad4,Scared_1_pause_2,option1,en,Sometimes,Sometimes,Sometimes
739,59255,4fbcfc38-6d1f-49e8-a213-643f6cb6028f,m,13-null,2.038356164,angry1_2,happy4,Angry_2_pause_2,option1,en,Sometimes,Sometimes,Sometimes
740,59255,4fbcfc38-6d1f-49e8-a213-643f6cb6028f,m,14-null,2.038356164,angry6,sad4,Sad_1_pause_2,option1,en,Sometimes,Sometimes,Sometimes
741,59255,4fbcfc38-6d1f-49e8-a213-643f6cb6028f,m,16-null,2.038356164,scared6,happy1,Happy_1_pause_2,option1,en,Sometimes,Sometimes,Sometimes
742,59255,4fbcfc38-6d1f-49e8-a213-643f6cb6028f,m,17-null,2.038356164,scared2,sad1_2,Scared_1_pause_2,option1,en,Sometimes,Sometimes,Sometimes
743,59255,4fbcfc38-6d1f-49e8-a213-643f6cb6028f,m,18-null,2.038356164,angry4,scared1,Scared_2_pause_2,option1,en,Sometimes,Sometimes,Sometimes
744,59255,4fbcfc38-6d1f-49e8-a213-643f6cb6028f,m,19-null,2.038356164,angry3,happy6,Happy_1_pause_2,option1,en,Sometimes,Sometimes,Sometimes
745,59255,4fbcfc38-6d1f-49e8-a213-643f6cb6028f,m,20-null,2.038356164,sad5,happy2,Happy_2_pause_2,option2,en,Sometimes,Sometimes,Sometimes
746,59255,4fbcfc38-6d1f-49e8-a213-643f6cb6028f,m,21-null,2.038356164,happy5,scared5,Scared_2_pause_2,option2,en,Sometimes,Sometimes,Sometimes
747,59255,4fbcfc38-6d1f-49e8-a213-643f6cb6028f,m,22-null,2.038356164,sad2_2,angry6,Angry_2_pause_2,option1,en,Sometimes,Sometimes,Sometimes
748,59255,4fbcfc38-6d1f-49e8-a213-643f6cb6028f,m,23-null,2.038356164,scared4,angry5_2,Angry_1_pause_2,option1,en,Sometimes,Sometimes,Sometimes
749,59255,4fbcfc38-6d1f-49e8-a213-643f6cb6028f,m,24-null,2.038356164,sad2_2,happy2,Sad_2_pause_2,option2,en,Sometimes,Sometimes,Sometimes
750,59255,4fbcfc38-6d1f-49e8-a213-643f6cb6028f,m,25-null,2.038356164,sad6,angry3,Angry_2_pause_2,option1,en,Sometimes,Sometimes,Sometimes
751,59255,4fbcfc38-6d1f-49e8-a213-643f6cb6028f,m,26-null,2.038356164,sad3,happy4,Happy_1_pause_2,option1,en,Sometimes,Sometimes,Sometimes
752,59255,4fbcfc38-6d1f-49e8-a213-643f6cb6028f,m,27-null,2.038356164,angry2,happy3_2,Happy_2_pause_2,option1,en,Sometimes,Sometimes,Sometimes
753,59255,4fbcfc38-6d1f-49e8-a213-643f6cb6028f,m,28-null,2.038356164,happy1,sad6,Sad_1_pause_2,option1,en,Sometimes,Sometimes,Sometimes
754,59255,4fbcfc38-6d1f-49e8-a213-643f6cb6028f,m,29-null,2.038356164,scared1,happy5,Happy_2_pause_2,option1,en,Sometimes,Sometimes,Sometimes
755,59255,4fbcfc38-6d1f-49e8-a213-643f6cb6028f,m,30-null,2.038356164,angry5_2,sad1_2,Sad_1_pause_2,option1,en,Sometimes,Sometimes,Sometimes
756,59255,4fbcfc38-6d1f-49e8-a213-643f6cb6028f,m,31-null,2.038356164,scared2,sad5,Sad_2_pause_2,option1,en,Sometimes,Sometimes,Sometimes
757,59255,4fbcfc38-6d1f-49e8-a213-643f6cb6028f,m,32-null,2.038356164,scared3,angry2,Angry_1_pause_2,option1,en,Sometimes,Sometimes,Sometimes
758,59255,4fbcfc38-6d1f-49e8-a213-643f6cb6028f,m,33-null,2.038356164,sad3,scared5,Sad_2_pause_2,option1,en,Sometimes,Sometimes,Sometimes
759,59255,4fbcfc38-6d1f-49e8-a213-643f6cb6028f,m,34-null,2.038356164,scared4,angry1_2,Scared_2_pause_2,option1,en,Sometimes,Sometimes,Sometimes
760,59257,48b44865-d754-4ec1-8a62-77defa547aba,f,11-null,3.495890411,scared3,angry5_2,Angry_1_pause_2,option2,en,Sometimes,Sometimes,Sometimes
761,59257,48b44865-d754-4ec1-8a62-77defa547aba,f,12-null,3.495890411,scared6,sad2_2,Sad_2_pause_2,option2,en,Sometimes,Sometimes,Sometimes
762,59257,48b44865-d754-4ec1-8a62-77defa547aba,f,13-null,3.495890411,sad6,scared6,Scared_1_pause_2,option2,en,Sometimes,Sometimes,Sometimes
763,59257,48b44865-d754-4ec1-8a62-77defa547aba,f,14-null,3.495890411,angry6,scared4,Scared_2_pause_2,option2,en,Sometimes,Sometimes,Sometimes
764,59257,48b44865-d754-4ec1-8a62-77defa547aba,f,16-null,3.495890411,angry5_2,scared1,Scared_1_pause_2,option2,en,Sometimes,Sometimes,Sometimes
765,59257,48b44865-d754-4ec1-8a62-77defa547aba,f,17-null,3.495890411,sad6,happy2,Sad_1_pause_2,option1,en,Sometimes,Sometimes,Sometimes
766,59257,48b44865-d754-4ec1-8a62-77defa547aba,f,18-null,3.495890411,scared2,angry3,Angry_2_pause_2,option2,en,Sometimes,Sometimes,Sometimes
767,59257,48b44865-d754-4ec1-8a62-77defa547aba,f,19-null,3.495890411,scared5,happy5,Happy_2_pause_2,option2,en,Sometimes,Sometimes,Sometimes
768,59257,48b44865-d754-4ec1-8a62-77defa547aba,f,20-null,3.495890411,angry1_2,happy1,Angry_1_pause_2,option1,en,Sometimes,Sometimes,Sometimes
769,59257,48b44865-d754-4ec1-8a62-77defa547aba,f,21-null,3.495890411,angry1_2,sad1_2,Sad_2_pause_2,option2,en,Sometimes,Sometimes,Sometimes
770,59257,48b44865-d754-4ec1-8a62-77defa547aba,f,22-null,3.495890411,sad4,happy6,Sad_1_pause_2,option1,en,Sometimes,Sometimes,Sometimes
771,59257,48b44865-d754-4ec1-8a62-77defa547aba,f,23-null,3.495890411,angry4,happy3_2,Angry_2_pause_2,option1,en,Sometimes,Sometimes,Sometimes
772,59257,48b44865-d754-4ec1-8a62-77defa547aba,f,24-null,3.495890411,happy5,scared2,Scared_2_pause_2,option2,en,Sometimes,Sometimes,Sometimes
773,59257,48b44865-d754-4ec1-8a62-77defa547aba,f,25-null,3.495890411,sad3,angry2,Sad_2_pause_2,option1,en,Sometimes,Sometimes,Sometimes
774,59257,48b44865-d754-4ec1-8a62-77defa547aba,f,26-null,3.495890411,scared5,sad3,Scared_1_pause_2,option1,en,Sometimes,Sometimes,Sometimes
775,59257,48b44865-d754-4ec1-8a62-77defa547aba,f,27-null,3.495890411,angry4,happy1,Happy_1_pause_2,option2,en,Sometimes,Sometimes,Sometimes
776,59257,48b44865-d754-4ec1-8a62-77defa547aba,f,28-null,3.495890411,sad4,angry2,Angry_2_pause_2,option2,en,Sometimes,Sometimes,Sometimes
777,59257,48b44865-d754-4ec1-8a62-77defa547aba,f,29-null,3.495890411,happy6,sad5,Happy_2_pause_2,option1,en,Sometimes,Sometimes,Sometimes
778,59257,48b44865-d754-4ec1-8a62-77defa547aba,f,30-null,3.495890411,sad2_2,happy4,Happy_1_pause_2,option2,en,Sometimes,Sometimes,Sometimes
779,59257,48b44865-d754-4ec1-8a62-77defa547aba,f,31-null,3.495890411,scared4,happy2,Happy_2_pause_2,option2,en,Sometimes,Sometimes,Sometimes
780,59257,48b44865-d754-4ec1-8a62-77defa547aba,f,32-null,3.495890411,sad1_2,angry6,Angry_1_pause_2,option2,en,Sometimes,Sometimes,Sometimes
781,59257,48b44865-d754-4ec1-8a62-77defa547aba,f,33-null,3.495890411,scared3,happy4,Scared_2_pause_2,option1,en,Sometimes,Sometimes,Sometimes
782,59257,48b44865-d754-4ec1-8a62-77defa547aba,f,34-null,3.495890411,scared1,sad5,Sad_1_pause_2,option2,en,Sometimes,Sometimes,Sometimes
783,59259,93c3af40-dec4-455c-a313-a25724a92027,f,11-null,3.578082192,happy2,angry6,Happy_2_pause_2,option2,en,Often,Rarely,Sometimes
784,59259,93c3af40-dec4-455c-a313-a25724a92027,f,12-null,3.578082192,sad6,happy2,Sad_2_pause_2,option1,en,Often,Rarely,Sometimes
785,59259,93c3af40-dec4-455c-a313-a25724a92027,f,13-null,3.578082192,scared6,happy4,Scared_1_pause_2,option1,en,Often,Rarely,Sometimes
786,59259,93c3af40-dec4-455c-a313-a25724a92027,f,14-null,3.578082192,scared4,angry3,Scared_1_pause_2,option2,en,Often,Rarely,Sometimes
787,59259,93c3af40-dec4-455c-a313-a25724a92027,f,16-null,3.578082192,scared2,sad4,Scared_1_pause_2,option1,en,Often,Rarely,Sometimes
788,59259,93c3af40-dec4-455c-a313-a25724a92027,f,17-null,3.578082192,happy4,angry2,Happy_2_pause_2,option1,en,Often,Rarely,Sometimes
789,59259,93c3af40-dec4-455c-a313-a25724a92027,f,18-null,3.578082192,angry1_2,sad3,Sad_2_pause_2,option1,en,Often,Rarely,Sometimes
790,59259,93c3af40-dec4-455c-a313-a25724a92027,f,19-null,3.578082192,scared1,happy5,Happy_1_pause_2,option2,en,Often,Rarely,Sometimes
791,59259,93c3af40-dec4-455c-a313-a25724a92027,f,20-null,3.578082192,happy6,sad1_2,Happy_2_pause_2,option1,en,Often,Rarely,Sometimes
792,59259,93c3af40-dec4-455c-a313-a25724a92027,f,21-null,3.578082192,sad5,happy6,Sad_1_pause_2,option1,en,Often,Rarely,Sometimes
793,59259,93c3af40-dec4-455c-a313-a25724a92027,f,22-null,3.578082192,angry5_2,scared3,Scared_2_pause_2,option2,en,Often,Rarely,Sometimes
794,59259,93c3af40-dec4-455c-a313-a25724a92027,f,23-null,3.578082192,scared2,sad4,Sad_2_pause_2,option2,en,Often,Rarely,Sometimes
795,59259,93c3af40-dec4-455c-a313-a25724a92027,f,24-null,3.578082192,scared6,happy1,Happy_1_pause_2,I_dont_know,en,Often,Rarely,Sometimes
796,59259,93c3af40-dec4-455c-a313-a25724a92027,f,25-null,3.578082192,scared4,sad2_2,Sad_1_pause_2,I_dont_know,en,Often,Rarely,Sometimes
797,59259,93c3af40-dec4-455c-a313-a25724a92027,f,26-null,3.578082192,angry4,sad1_2,Sad_1_pause_2,I_dont_know,en,Often,Rarely,Sometimes
798,59259,93c3af40-dec4-455c-a313-a25724a92027,f,27-null,3.578082192,scared5,angry4,Angry_1_pause_2,I_dont_know,en,Often,Rarely,Sometimes
799,59259,93c3af40-dec4-455c-a313-a25724a92027,f,28-null,3.578082192,scared3,angry5_2,Angry_2_pause_2,I_dont_know,en,Often,Rarely,Sometimes
800,59259,93c3af40-dec4-455c-a313-a25724a92027,f,29-null,3.578082192,angry2,sad5,Angry_1_pause_2,I_dont_know,en,Often,Rarely,Sometimes
801,59259,93c3af40-dec4-455c-a313-a25724a92027,f,30-null,3.578082192,sad3,scared1,Scared_2_pause_2,I_dont_know,en,Often,Rarely,Sometimes
802,59259,93c3af40-dec4-455c-a313-a25724a92027,f,31-null,3.578082192,happy1,angry1_2,Angry_2_pause_2,I_dont_know,en,Often,Rarely,Sometimes
803,59259,93c3af40-dec4-455c-a313-a25724a92027,f,32-null,3.578082192,sad6,angry3,Angry_2_pause_2,I_dont_know,en,Often,Rarely,Sometimes
804,59259,93c3af40-dec4-455c-a313-a25724a92027,f,33-null,3.578082192,scared5,happy5,Scared_2_pause_2,option2,en,Often,Rarely,Sometimes
805,59259,93c3af40-dec4-455c-a313-a25724a92027,f,34-null,3.578082192,happy3_2,sad2_2,Happy_1_pause_2,option2,en,Often,Rarely,Sometimes
806,59260,cac9f745-08a4-4517-a92d-2b182e2c7797,f,11-null,2.449315068,angry4,happy5,Happy_1_pause_2,option2,en,Sometimes,Sometimes,Sometimes
807,59260,cac9f745-08a4-4517-a92d-2b182e2c7797,f,12-null,2.449315068,happy4,sad1_2,Sad_2_pause_2,option2,en,Sometimes,Sometimes,Sometimes
808,59260,cac9f745-08a4-4517-a92d-2b182e2c7797,f,13-null,2.449315068,scared1,sad3,Sad_2_pause_2,option2,en,Sometimes,Sometimes,Sometimes
809,59260,cac9f745-08a4-4517-a92d-2b182e2c7797,f,14-null,2.449315068,angry2,sad6,Sad_1_pause_2,option2,en,Sometimes,Sometimes,Sometimes
810,59260,cac9f745-08a4-4517-a92d-2b182e2c7797,f,16-null,2.449315068,happy1,sad3,Happy_2_pause_2,I_dont_know,en,Sometimes,Sometimes,Sometimes
811,59260,cac9f745-08a4-4517-a92d-2b182e2c7797,f,17-null,2.449315068,happy1,angry3,Angry_2_pause_2,option2,en,Sometimes,Sometimes,Sometimes
812,59260,cac9f745-08a4-4517-a92d-2b182e2c7797,f,18-null,2.449315068,scared6,angry1_2,Angry_1_pause_2,I_dont_know,en,Sometimes,Sometimes,Sometimes
813,59260,cac9f745-08a4-4517-a92d-2b182e2c7797,f,19-null,2.449315068,sad1_2,angry5_2,Angry_1_pause_2,I_dont_know,en,Sometimes,Sometimes,Sometimes
814,59260,cac9f745-08a4-4517-a92d-2b182e2c7797,f,20-null,2.449315068,scared4,sad4,Sad_2_pause_2,option2,en,Sometimes,Sometimes,Sometimes
815,59260,cac9f745-08a4-4517-a92d-2b182e2c7797,f,21-null,2.449315068,sad5,angry5_2,Sad_1_pause_2,I_dont_know,en,Sometimes,Sometimes,Sometimes
816,59260,cac9f745-08a4-4517-a92d-2b182e2c7797,f,22-null,2.449315068,scared3,angry2,Angry_2_pause_2,option1,en,Sometimes,Sometimes,Sometimes
817,59260,cac9f745-08a4-4517-a92d-2b182e2c7797,f,23-null,2.449315068,angry3,scared4,Scared_1_pause_2,option1,en,Sometimes,Sometimes,Sometimes
818,59260,cac9f745-08a4-4517-a92d-2b182e2c7797,f,24-null,2.449315068,happy6,scared5,Scared_2_pause_2,option2,en,Sometimes,Sometimes,Sometimes
819,59260,cac9f745-08a4-4517-a92d-2b182e2c7797,f,25-null,2.449315068,happy2,scared2,Happy_1_pause_2,option1,en,Sometimes,Sometimes,Sometimes
820,59260,cac9f745-08a4-4517-a92d-2b182e2c7797,f,26-null,2.449315068,scared3,angry1_2,Scared_1_pause_2,I_dont_know,en,Sometimes,Sometimes,Sometimes
821,59260,cac9f745-08a4-4517-a92d-2b182e2c7797,f,27-null,2.449315068,scared2,happy5,Scared_1_pause_2,I_dont_know,en,Sometimes,Sometimes,Sometimes
822,59260,cac9f745-08a4-4517-a92d-2b182e2c7797,f,28-null,2.449315068,sad2_2,angry4,Angry_1_pause_2,I_dont_know,en,Sometimes,Sometimes,Sometimes
823,59260,cac9f745-08a4-4517-a92d-2b182e2c7797,f,29-null,2.449315068,scared6,sad6,Scared_2_pause_2,option1,en,Sometimes,Sometimes,Sometimes
824,59260,cac9f745-08a4-4517-a92d-2b182e2c7797,f,30-null,2.449315068,angry6,happy3_2,Angry_2_pause_2,option1,en,Sometimes,Sometimes,Sometimes
825,59260,cac9f745-08a4-4517-a92d-2b182e2c7797,f,31-null,2.449315068,scared5,happy4,Happy_1_pause_2,option1,en,Sometimes,Sometimes,Sometimes
826,59260,cac9f745-08a4-4517-a92d-2b182e2c7797,f,32-null,2.449315068,sad2_2,happy2,Sad_1_pause_2,option1,en,Sometimes,Sometimes,Sometimes
827,59260,cac9f745-08a4-4517-a92d-2b182e2c7797,f,33-null,2.449315068,scared1,sad5,Scared_2_pause_2,option2,en,Sometimes,Sometimes,Sometimes
828,59260,cac9f745-08a4-4517-a92d-2b182e2c7797,f,34-null,2.449315068,happy6,angry6,Happy_2_pause_2,option2,en,Sometimes,Sometimes,Sometimes
829,59263,f2ead81b-96b3-4eb1-b3e9-726e4d986e90,f,11-null,4.556164384,happy2,sad4,Happy_2_pause_2,option1,,Sometimes,Sometimes,Rarely
830,59263,f2ead81b-96b3-4eb1-b3e9-726e4d986e90,f,12-null,4.556164384,sad5,scared5,Sad_1_pause_2,option1,,Sometimes,Sometimes,Rarely
831,59263,f2ead81b-96b3-4eb1-b3e9-726e4d986e90,f,13-null,4.556164384,happy6,angry2,Angry_1_pause_2,option2,,Sometimes,Sometimes,Rarely
832,59263,f2ead81b-96b3-4eb1-b3e9-726e4d986e90,f,14-null,4.556164384,sad1_2,happy5,Sad_1_pause_2,option1,,Sometimes,Sometimes,Rarely
833,59263,f2ead81b-96b3-4eb1-b3e9-726e4d986e90,f,16-null,4.556164384,scared1,sad2_2,Sad_2_pause_2,option2,,Sometimes,Sometimes,Rarely
834,59263,f2ead81b-96b3-4eb1-b3e9-726e4d986e90,f,17-null,4.556164384,scared5,happy2,Scared_2_pause_2,option1,,Sometimes,Sometimes,Rarely
835,59263,f2ead81b-96b3-4eb1-b3e9-726e4d986e90,f,18-null,4.556164384,scared4,angry2,Scared_2_pause_2,option1,,Sometimes,Sometimes,Rarely
836,59263,f2ead81b-96b3-4eb1-b3e9-726e4d986e90,f,19-null,4.556164384,angry5_2,scared6,Angry_2_pause_2,option1,,Sometimes,Sometimes,Rarely
837,59263,f2ead81b-96b3-4eb1-b3e9-726e4d986e90,f,20-null,4.556164384,scared3,happy3_2,Happy_2_pause_2,option2,,Sometimes,Sometimes,Rarely
838,59263,f2ead81b-96b3-4eb1-b3e9-726e4d986e90,f,21-null,4.556164384,angry1_2,scared4,Angry_1_pause_2,option1,,Sometimes,Sometimes,Rarely
839,59263,f2ead81b-96b3-4eb1-b3e9-726e4d986e90,f,22-null,4.556164384,sad3,scared3,Scared_2_pause_2,option2,,Sometimes,Sometimes,Rarely
840,59263,f2ead81b-96b3-4eb1-b3e9-726e4d986e90,f,23-null,4.556164384,happy4,sad5,Happy_1_pause_2,option1,,Sometimes,Sometimes,Rarely
841,59263,f2ead81b-96b3-4eb1-b3e9-726e4d986e90,f,24-null,4.556164384,angry4,scared6,Scared_1_pause_2,option2,,Sometimes,Sometimes,Rarely
842,59263,f2ead81b-96b3-4eb1-b3e9-726e4d986e90,f,25-null,4.556164384,angry6,sad3,Sad_2_pause_2,option2,,Sometimes,Sometimes,Rarely
843,59263,f2ead81b-96b3-4eb1-b3e9-726e4d986e90,f,26-null,4.556164384,sad2_2,scared1,Scared_1_pause_2,option2,,Sometimes,Sometimes,Rarely
844,59263,f2ead81b-96b3-4eb1-b3e9-726e4d986e90,f,27-null,4.556164384,happy1,angry5_2,Happy_2_pause_2,option1,,Sometimes,Sometimes,Rarely
845,59263,f2ead81b-96b3-4eb1-b3e9-726e4d986e90,f,28-null,4.556164384,angry4,sad6,Angry_2_pause_2,option2,,Sometimes,Sometimes,Rarely
846,59263,f2ead81b-96b3-4eb1-b3e9-726e4d986e90,f,29-null,4.556164384,angry3,happy6,Happy_1_pause_2,option2,,Sometimes,Sometimes,Rarely
847,59263,f2ead81b-96b3-4eb1-b3e9-726e4d986e90,f,30-null,4.556164384,angry3,happy4,Angry_1_pause_2,option1,,Sometimes,Sometimes,Rarely
848,59263,f2ead81b-96b3-4eb1-b3e9-726e4d986e90,f,31-null,4.556164384,angry6,sad1_2,Angry_2_pause_2,option1,,Sometimes,Sometimes,Rarely
849,59263,f2ead81b-96b3-4eb1-b3e9-726e4d986e90,f,32-null,4.556164384,sad6,angry1_2,Sad_1_pause_2,option1,,Sometimes,Sometimes,Rarely
850,59263,f2ead81b-96b3-4eb1-b3e9-726e4d986e90,f,33-null,4.556164384,happy1,sad4,Sad_2_pause_2,option2,,Sometimes,Sometimes,Rarely
851,59263,f2ead81b-96b3-4eb1-b3e9-726e4d986e90,f,34-null,4.556164384,scared2,happy3_2,Scared_1_pause_2,option1,,Sometimes,Sometimes,Rarely
852,59453,8681bc65-ddcf-49d9-8c08-10ee80fd5ccc,f,11-null,2.317808219,happy6,scared1,Scared_1_pause_2,option2,en,Often,Often,Often
853,59453,8681bc65-ddcf-49d9-8c08-10ee80fd5ccc,f,12-null,2.317808219,happy5,sad1_2,Happy_2_pause_2,option1,en,Often,Often,Often
854,59453,8681bc65-ddcf-49d9-8c08-10ee80fd5ccc,f,13-null,2.317808219,angry1_2,happy4,Angry_2_pause_2,option1,en,Often,Often,Often
855,59453,8681bc65-ddcf-49d9-8c08-10ee80fd5ccc,f,14-null,2.317808219,scared1,happy4,Happy_1_pause_2,option2,en,Often,Often,Often
856,59453,8681bc65-ddcf-49d9-8c08-10ee80fd5ccc,f,16-null,2.317808219,sad1_2,happy3_2,Sad_2_pause_2,option1,en,Often,Often,Often
857,59453,8681bc65-ddcf-49d9-8c08-10ee80fd5ccc,f,17-null,2.317808219,angry6,scared2,Angry_2_pause_2,option1,en,Often,Often,Often
858,59453,8681bc65-ddcf-49d9-8c08-10ee80fd5ccc,f,18-null,2.317808219,scared6,happy3_2,Happy_1_pause_2,option2,en,Often,Often,Often
859,59453,8681bc65-ddcf-49d9-8c08-10ee80fd5ccc,f,19-null,2.317808219,sad4,scared2,Scared_2_pause_2,option2,en,Often,Often,Often
860,59453,8681bc65-ddcf-49d9-8c08-10ee80fd5ccc,f,20-null,2.317808219,angry1_2,sad3,Sad_1_pause_2,option1,en,Often,Often,Often
861,59453,8681bc65-ddcf-49d9-8c08-10ee80fd5ccc,f,21-null,2.317808219,angry2,sad4,Sad_1_pause_2,option1,en,Often,Often,Often
862,59453,8681bc65-ddcf-49d9-8c08-10ee80fd5ccc,f,22-null,2.317808219,happy2,angry3,Angry_2_pause_2,option2,en,Often,Often,Often
863,59453,8681bc65-ddcf-49d9-8c08-10ee80fd5ccc,f,23-null,2.317808219,angry6,scared6,Scared_1_pause_2,option1,en,Often,Often,Often
864,59453,8681bc65-ddcf-49d9-8c08-10ee80fd5ccc,f,24-null,2.317808219,sad5,happy5,Sad_2_pause_2,option1,en,Often,Often,Often
865,59453,8681bc65-ddcf-49d9-8c08-10ee80fd5ccc,f,25-null,2.317808219,angry2,scared3,Angry_1_pause_2,option1,en,Often,Often,Often
866,59453,8681bc65-ddcf-49d9-8c08-10ee80fd5ccc,f,26-null,2.317808219,sad2_2,angry5_2,Angry_1_pause_2,option2,en,Often,Often,Often
867,59453,8681bc65-ddcf-49d9-8c08-10ee80fd5ccc,f,27-null,2.317808219,happy1,scared5,Scared_2_pause_2,option2,en,Often,Often,Often
868,59453,8681bc65-ddcf-49d9-8c08-10ee80fd5ccc,f,28-null,2.317808219,happy1,angry4,Happy_2_pause_2,option1,en,Often,Often,Often
869,59453,8681bc65-ddcf-49d9-8c08-10ee80fd5ccc,f,29-null,2.317808219,scared4,sad6,Sad_2_pause_2,option1,en,Often,Often,Often
870,59453,8681bc65-ddcf-49d9-8c08-10ee80fd5ccc,f,30-null,2.317808219,scared5,sad2_2,Sad_1_pause_2,option1,en,Often,Often,Often
871,59453,8681bc65-ddcf-49d9-8c08-10ee80fd5ccc,f,31-null,2.317808219,happy2,sad5,Happy_1_pause_2,option1,en,Often,Often,Often
872,59453,8681bc65-ddcf-49d9-8c08-10ee80fd5ccc,f,32-null,2.317808219,angry4,sad3,Angry_1_pause_2,option1,en,Often,Often,Often
873,59453,8681bc65-ddcf-49d9-8c08-10ee80fd5ccc,f,33-null,2.317808219,scared4,sad6,Scared_2_pause_2,option1,en,Often,Often,Often
874,59453,8681bc65-ddcf-49d9-8c08-10ee80fd5ccc,f,34-null,2.317808219,angry5_2,scared3,Scared_1_pause_2,option1,en,Often,Often,Often
875,59459,bc46b868-9b12-42ed-b39f-9d0fe3ed33be,f,11-null,2.394520548,scared4,sad1_2,Scared_2_pause_2,option1,en,Rarely,Never,Never
876,59459,bc46b868-9b12-42ed-b39f-9d0fe3ed33be,f,12-null,2.394520548,sad5,happy6,Sad_2_pause_2,option1,en,Rarely,Never,Never
877,59459,bc46b868-9b12-42ed-b39f-9d0fe3ed33be,f,13-null,2.394520548,scared3,happy1,Happy_1_pause_2,option2,en,Rarely,Never,Never
878,59459,bc46b868-9b12-42ed-b39f-9d0fe3ed33be,f,14-null,2.394520548,sad3,angry6,Angry_2_pause_2,option2,en,Rarely,Never,Never
879,59459,bc46b868-9b12-42ed-b39f-9d0fe3ed33be,f,16-null,2.394520548,sad5,angry5_2,Angry_1_pause_2,option2,en,Rarely,Never,Never
880,59459,bc46b868-9b12-42ed-b39f-9d0fe3ed33be,f,17-null,2.394520548,sad6,happy6,Happy_2_pause_2,option2,en,Rarely,Never,Never
881,59459,bc46b868-9b12-42ed-b39f-9d0fe3ed33be,f,18-null,2.394520548,happy3_2,scared2,Happy_1_pause_2,option1,en,Rarely,Never,Never
882,59459,bc46b868-9b12-42ed-b39f-9d0fe3ed33be,f,19-null,2.394520548,happy5,sad2_2,Happy_1_pause_2,option2,en,Rarely,Never,Never
883,59459,bc46b868-9b12-42ed-b39f-9d0fe3ed33be,f,20-null,2.394520548,angry6,scared1,Scared_1_pause_2,option1,en,Rarely,Never,Never
884,59459,bc46b868-9b12-42ed-b39f-9d0fe3ed33be,f,21-null,2.394520548,happy1,scared2,Scared_1_pause_2,option2,en,Rarely,Never,Never
885,59459,bc46b868-9b12-42ed-b39f-9d0fe3ed33be,f,22-null,2.394520548,happy2,angry3,Happy_2_pause_2,option2,en,Rarely,Never,Never
886,59459,bc46b868-9b12-42ed-b39f-9d0fe3ed33be,f,23-null,2.394520548,scared5,happy2,Scared_2_pause_2,option1,en,Rarely,Never,Never
887,59459,bc46b868-9b12-42ed-b39f-9d0fe3ed33be,f,24-null,2.394520548,happy4,angry2,Happy_2_pause_2,option1,en,Rarely,Never,Never
888,59459,bc46b868-9b12-42ed-b39f-9d0fe3ed33be,f,25-null,2.394520548,angry5_2,sad1_2,Sad_2_pause_2,option2,en,Rarely,Never,Never
889,59459,bc46b868-9b12-42ed-b39f-9d0fe3ed33be,f,26-null,2.394520548,sad2_2,angry1_2,Sad_1_pause_2,option1,en,Rarely,Never,Never
890,59459,bc46b868-9b12-42ed-b39f-9d0fe3ed33be,f,27-null,2.394520548,angry1_2,scared4,Angry_2_pause_2,option2,en,Rarely,Never,Never
891,59459,bc46b868-9b12-42ed-b39f-9d0fe3ed33be,f,28-null,2.394520548,scared3,sad4,Scared_1_pause_2,option1,en,Rarely,Never,Never
892,59459,bc46b868-9b12-42ed-b39f-9d0fe3ed33be,f,29-null,2.394520548,scared6,angry4,Scared_2_pause_2,option2,en,Rarely,Never,Never
893,59459,bc46b868-9b12-42ed-b39f-9d0fe3ed33be,f,30-null,2.394520548,sad6,scared6,Sad_1_pause_2,option2,en,Rarely,Never,Never
894,59459,bc46b868-9b12-42ed-b39f-9d0fe3ed33be,f,31-null,2.394520548,sad3,happy4,Sad_2_pause_2,option1,en,Rarely,Never,Never
895,59459,bc46b868-9b12-42ed-b39f-9d0fe3ed33be,f,32-null,2.394520548,scared1,sad4,Sad_1_pause_2,option1,en,Rarely,Never,Never
896,59459,bc46b868-9b12-42ed-b39f-9d0fe3ed33be,f,33-null,2.394520548,scared5,angry3,Angry_1_pause_2,option2,en,Rarely,Never,Never
897,59459,bc46b868-9b12-42ed-b39f-9d0fe3ed33be,f,34-null,2.394520548,happy5,angry4,Angry_2_pause_2,option1,en,Rarely,Never,Never
898,59540,4e76c416-d371-46a0-99ce-cb052c981e70,f,11-null,2.556164384,happy3_2,scared3,Scared_2_pause_2,option2,en,Often,Rarely,Rarely
899,59540,4e76c416-d371-46a0-99ce-cb052c981e70,f,12-null,2.556164384,sad5,scared2,Sad_1_pause_2,option1,en,Often,Rarely,Rarely
900,59540,4e76c416-d371-46a0-99ce-cb052c981e70,f,13-null,2.556164384,happy6,scared3,Happy_1_pause_2,option1,en,Often,Rarely,Rarely
901,59540,4e76c416-d371-46a0-99ce-cb052c981e70,f,14-null,2.556164384,sad6,angry5_2,Sad_2_pause_2,option2,en,Often,Rarely,Rarely
902,59540,4e76c416-d371-46a0-99ce-cb052c981e70,f,16-null,2.556164384,angry4,happy1,Happy_2_pause_2,option1,en,Often,Rarely,Rarely
903,59540,4e76c416-d371-46a0-99ce-cb052c981e70,f,17-null,2.556164384,happy4,scared4,Scared_1_pause_2,option2,en,Often,Rarely,Rarely
904,59540,4e76c416-d371-46a0-99ce-cb052c981e70,f,18-null,2.556164384,sad1_2,angry2,Sad_1_pause_2,option1,en,Often,Rarely,Rarely
905,59540,4e76c416-d371-46a0-99ce-cb052c981e70,f,19-null,2.556164384,scared1,angry6,Scared_2_pause_2,option1,en,Often,Rarely,Rarely
906,59540,4e76c416-d371-46a0-99ce-cb052c981e70,f,20-null,2.556164384,scared5,angry3,Scared_1_pause_2,option2,en,Often,Rarely,Rarely
907,59540,4e76c416-d371-46a0-99ce-cb052c981e70,f,21-null,2.556164384,sad2_2,happy2,Sad_1_pause_2,option1,en,Often,Rarely,Rarely
908,59540,4e76c416-d371-46a0-99ce-cb052c981e70,f,22-null,2.556164384,angry2,sad2_2,Angry_1_pause_2,option1,en,Often,Rarely,Rarely
909,59540,4e76c416-d371-46a0-99ce-cb052c981e70,f,23-null,2.556164384,happy1,angry1_2,Angry_2_pause_2,option2,en,Often,Rarely,Rarely
910,59540,4e76c416-d371-46a0-99ce-cb052c981e70,f,24-null,2.556164384,angry1_2,happy4,Happy_2_pause_2,option1,en,Often,Rarely,Rarely
911,59540,4e76c416-d371-46a0-99ce-cb052c981e70,f,25-null,2.556164384,scared6,angry5_2,Angry_2_pause_2,option1,en,Often,Rarely,Rarely
912,59540,4e76c416-d371-46a0-99ce-cb052c981e70,f,26-null,2.556164384,angry3,scared4,Angry_2_pause_2,option1,en,Often,Rarely,Rarely
913,59540,4e76c416-d371-46a0-99ce-cb052c981e70,f,27-null,2.556164384,happy3_2,sad6,Happy_1_pause_2,I_dont_know,en,Often,Rarely,Rarely
914,59540,4e76c416-d371-46a0-99ce-cb052c981e70,f,28-null,2.556164384,sad4,happy5,Happy_1_pause_2,option2,en,Often,Rarely,Rarely
915,59540,4e76c416-d371-46a0-99ce-cb052c981e70,f,29-null,2.556164384,sad1_2,scared6,Scared_2_pause_2,option1,en,Often,Rarely,Rarely
916,59540,4e76c416-d371-46a0-99ce-cb052c981e70,f,30-null,2.556164384,scared2,sad3,Scared_1_pause_2,option1,en,Often,Rarely,Rarely
917,59540,4e76c416-d371-46a0-99ce-cb052c981e70,f,31-null,2.556164384,happy2,scared1,Happy_2_pause_2,option2,en,Often,Rarely,Rarely
918,59540,4e76c416-d371-46a0-99ce-cb052c981e70,f,32-null,2.556164384,scared5,sad3,Sad_2_pause_2,option2,en,Often,Rarely,Rarely
919,59540,4e76c416-d371-46a0-99ce-cb052c981e70,f,33-null,2.556164384,sad4,happy6,Sad_2_pause_2,option1,en,Often,Rarely,Rarely
920,59540,4e76c416-d371-46a0-99ce-cb052c981e70,f,34-null,2.556164384,happy5,angry4,Angry_1_pause_2,option2,en,Often,Rarely,Rarely
921,59553,7f92d8cb-564f-4fe5-9eb8-a8c7d74b12b5,m,11-null,2.375342466,scared5,angry5_2,Scared_2_pause_2,option2,en,NA,NA,NA
922,59553,7f92d8cb-564f-4fe5-9eb8-a8c7d74b12b5,m,12-null,2.375342466,angry1_2,scared6,Angry_2_pause_2,option2,en,NA,NA,NA
923,59553,7f92d8cb-564f-4fe5-9eb8-a8c7d74b12b5,m,13-null,2.375342466,sad6,scared3,Sad_2_pause_2,option1,en,NA,NA,NA
924,59553,7f92d8cb-564f-4fe5-9eb8-a8c7d74b12b5,m,14-null,2.375342466,sad2_2,angry4,Sad_1_pause_2,option1,en,NA,NA,NA
925,59553,7f92d8cb-564f-4fe5-9eb8-a8c7d74b12b5,m,16-null,2.375342466,angry6,scared3,Scared_1_pause_2,option1,en,NA,NA,NA
926,59553,7f92d8cb-564f-4fe5-9eb8-a8c7d74b12b5,m,17-null,2.375342466,happy4,scared2,Scared_1_pause_2,option1,en,NA,NA,NA
927,59553,7f92d8cb-564f-4fe5-9eb8-a8c7d74b12b5,m,18-null,2.375342466,sad6,angry6,Angry_1_pause_2,option2,en,NA,NA,NA
928,59553,7f92d8cb-564f-4fe5-9eb8-a8c7d74b12b5,m,19-null,2.375342466,happy5,sad3,Sad_1_pause_2,option2,en,NA,NA,NA
929,59553,7f92d8cb-564f-4fe5-9eb8-a8c7d74b12b5,m,20-null,2.375342466,scared1,angry3,Angry_2_pause_2,option2,en,NA,NA,NA
930,59553,7f92d8cb-564f-4fe5-9eb8-a8c7d74b12b5,m,21-null,2.375342466,happy1,angry5_2,Angry_2_pause_2,option2,en,NA,NA,NA
931,59553,7f92d8cb-564f-4fe5-9eb8-a8c7d74b12b5,m,22-null,2.375342466,happy6,angry4,Angry_1_pause_2,option2,en,NA,NA,NA
932,59553,7f92d8cb-564f-4fe5-9eb8-a8c7d74b12b5,m,23-null,2.375342466,sad3,happy3_2,Happy_2_pause_2,option2,en,NA,NA,NA
933,59553,7f92d8cb-564f-4fe5-9eb8-a8c7d74b12b5,m,24-null,2.375342466,angry2,sad5,Sad_1_pause_2,option2,en,NA,NA,NA
934,59553,7f92d8cb-564f-4fe5-9eb8-a8c7d74b12b5,m,25-null,2.375342466,sad4,scared2,Sad_2_pause_2,option2,en,NA,NA,NA
935,59553,7f92d8cb-564f-4fe5-9eb8-a8c7d74b12b5,m,26-null,2.375342466,angry1_2,happy5,Happy_1_pause_2,I_dont_know,en,NA,NA,NA
936,59553,7f92d8cb-564f-4fe5-9eb8-a8c7d74b12b5,m,27-null,2.375342466,happy4,sad1_2,Happy_2_pause_2,option2,en,NA,NA,NA
937,59553,7f92d8cb-564f-4fe5-9eb8-a8c7d74b12b5,m,28-null,2.375342466,angry3,happy1,Happy_2_pause_2,I_dont_know,en,NA,NA,NA
938,59553,7f92d8cb-564f-4fe5-9eb8-a8c7d74b12b5,m,29-null,2.375342466,sad2_2,scared1,Scared_2_pause_2,option1,en,NA,NA,NA
939,59553,7f92d8cb-564f-4fe5-9eb8-a8c7d74b12b5,m,30-null,2.375342466,happy2,scared4,Scared_2_pause_2,option2,en,NA,NA,NA
940,59586,59d15f82-ee57-4d43-b86a-ccbab9c31408,f,11-null,2.378082192,angry2,sad3,Sad_1_pause_2,option2,en,Sometimes,Rarely,Rarely
941,59586,59d15f82-ee57-4d43-b86a-ccbab9c31408,f,12-null,2.378082192,happy5,scared3,Happy_1_pause_2,option1,en,Sometimes,Rarely,Rarely
942,59586,59d15f82-ee57-4d43-b86a-ccbab9c31408,f,13-null,2.378082192,happy1,scared1,Scared_2_pause_2,option2,en,Sometimes,Rarely,Rarely
943,59586,59d15f82-ee57-4d43-b86a-ccbab9c31408,f,14-null,2.378082192,sad1_2,angry4,Angry_1_pause_2,option2,en,Sometimes,Rarely,Rarely
944,59586,59d15f82-ee57-4d43-b86a-ccbab9c31408,f,16-null,2.378082192,sad2_2,happy4,Happy_2_pause_2,option2,en,Sometimes,Rarely,Rarely
945,59586,59d15f82-ee57-4d43-b86a-ccbab9c31408,f,17-null,2.378082192,angry2,happy3_2,Angry_1_pause_2,option1,en,Sometimes,Rarely,Rarely
946,59586,59d15f82-ee57-4d43-b86a-ccbab9c31408,f,18-null,2.378082192,happy2,angry6,Angry_2_pause_2,option2,en,Sometimes,Rarely,Rarely
947,59586,59d15f82-ee57-4d43-b86a-ccbab9c31408,f,19-null,2.378082192,sad4,happy6,Sad_1_pause_2,option1,en,Sometimes,Rarely,Rarely
948,59586,59d15f82-ee57-4d43-b86a-ccbab9c31408,f,20-null,2.378082192,happy5,scared3,Scared_2_pause_2,option2,en,Sometimes,Rarely,Rarely
949,59586,59d15f82-ee57-4d43-b86a-ccbab9c31408,f,21-null,2.378082192,angry3,scared4,Angry_2_pause_2,option1,en,Sometimes,Rarely,Rarely
950,59586,59d15f82-ee57-4d43-b86a-ccbab9c31408,f,22-null,2.378082192,sad1_2,scared2,Sad_2_pause_2,option2,en,Sometimes,Rarely,Rarely
951,59586,59d15f82-ee57-4d43-b86a-ccbab9c31408,f,23-null,2.378082192,scared5,sad3,Scared_1_pause_2,option1,en,Sometimes,Rarely,Rarely
952,59586,59d15f82-ee57-4d43-b86a-ccbab9c31408,f,24-null,2.378082192,scared6,happy2,Happy_1_pause_2,I_dont_know,en,Sometimes,Rarely,Rarely
953,59586,59d15f82-ee57-4d43-b86a-ccbab9c31408,f,25-null,2.378082192,sad2_2,happy4,Sad_2_pause_2,option1,en,Sometimes,Rarely,Rarely
954,59586,59d15f82-ee57-4d43-b86a-ccbab9c31408,f,26-null,2.378082192,sad4,scared2,Scared_1_pause_2,option2,en,Sometimes,Rarely,Rarely
955,59586,59d15f82-ee57-4d43-b86a-ccbab9c31408,f,27-null,2.378082192,scared5,angry5_2,Angry_2_pause_2,option2,en,Sometimes,Rarely,Rarely
956,59586,59d15f82-ee57-4d43-b86a-ccbab9c31408,f,28-null,2.378082192,scared1,sad6,Sad_1_pause_2,option2,en,Sometimes,Rarely,Rarely
957,59586,59d15f82-ee57-4d43-b86a-ccbab9c31408,f,29-null,2.378082192,angry5_2,happy1,Happy_2_pause_2,option2,en,Sometimes,Rarely,Rarely
958,59586,59d15f82-ee57-4d43-b86a-ccbab9c31408,f,30-null,2.378082192,happy3_2,sad5,Happy_2_pause_2,option1,en,Sometimes,Rarely,Rarely
959,59586,59d15f82-ee57-4d43-b86a-ccbab9c31408,f,31-null,2.378082192,angry1_2,sad6,Angry_1_pause_2,option1,en,Sometimes,Rarely,Rarely
960,59586,59d15f82-ee57-4d43-b86a-ccbab9c31408,f,32-null,2.378082192,happy6,angry6,Happy_1_pause_2,option1,en,Sometimes,Rarely,Rarely
961,59586,59d15f82-ee57-4d43-b86a-ccbab9c31408,f,33-null,2.378082192,angry1_2,sad5,Sad_2_pause_2,option2,en,Sometimes,Rarely,Rarely
962,59586,59d15f82-ee57-4d43-b86a-ccbab9c31408,f,34-null,2.378082192,scared4,angry3,Scared_1_pause_2,I_dont_know,en,Sometimes,Rarely,Rarely
963,59609,d5c87c09-a515-4f4d-bc07-19135e8da928,f,11-null,2.087671233,angry3,happy2,Happy_2_pause_2,option1,en,Sometimes,Sometimes,Sometimes
964,59609,d5c87c09-a515-4f4d-bc07-19135e8da928,f,12-null,2.087671233,scared4,sad2_2,Sad_1_pause_2,option1,en,Sometimes,Sometimes,Sometimes
965,59609,d5c87c09-a515-4f4d-bc07-19135e8da928,f,13-null,2.087671233,happy3_2,sad3,Sad_2_pause_2,option1,en,Sometimes,Sometimes,Sometimes
966,59609,d5c87c09-a515-4f4d-bc07-19135e8da928,f,14-null,2.087671233,angry2,scared1,Scared_2_pause_2,option2,en,Sometimes,Sometimes,Sometimes
967,59609,d5c87c09-a515-4f4d-bc07-19135e8da928,f,16-null,2.087671233,happy6,scared2,Scared_1_pause_2,option1,en,Sometimes,Sometimes,Sometimes
968,59609,d5c87c09-a515-4f4d-bc07-19135e8da928,f,17-null,2.087671233,happy1,scared3,Happy_1_pause_2,option2,en,Sometimes,Sometimes,Sometimes
969,59609,d5c87c09-a515-4f4d-bc07-19135e8da928,f,18-null,2.087671233,scared4,happy5,Scared_1_pause_2,option1,en,Sometimes,Sometimes,Sometimes
970,59609,d5c87c09-a515-4f4d-bc07-19135e8da928,f,19-null,2.087671233,scared6,sad6,Scared_1_pause_2,option1,en,Sometimes,Sometimes,Sometimes
971,59609,d5c87c09-a515-4f4d-bc07-19135e8da928,f,20-null,2.087671233,happy1,angry2,Angry_2_pause_2,option2,en,Sometimes,Sometimes,Sometimes
972,59609,d5c87c09-a515-4f4d-bc07-19135e8da928,f,21-null,2.087671233,scared5,angry4,Angry_2_pause_2,option2,en,Sometimes,Sometimes,Sometimes
973,59609,d5c87c09-a515-4f4d-bc07-19135e8da928,f,22-null,2.087671233,sad4,scared2,Sad_2_pause_2,option1,en,Sometimes,Sometimes,Sometimes
974,59609,d5c87c09-a515-4f4d-bc07-19135e8da928,f,23-null,2.087671233,scared1,angry6,Angry_1_pause_2,option1,en,Sometimes,Sometimes,Sometimes
975,59609,d5c87c09-a515-4f4d-bc07-19135e8da928,f,24-null,2.087671233,happy2,sad6,Sad_1_pause_2,option2,en,Sometimes,Sometimes,Sometimes
976,59609,d5c87c09-a515-4f4d-bc07-19135e8da928,f,25-null,2.087671233,scared5,angry5_2,Scared_2_pause_2,option2,en,Sometimes,Sometimes,Sometimes
977,59609,d5c87c09-a515-4f4d-bc07-19135e8da928,f,26-null,2.087671233,sad4,scared3,Scared_2_pause_2,option1,en,Sometimes,Sometimes,Sometimes
978,59609,d5c87c09-a515-4f4d-bc07-19135e8da928,f,27-null,2.087671233,angry1_2,sad1_2,Sad_2_pause_2,option2,en,Sometimes,Sometimes,Sometimes
979,59609,d5c87c09-a515-4f4d-bc07-19135e8da928,f,28-null,2.087671233,angry1_2,sad1_2,Angry_1_pause_2,option1,en,Sometimes,Sometimes,Sometimes
980,59609,d5c87c09-a515-4f4d-bc07-19135e8da928,f,29-null,2.087671233,happy4,angry3,Angry_2_pause_2,option2,en,Sometimes,Sometimes,Sometimes
981,59609,d5c87c09-a515-4f4d-bc07-19135e8da928,f,30-null,2.087671233,sad3,happy6,Happy_1_pause_2,option1,en,Sometimes,Sometimes,Sometimes
982,59609,d5c87c09-a515-4f4d-bc07-19135e8da928,f,31-null,2.087671233,sad5,angry4,Sad_1_pause_2,option1,en,Sometimes,Sometimes,Sometimes
983,59609,d5c87c09-a515-4f4d-bc07-19135e8da928,f,32-null,2.087671233,sad5,happy4,Happy_2_pause_2,option2,en,Sometimes,Sometimes,Sometimes
984,59609,d5c87c09-a515-4f4d-bc07-19135e8da928,f,33-null,2.087671233,angry5_2,sad2_2,Angry_1_pause_2,option2,en,Sometimes,Sometimes,Sometimes
985,59609,d5c87c09-a515-4f4d-bc07-19135e8da928,f,34-null,2.087671233,happy5,scared6,Happy_1_pause_2,I_dont_know,en,Sometimes,Sometimes,Sometimes
986,59646,891f8000-6ee8-4706-ba78-7589c3b74d00,f,11-null,2.950684932,scared5,angry4,Angry_2_pause_2,option2,en fr,Often,Often,Often
987,59646,891f8000-6ee8-4706-ba78-7589c3b74d00,f,12-null,2.950684932,angry2,happy4,Angry_2_pause_2,option1,en fr,Often,Often,Often
988,59646,891f8000-6ee8-4706-ba78-7589c3b74d00,f,13-null,2.950684932,scared1,sad2_2,Sad_1_pause_2,option2,en fr,Often,Often,Often
989,59646,891f8000-6ee8-4706-ba78-7589c3b74d00,f,14-null,2.950684932,angry6,sad1_2,Angry_1_pause_2,option1,en fr,Often,Often,Often
990,59646,891f8000-6ee8-4706-ba78-7589c3b74d00,f,16-null,2.950684932,happy1,angry5_2,Angry_1_pause_2,option2,en fr,Often,Often,Often
991,59646,891f8000-6ee8-4706-ba78-7589c3b74d00,f,17-null,2.950684932,sad3,happy6,Sad_2_pause_2,option1,en fr,Often,Often,Often
992,59646,891f8000-6ee8-4706-ba78-7589c3b74d00,f,18-null,2.950684932,angry1_2,sad6,Angry_1_pause_2,option1,en fr,Often,Often,Often
993,59646,891f8000-6ee8-4706-ba78-7589c3b74d00,f,19-null,2.950684932,sad5,happy4,Happy_2_pause_2,option2,en fr,Often,Often,Often
994,59646,891f8000-6ee8-4706-ba78-7589c3b74d00,f,20-null,2.950684932,happy5,scared6,Happy_2_pause_2,option1,en fr,Often,Often,Often
995,59646,891f8000-6ee8-4706-ba78-7589c3b74d00,f,21-null,2.950684932,angry3,sad5,Sad_1_pause_2,option2,en fr,Often,Often,Often
996,59646,891f8000-6ee8-4706-ba78-7589c3b74d00,f,22-null,2.950684932,angry2,sad1_2,Sad_2_pause_2,option1,en fr,Often,Often,Often
997,59646,891f8000-6ee8-4706-ba78-7589c3b74d00,f,23-null,2.950684932,sad6,scared2,Sad_2_pause_2,option1,en fr,Often,Often,Often
998,59646,891f8000-6ee8-4706-ba78-7589c3b74d00,f,24-null,2.950684932,angry1_2,scared4,Scared_1_pause_2,option2,en fr,Often,Often,Often
999,59646,891f8000-6ee8-4706-ba78-7589c3b74d00,f,25-null,2.950684932,scared6,happy3_2,Scared_2_pause_2,option1,en fr,Often,Often,Often
1000,59646,891f8000-6ee8-4706-ba78-7589c3b74d00,f,26-null,2.950684932,angry3,scared3,Angry_2_pause_2,option1,en fr,Often,Often,Often
1001,59646,891f8000-6ee8-4706-ba78-7589c3b74d00,f,27-null,2.950684932,scared1,sad3,Scared_2_pause_2,option2,en fr,Often,Often,Often
1002,59646,891f8000-6ee8-4706-ba78-7589c3b74d00,f,28-null,2.950684932,sad4,happy5,Sad_1_pause_2,option1,en fr,Often,Often,Often
1003,59646,891f8000-6ee8-4706-ba78-7589c3b74d00,f,29-null,2.950684932,scared3,sad2_2,Scared_1_pause_2,option1,en fr,Often,Often,Often
1004,59646,891f8000-6ee8-4706-ba78-7589c3b74d00,f,30-null,2.950684932,happy2,angry4,Happy_1_pause_2,option1,en fr,Often,Often,Often
1005,59646,891f8000-6ee8-4706-ba78-7589c3b74d00,f,31-null,2.950684932,sad4,happy3_2,Happy_1_pause_2,option2,en fr,Often,Often,Often
1006,59646,891f8000-6ee8-4706-ba78-7589c3b74d00,f,32-null,2.950684932,scared5,angry6,Scared_1_pause_2,option1,en fr,Often,Often,Often
1007,59646,891f8000-6ee8-4706-ba78-7589c3b74d00,f,33-null,2.950684932,happy1,scared4,Happy_1_pause_2,option1,en fr,Often,Often,Often
1008,59646,891f8000-6ee8-4706-ba78-7589c3b74d00,f,34-null,2.950684932,angry5_2,happy6,Happy_2_pause_2,option2,en fr,Often,Often,Often
1009,59751,5d143351-87c5-4c3d-a78b-eed298502091,m,11-null,4.797260274,sad2_2,angry5_2,Sad_2_pause_2,option1,en ko,Sometimes,Sometimes,Rarely
1010,59751,5d143351-87c5-4c3d-a78b-eed298502091,m,12-null,4.797260274,sad6,happy1,Happy_1_pause_2,option2,en ko,Sometimes,Sometimes,Rarely
1011,59751,5d143351-87c5-4c3d-a78b-eed298502091,m,13-null,4.797260274,scared4,angry2,Scared_1_pause_2,option1,en ko,Sometimes,Sometimes,Rarely
1012,59751,5d143351-87c5-4c3d-a78b-eed298502091,m,14-null,4.797260274,happy2,scared6,Happy_2_pause_2,option1,en ko,Sometimes,Sometimes,Rarely
1013,59751,5d143351-87c5-4c3d-a78b-eed298502091,m,16-null,4.797260274,happy4,angry5_2,Angry_2_pause_2,option2,en ko,Sometimes,Sometimes,Rarely
1014,59751,5d143351-87c5-4c3d-a78b-eed298502091,m,17-null,4.797260274,scared1,sad1_2,Scared_1_pause_2,option1,en ko,Sometimes,Sometimes,Rarely
1015,59751,5d143351-87c5-4c3d-a78b-eed298502091,m,18-null,4.797260274,scared2,angry3,Angry_1_pause_2,option2,en ko,Sometimes,Sometimes,Rarely
1016,59751,5d143351-87c5-4c3d-a78b-eed298502091,m,19-null,4.797260274,happy5,scared1,Happy_1_pause_2,option1,en ko,Sometimes,Sometimes,Rarely
1017,59751,5d143351-87c5-4c3d-a78b-eed298502091,m,20-null,4.797260274,happy5,sad6,Sad_1_pause_2,option2,en ko,Sometimes,Sometimes,Rarely
1018,59751,5d143351-87c5-4c3d-a78b-eed298502091,m,21-null,4.797260274,angry4,happy2,Angry_2_pause_2,option1,en ko,Sometimes,Sometimes,Rarely
1019,59751,5d143351-87c5-4c3d-a78b-eed298502091,m,22-null,4.797260274,scared5,sad4,Sad_1_pause_2,option2,en ko,Sometimes,Sometimes,Rarely
1020,59751,5d143351-87c5-4c3d-a78b-eed298502091,m,23-null,4.797260274,sad3,angry4,Sad_1_pause_2,option1,en ko,Sometimes,Sometimes,Rarely
1021,59751,5d143351-87c5-4c3d-a78b-eed298502091,m,24-null,4.797260274,happy3_2,sad5,Sad_2_pause_2,option2,en ko,Sometimes,Sometimes,Rarely
1022,59751,5d143351-87c5-4c3d-a78b-eed298502091,m,25-null,4.797260274,scared5,happy6,Scared_1_pause_2,option1,en ko,Sometimes,Sometimes,Rarely
1023,59751,5d143351-87c5-4c3d-a78b-eed298502091,m,26-null,4.797260274,angry1_2,scared6,Scared_2_pause_2,option2,en ko,Sometimes,Sometimes,Rarely
1024,59751,5d143351-87c5-4c3d-a78b-eed298502091,m,27-null,4.797260274,scared3,sad1_2,Sad_2_pause_2,option1,en ko,Sometimes,Sometimes,Rarely
1025,59751,5d143351-87c5-4c3d-a78b-eed298502091,m,28-null,4.797260274,scared2,sad3,Scared_2_pause_2,option1,en ko,Sometimes,Sometimes,Rarely
1026,59751,5d143351-87c5-4c3d-a78b-eed298502091,m,29-null,4.797260274,angry1_2,sad5,Angry_1_pause_2,option1,en ko,Sometimes,Sometimes,Rarely
1027,59751,5d143351-87c5-4c3d-a78b-eed298502091,m,30-null,4.797260274,angry6,sad4,Angry_1_pause_2,option1,en ko,Sometimes,Sometimes,Rarely
1028,59751,5d143351-87c5-4c3d-a78b-eed298502091,m,31-null,4.797260274,angry6,happy3_2,Happy_2_pause_2,option2,en ko,Sometimes,Sometimes,Rarely
1029,59751,5d143351-87c5-4c3d-a78b-eed298502091,m,32-null,4.797260274,angry2,scared4,Angry_2_pause_2,option1,en ko,Sometimes,Sometimes,Rarely
1030,59751,5d143351-87c5-4c3d-a78b-eed298502091,m,33-null,4.797260274,happy4,angry3,Happy_2_pause_2,option1,en ko,Sometimes,Sometimes,Rarely
1031,59751,5d143351-87c5-4c3d-a78b-eed298502091,m,34-null,4.797260274,happy6,sad2_2,Happy_1_pause_2,option1,en ko,Sometimes,Sometimes,Rarely
1032,59801,35acb1fb-681c-43a4-8a5a-e8e12529dc3d,f,11-null,4.865753425,angry4,happy3_2,Angry_1_pause_2,option1,,Sometimes,Rarely,Sometimes
1033,59801,35acb1fb-681c-43a4-8a5a-e8e12529dc3d,f,12-null,4.865753425,sad3,scared3,Sad_2_pause_2,option1,,Sometimes,Rarely,Sometimes
1034,59801,35acb1fb-681c-43a4-8a5a-e8e12529dc3d,f,13-null,4.865753425,angry6,scared2,Scared_1_pause_2,option2,,Sometimes,Rarely,Sometimes
1035,59801,35acb1fb-681c-43a4-8a5a-e8e12529dc3d,f,14-null,4.865753425,sad5,scared2,Sad_2_pause_2,option1,,Sometimes,Rarely,Sometimes
1036,59801,35acb1fb-681c-43a4-8a5a-e8e12529dc3d,f,16-null,4.865753425,angry1_2,sad6,Sad_1_pause_2,option2,,Sometimes,Rarely,Sometimes
1037,59801,35acb1fb-681c-43a4-8a5a-e8e12529dc3d,f,17-null,4.865753425,happy1,sad1_2,Sad_2_pause_2,option2,,Sometimes,Rarely,Sometimes
1038,59801,35acb1fb-681c-43a4-8a5a-e8e12529dc3d,f,18-null,4.865753425,angry4,scared3,Scared_2_pause_2,option2,,Sometimes,Rarely,Sometimes
1039,59801,35acb1fb-681c-43a4-8a5a-e8e12529dc3d,f,19-null,4.865753425,scared4,happy4,Scared_1_pause_2,option1,,Sometimes,Rarely,Sometimes
1040,59801,35acb1fb-681c-43a4-8a5a-e8e12529dc3d,f,20-null,4.865753425,scared1,happy6,Scared_1_pause_2,option1,,Sometimes,Rarely,Sometimes
1041,59801,35acb1fb-681c-43a4-8a5a-e8e12529dc3d,f,21-null,4.865753425,sad4,scared6,Scared_2_pause_2,option2,,Sometimes,Rarely,Sometimes
1042,59801,35acb1fb-681c-43a4-8a5a-e8e12529dc3d,f,22-null,4.865753425,happy1,sad1_2,Happy_2_pause_2,option1,,Sometimes,Rarely,Sometimes
1043,59801,35acb1fb-681c-43a4-8a5a-e8e12529dc3d,f,23-null,4.865753425,happy2,scared1,Happy_2_pause_2,option1,,Sometimes,Rarely,Sometimes
1044,59801,35acb1fb-681c-43a4-8a5a-e8e12529dc3d,f,24-null,4.865753425,angry5_2,happy5,Angry_2_pause_2,option1,,Sometimes,Rarely,Sometimes
1045,59801,35acb1fb-681c-43a4-8a5a-e8e12529dc3d,f,25-null,4.865753425,sad2_2,angry2,Angry_1_pause_2,option2,,Sometimes,Rarely,Sometimes
1046,59801,35acb1fb-681c-43a4-8a5a-e8e12529dc3d,f,26-null,4.865753425,angry3,happy6,Happy_1_pause_2,option2,,Sometimes,Rarely,Sometimes
1047,59801,35acb1fb-681c-43a4-8a5a-e8e12529dc3d,f,27-null,4.865753425,angry1_2,sad6,Angry_1_pause_2,option1,,Sometimes,Rarely,Sometimes
1048,59801,35acb1fb-681c-43a4-8a5a-e8e12529dc3d,f,28-null,4.865753425,happy3_2,scared6,Happy_1_pause_2,option1,,Sometimes,Rarely,Sometimes
1049,59801,35acb1fb-681c-43a4-8a5a-e8e12529dc3d,f,29-null,4.865753425,angry3,scared5,Angry_2_pause_2,option1,,Sometimes,Rarely,Sometimes
1050,59801,35acb1fb-681c-43a4-8a5a-e8e12529dc3d,f,30-null,4.865753425,happy4,angry5_2,Happy_1_pause_2,option1,,Sometimes,Rarely,Sometimes
1051,59801,35acb1fb-681c-43a4-8a5a-e8e12529dc3d,f,31-null,4.865753425,happy2,sad4,Sad_1_pause_2,option2,,Sometimes,Rarely,Sometimes
1052,59801,35acb1fb-681c-43a4-8a5a-e8e12529dc3d,f,32-null,4.865753425,angry6,scared4,Angry_2_pause_2,option1,,Sometimes,Rarely,Sometimes
1053,59801,35acb1fb-681c-43a4-8a5a-e8e12529dc3d,f,33-null,4.865753425,sad2_2,angry2,Sad_1_pause_2,option1,,Sometimes,Rarely,Sometimes
1054,59801,35acb1fb-681c-43a4-8a5a-e8e12529dc3d,f,34-null,4.865753425,happy5,sad5,Happy_2_pause_2,option1,,Sometimes,Rarely,Sometimes
1055,59855,589c4636-4aca-4c47-a208-764ac4504595,f,11-null,4.753424658,sad6,happy6,Happy_2_pause_2,option2,en es,Rarely,Rarely,Rarely
1056,59855,589c4636-4aca-4c47-a208-764ac4504595,f,12-null,4.753424658,happy4,sad2_2,Sad_2_pause_2,option2,en es,Rarely,Rarely,Rarely
1057,59855,589c4636-4aca-4c47-a208-764ac4504595,f,13-null,4.753424658,scared1,angry1_2,Angry_1_pause_2,option2,en es,Rarely,Rarely,Rarely
1058,59855,589c4636-4aca-4c47-a208-764ac4504595,f,14-null,4.753424658,angry1_2,scared4,Scared_2_pause_2,option2,en es,Rarely,Rarely,Rarely
1059,59855,589c4636-4aca-4c47-a208-764ac4504595,f,16-null,4.753424658,sad1_2,scared4,Sad_2_pause_2,option1,en es,Rarely,Rarely,Rarely
1060,59855,589c4636-4aca-4c47-a208-764ac4504595,f,17-null,4.753424658,scared5,sad1_2,Scared_1_pause_2,option1,en es,Rarely,Rarely,Rarely
1061,59855,589c4636-4aca-4c47-a208-764ac4504595,f,18-null,4.753424658,happy3_2,sad5,Sad_2_pause_2,option2,en es,Rarely,Rarely,Rarely
1062,59855,589c4636-4aca-4c47-a208-764ac4504595,f,19-null,4.753424658,happy4,sad2_2,Happy_2_pause_2,option1,en es,Rarely,Rarely,Rarely
1063,59855,589c4636-4aca-4c47-a208-764ac4504595,f,20-null,4.753424658,scared3,happy5,Scared_2_pause_2,option1,en es,Rarely,Rarely,Rarely
1064,59855,589c4636-4aca-4c47-a208-764ac4504595,f,21-null,4.753424658,scared3,happy2,Happy_1_pause_2,option2,en es,Rarely,Rarely,Rarely
1065,59855,589c4636-4aca-4c47-a208-764ac4504595,f,22-null,4.753424658,sad6,angry5_2,Sad_1_pause_2,option1,en es,Rarely,Rarely,Rarely
1066,59855,589c4636-4aca-4c47-a208-764ac4504595,f,23-null,4.753424658,happy3_2,angry2,Happy_2_pause_2,option1,en es,Rarely,Rarely,Rarely
1067,59855,589c4636-4aca-4c47-a208-764ac4504595,f,24-null,4.753424658,scared6,happy5,Happy_1_pause_2,option2,en es,Rarely,Rarely,Rarely
1068,59855,589c4636-4aca-4c47-a208-764ac4504595,f,25-null,4.753424658,angry3,sad4,Sad_1_pause_2,option2,en es,Rarely,Rarely,Rarely
1069,59855,589c4636-4aca-4c47-a208-764ac4504595,f,26-null,4.753424658,angry6,sad3,Angry_1_pause_2,option1,en es,Rarely,Rarely,Rarely
1070,59855,589c4636-4aca-4c47-a208-764ac4504595,f,27-null,4.753424658,angry6,happy1,Happy_1_pause_2,option2,en es,Rarely,Rarely,Rarely
1071,59855,589c4636-4aca-4c47-a208-764ac4504595,f,28-null,4.753424658,scared5,sad3,Sad_1_pause_2,option2,en es,Rarely,Rarely,Rarely
1072,59855,589c4636-4aca-4c47-a208-764ac4504595,f,29-null,4.753424658,scared2,angry4,Scared_1_pause_2,option1,en es,Rarely,Rarely,Rarely
1073,59855,589c4636-4aca-4c47-a208-764ac4504595,f,30-null,4.753424658,angry5_2,sad5,Angry_2_pause_2,option1,en es,Rarely,Rarely,Rarely
1074,59855,589c4636-4aca-4c47-a208-764ac4504595,f,31-null,4.753424658,scared1,sad4,Scared_1_pause_2,option1,en es,Rarely,Rarely,Rarely
1075,59855,589c4636-4aca-4c47-a208-764ac4504595,f,32-null,4.753424658,happy2,angry2,Angry_2_pause_2,option2,en es,Rarely,Rarely,Rarely
1076,59855,589c4636-4aca-4c47-a208-764ac4504595,f,33-null,4.753424658,scared6,happy6,Scared_2_pause_2,option1,en es,Rarely,Rarely,Rarely
1077,59855,589c4636-4aca-4c47-a208-764ac4504595,f,34-null,4.753424658,scared2,angry4,Angry_1_pause_2,option2,en es,Rarely,Rarely,Rarely
1078,59860,cc906475-2dfa-42a7-85a3-326091d37a59,m,11-null,4.194520548,angry6,sad3,Sad_1_pause_2,option2,,Often,Often,Often
1079,59860,cc906475-2dfa-42a7-85a3-326091d37a59,m,12-null,4.194520548,sad4,scared5,Scared_1_pause_2,option1,,Often,Often,Often
1080,59860,cc906475-2dfa-42a7-85a3-326091d37a59,m,13-null,4.194520548,angry4,sad3,Angry_1_pause_2,option1,,Often,Often,Often
1081,59860,cc906475-2dfa-42a7-85a3-326091d37a59,m,14-null,4.194520548,scared4,sad5,Sad_2_pause_2,option2,,Often,Often,Often
1082,59860,cc906475-2dfa-42a7-85a3-326091d37a59,m,16-null,4.194520548,angry1_2,sad4,Sad_2_pause_2,option2,,Often,Often,Often
1083,59860,cc906475-2dfa-42a7-85a3-326091d37a59,m,17-null,4.194520548,happy4,scared1,Happy_2_pause_2,option1,,Often,Often,Often
1084,59860,cc906475-2dfa-42a7-85a3-326091d37a59,m,18-null,4.194520548,happy6,angry6,Angry_2_pause_2,option2,,Often,Often,Often
1085,59860,cc906475-2dfa-42a7-85a3-326091d37a59,m,19-null,4.194520548,scared2,angry1_2,Angry_2_pause_2,option2,,Often,Often,Often
1086,59860,cc906475-2dfa-42a7-85a3-326091d37a59,m,20-null,4.194520548,scared2,sad5,Scared_1_pause_2,option1,,Often,Often,Often
1087,59860,cc906475-2dfa-42a7-85a3-326091d37a59,m,21-null,4.194520548,angry2,happy1,Happy_2_pause_2,option1,,Often,Often,Often
1088,59860,cc906475-2dfa-42a7-85a3-326091d37a59,m,22-null,4.194520548,sad1_2,happy2,Sad_1_pause_2,option1,,Often,Often,Often
1089,59860,cc906475-2dfa-42a7-85a3-326091d37a59,m,23-null,4.194520548,happy1,angry3,Angry_1_pause_2,option1,,Often,Often,Often
1090,59860,cc906475-2dfa-42a7-85a3-326091d37a59,m,24-null,4.194520548,happy3_2,scared6,Happy_2_pause_2,option2,,Often,Often,Often
1091,59860,cc906475-2dfa-42a7-85a3-326091d37a59,m,25-null,4.194520548,angry5_2,scared5,Angry_1_pause_2,option1,,Often,Often,Often
1092,59860,cc906475-2dfa-42a7-85a3-326091d37a59,m,26-null,4.194520548,angry5_2,scared1,Scared_2_pause_2,option1,,Often,Often,Often
1093,59860,cc906475-2dfa-42a7-85a3-326091d37a59,m,27-null,4.194520548,scared3,happy3_2,Scared_1_pause_2,option2,,Often,Often,Often
1094,59860,cc906475-2dfa-42a7-85a3-326091d37a59,m,28-null,4.194520548,sad2_2,scared3,Sad_1_pause_2,option2,,Often,Often,Often
1095,59860,cc906475-2dfa-42a7-85a3-326091d37a59,m,29-null,4.194520548,sad6,happy4,Sad_2_pause_2,option2,,Often,Often,Often
1096,59860,cc906475-2dfa-42a7-85a3-326091d37a59,m,30-null,4.194520548,happy6,sad6,Happy_1_pause_2,option2,,Often,Often,Often
1097,59860,cc906475-2dfa-42a7-85a3-326091d37a59,m,31-null,4.194520548,happy5,scared4,Scared_2_pause_2,option1,,Often,Often,Often
1098,59860,cc906475-2dfa-42a7-85a3-326091d37a59,m,32-null,4.194520548,scared6,angry3,Scared_2_pause_2,option2,,Often,Often,Often
1099,59860,cc906475-2dfa-42a7-85a3-326091d37a59,m,33-null,4.194520548,angry2,sad2_2,Angry_2_pause_2,option2,,Often,Often,Often
1100,59860,cc906475-2dfa-42a7-85a3-326091d37a59,m,34-null,4.194520548,sad1_2,happy5,Happy_1_pause_2,option1,,Often,Often,Often
1101,59872,9a0d1cc5-bf9f-491d-a1b2-c929d564c2ef,m,11-null,4.147945205,angry4,scared6,Scared_2_pause_2,option1,en it cmn,Always,Always,Often
1102,59872,9a0d1cc5-bf9f-491d-a1b2-c929d564c2ef,m,12-null,4.147945205,scared3,angry4,Angry_1_pause_2,option2,en it cmn,Always,Always,Often
1103,59872,9a0d1cc5-bf9f-491d-a1b2-c929d564c2ef,m,13-null,4.147945205,sad1_2,angry1_2,Angry_1_pause_2,option2,en it cmn,Always,Always,Often
1104,59872,9a0d1cc5-bf9f-491d-a1b2-c929d564c2ef,m,14-null,4.147945205,sad4,scared5,Scared_2_pause_2,option2,en it cmn,Always,Always,Often
1105,59872,9a0d1cc5-bf9f-491d-a1b2-c929d564c2ef,m,16-null,4.147945205,angry5_2,sad6,Angry_2_pause_2,option1,en it cmn,Always,Always,Often
1106,59872,9a0d1cc5-bf9f-491d-a1b2-c929d564c2ef,m,17-null,4.147945205,happy4,sad2_2,Sad_2_pause_2,option2,en it cmn,Always,Always,Often
1107,59872,9a0d1cc5-bf9f-491d-a1b2-c929d564c2ef,m,18-null,4.147945205,scared2,sad5,Scared_1_pause_2,option1,en it cmn,Always,Always,Often
1108,59872,9a0d1cc5-bf9f-491d-a1b2-c929d564c2ef,m,19-null,4.147945205,angry2,scared4,Angry_2_pause_2,option1,en it cmn,Always,Always,Often
1109,59872,9a0d1cc5-bf9f-491d-a1b2-c929d564c2ef,m,20-null,4.147945205,sad3,happy4,Happy_2_pause_2,option2,en it cmn,Always,Always,Often
1110,59872,9a0d1cc5-bf9f-491d-a1b2-c929d564c2ef,m,21-null,4.147945205,angry2,sad4,Sad_1_pause_2,option2,en it cmn,Always,Always,Often
1111,59872,9a0d1cc5-bf9f-491d-a1b2-c929d564c2ef,m,22-null,4.147945205,sad6,scared5,Sad_2_pause_2,option1,en it cmn,Always,Always,Often
1112,59872,9a0d1cc5-bf9f-491d-a1b2-c929d564c2ef,m,23-null,4.147945205,sad5,happy1,Sad_2_pause_2,option1,en it cmn,Always,Always,Often
1113,59872,9a0d1cc5-bf9f-491d-a1b2-c929d564c2ef,m,24-null,4.147945205,angry3,happy6,Angry_2_pause_2,option1,en it cmn,Always,Always,Often
1114,59872,9a0d1cc5-bf9f-491d-a1b2-c929d564c2ef,m,25-null,4.147945205,happy2,angry6,Angry_1_pause_2,option2,en it cmn,Always,Always,Often
1115,59872,9a0d1cc5-bf9f-491d-a1b2-c929d564c2ef,m,26-null,4.147945205,scared6,happy5,Happy_1_pause_2,option2,en it cmn,Always,Always,Often
1116,59872,9a0d1cc5-bf9f-491d-a1b2-c929d564c2ef,m,27-null,4.147945205,angry6,scared1,Scared_1_pause_2,option2,en it cmn,Always,Always,Often
1117,59872,9a0d1cc5-bf9f-491d-a1b2-c929d564c2ef,m,28-null,4.147945205,happy3_2,angry3,Happy_1_pause_2,option1,en it cmn,Always,Always,Often
1118,59872,9a0d1cc5-bf9f-491d-a1b2-c929d564c2ef,m,29-null,4.147945205,scared3,happy5,Scared_1_pause_2,option1,en it cmn,Always,Always,Often
1119,59872,9a0d1cc5-bf9f-491d-a1b2-c929d564c2ef,m,30-null,4.147945205,angry5_2,happy2,Happy_2_pause_2,option2,en it cmn,Always,Always,Often
1120,59872,9a0d1cc5-bf9f-491d-a1b2-c929d564c2ef,m,31-null,4.147945205,angry1_2,sad1_2,Sad_1_pause_2,option2,en it cmn,Always,Always,Often
1121,59872,9a0d1cc5-bf9f-491d-a1b2-c929d564c2ef,m,32-null,4.147945205,scared2,sad3,Sad_1_pause_2,option2,en it cmn,Always,Always,Often
1122,59872,9a0d1cc5-bf9f-491d-a1b2-c929d564c2ef,m,33-null,4.147945205,happy6,scared1,Happy_2_pause_2,option1,en it cmn,Always,Always,Often
1123,59872,9a0d1cc5-bf9f-491d-a1b2-c929d564c2ef,m,34-null,4.147945205,happy1,sad2_2,Happy_1_pause_2,option1,en it cmn,Always,Always,Often